<?xml version="1.0" encoding="UTF-8"?>
<gpx creator="Garmin Connect" version="1.1"
  xsi:schemaLocation="http://www.topografix.com/GPX/1/1 http://www.topografix.com/GPX/11.xsd"
  xmlns:ns3="http://www.garmin.com/xmlschemas/TrackPointExtension/v1"
  xmlns="http://www.topografix.com/GPX/1/1"
  xmlns:xsi="http://www.w3.org/2001/XMLSchema-instance" xmlns:ns2="http://www.garmin.com/xmlschemas/GpxExtensions/v3">
  <metadata>
    <link href="connect.garmin.com">
      <text>Garmin Connect</text>
    </link>
    <time>2022-10-17T17:42:14.000Z</time>
  </metadata>
  <trk>
    <name>Las Condes Carrera</name>
    <type>running</type>
    <trkseg>
      <trkpt lat="-33.38897793553769588470458984375" lon="-70.5382137559354305267333984375">
        <ele>759.4000244140625</ele>
        <time>2022-10-17T17:42:14.000Z</time>
        <extensions>
          <ns3:TrackPointExtension>
            <ns3:hr>79</ns3:hr>
            <ns3:cad>61</ns3:cad>
          </ns3:TrackPointExtension>
        </extensions>
      </trkpt>
      <trkpt lat="-33.38899872265756130218505859375" lon="-70.53824502043426036834716796875">
        <ele>759.4000244140625</ele>
        <time>2022-10-17T17:42:21.000Z</time>
        <extensions>
          <ns3:TrackPointExtension>
            <ns3:hr>76</ns3:hr>
            <ns3:cad>0</ns3:cad>
          </ns3:TrackPointExtension>
        </extensions>
      </trkpt>
      <trkpt lat="-33.38906250894069671630859375" lon="-70.5382923781871795654296875">
        <ele>759.4000244140625</ele>
        <time>2022-10-17T17:42:31.000Z</time>
        <extensions>
          <ns3:TrackPointExtension>
            <ns3:hr>79</ns3:hr>
            <ns3:cad>61</ns3:cad>
          </ns3:TrackPointExtension>
        </extensions>
      </trkpt>
      <trkpt lat="-33.38913920335471630096435546875" lon="-70.53834007121622562408447265625">
        <ele>759.20001220703125</ele>
        <time>2022-10-17T17:42:36.000Z</time>
        <extensions>
          <ns3:TrackPointExtension>
            <ns3:hr>83</ns3:hr>
            <ns3:cad>53</ns3:cad>
          </ns3:TrackPointExtension>
        </extensions>
      </trkpt>
      <trkpt lat="-33.38917591609060764312744140625" lon="-70.53835499100387096405029296875">
        <ele>759.20001220703125</ele>
        <time>2022-10-17T17:42:38.000Z</time>
        <extensions>
          <ns3:TrackPointExtension>
            <ns3:hr>87</ns3:hr>
            <ns3:cad>53</ns3:cad>
          </ns3:TrackPointExtension>
        </extensions>
      </trkpt>
      <trkpt lat="-33.38925202377140522003173828125" lon="-70.53831442259252071380615234375">
        <ele>759</ele>
        <time>2022-10-17T17:42:41.000Z</time>
        <extensions>
          <ns3:TrackPointExtension>
            <ns3:hr>90</ns3:hr>
            <ns3:cad>80</ns3:cad>
          </ns3:TrackPointExtension>
        </extensions>
      </trkpt>
      <trkpt lat="-33.38930700905621051788330078125" lon="-70.5382389016449451446533203125">
        <ele>759</ele>
        <time>2022-10-17T17:42:44.000Z</time>
        <extensions>
          <ns3:TrackPointExtension>
            <ns3:hr>90</ns3:hr>
            <ns3:cad>79</ns3:cad>
          </ns3:TrackPointExtension>
        </extensions>
      </trkpt>
      <trkpt lat="-33.389336764812469482421875" lon="-70.53817930631339550018310546875">
        <ele>759</ele>
        <time>2022-10-17T17:42:46.000Z</time>
        <extensions>
          <ns3:TrackPointExtension>
            <ns3:hr>93</ns3:hr>
            <ns3:cad>79</ns3:cad>
          </ns3:TrackPointExtension>
        </extensions>
      </trkpt>
      <trkpt lat="-33.3893520198762416839599609375" lon="-70.5381500534713268280029296875">
        <ele>759</ele>
        <time>2022-10-17T17:42:47.000Z</time>
        <extensions>
          <ns3:TrackPointExtension>
            <ns3:hr>96</ns3:hr>
            <ns3:cad>80</ns3:cad>
          </ns3:TrackPointExtension>
        </extensions>
      </trkpt>
      <trkpt lat="-33.3893661014735698699951171875" lon="-70.53812046535313129425048828125">
        <ele>759</ele>
        <time>2022-10-17T17:42:48.000Z</time>
        <extensions>
          <ns3:TrackPointExtension>
            <ns3:hr>100</ns3:hr>
            <ns3:cad>80</ns3:cad>
          </ns3:TrackPointExtension>
        </extensions>
      </trkpt>
      <trkpt lat="-33.3894287981092929840087890625" lon="-70.53797847591340541839599609375">
        <ele>759.20001220703125</ele>
        <time>2022-10-17T17:42:53.000Z</time>
        <extensions>
          <ns3:TrackPointExtension>
            <ns3:hr>103</ns3:hr>
            <ns3:cad>81</ns3:cad>
          </ns3:TrackPointExtension>
        </extensions>
      </trkpt>
      <trkpt lat="-33.38944966904819011688232421875" lon="-70.537920556962490081787109375">
        <ele>759.4000244140625</ele>
        <time>2022-10-17T17:42:55.000Z</time>
        <extensions>
          <ns3:TrackPointExtension>
            <ns3:hr>106</ns3:hr>
            <ns3:cad>82</ns3:cad>
          </ns3:TrackPointExtension>
        </extensions>
      </trkpt>
      <trkpt lat="-33.38948202319443225860595703125" lon="-70.5378332175314426422119140625">
        <ele>759.79998779296875</ele>
        <time>2022-10-17T17:42:58.000Z</time>
        <extensions>
          <ns3:TrackPointExtension>
            <ns3:hr>109</ns3:hr>
            <ns3:cad>81</ns3:cad>
          </ns3:TrackPointExtension>
        </extensions>
      </trkpt>
      <trkpt lat="-33.38949434459209442138671875" lon="-70.5378055572509765625">
        <ele>760</ele>
        <time>2022-10-17T17:42:59.000Z</time>
        <extensions>
          <ns3:TrackPointExtension>
            <ns3:hr>112</ns3:hr>
            <ns3:cad>80</ns3:cad>
          </ns3:TrackPointExtension>
        </extensions>
      </trkpt>
      <trkpt lat="-33.38951789774000644683837890625" lon="-70.53774881176650524139404296875">
        <ele>760.20001220703125</ele>
        <time>2022-10-17T17:43:01.000Z</time>
        <extensions>
          <ns3:TrackPointExtension>
            <ns3:hr>115</ns3:hr>
            <ns3:cad>80</ns3:cad>
          </ns3:TrackPointExtension>
        </extensions>
      </trkpt>
      <trkpt lat="-33.389563076198101043701171875" lon="-70.5376652441918849945068359375">
        <ele>760.5999755859375</ele>
        <time>2022-10-17T17:43:04.000Z</time>
        <extensions>
          <ns3:TrackPointExtension>
            <ns3:hr>118</ns3:hr>
            <ns3:cad>81</ns3:cad>
          </ns3:TrackPointExtension>
        </extensions>
      </trkpt>
      <trkpt lat="-33.3896755613386631011962890625" lon="-70.53747841157019138336181640625">
        <ele>761.4000244140625</ele>
        <time>2022-10-17T17:43:11.000Z</time>
        <extensions>
          <ns3:TrackPointExtension>
            <ns3:hr>120</ns3:hr>
            <ns3:cad>83</ns3:cad>
          </ns3:TrackPointExtension>
        </extensions>
      </trkpt>
      <trkpt lat="-33.38976616971194744110107421875" lon="-70.5372790060937404632568359375">
        <ele>762</ele>
        <time>2022-10-17T17:43:18.000Z</time>
        <extensions>
          <ns3:TrackPointExtension>
            <ns3:hr>121</ns3:hr>
            <ns3:cad>84</ns3:cad>
          </ns3:TrackPointExtension>
        </extensions>
      </trkpt>
      <trkpt lat="-33.3898535929620265960693359375" lon="-70.537072978913784027099609375">
        <ele>762.5999755859375</ele>
        <time>2022-10-17T17:43:25.000Z</time>
        <extensions>
          <ns3:TrackPointExtension>
            <ns3:hr>123</ns3:hr>
            <ns3:cad>81</ns3:cad>
          </ns3:TrackPointExtension>
        </extensions>
      </trkpt>
      <trkpt lat="-33.3898951672017574310302734375" lon="-70.5369869805872440338134765625">
        <ele>762.79998779296875</ele>
        <time>2022-10-17T17:43:28.000Z</time>
        <extensions>
          <ns3:TrackPointExtension>
            <ns3:hr>126</ns3:hr>
            <ns3:cad>80</ns3:cad>
          </ns3:TrackPointExtension>
        </extensions>
      </trkpt>
      <trkpt lat="-33.3899380825459957122802734375" lon="-70.536890588700771331787109375">
        <ele>762.79998779296875</ele>
        <time>2022-10-17T17:43:31.000Z</time>
        <extensions>
          <ns3:TrackPointExtension>
            <ns3:hr>129</ns3:hr>
            <ns3:cad>82</ns3:cad>
          </ns3:TrackPointExtension>
        </extensions>
      </trkpt>
      <trkpt lat="-33.39003522880375385284423828125" lon="-70.53672621957957744598388671875">
        <ele>762.79998779296875</ele>
        <time>2022-10-17T17:43:37.000Z</time>
        <extensions>
          <ns3:TrackPointExtension>
            <ns3:hr>130</ns3:hr>
            <ns3:cad>83</ns3:cad>
          </ns3:TrackPointExtension>
        </extensions>
      </trkpt>
      <trkpt lat="-33.3902391605079174041748046875" lon="-70.536735355854034423828125">
        <ele>762.5999755859375</ele>
        <time>2022-10-17T17:43:45.000Z</time>
        <extensions>
          <ns3:TrackPointExtension>
            <ns3:hr>130</ns3:hr>
            <ns3:cad>83</ns3:cad>
          </ns3:TrackPointExtension>
        </extensions>
      </trkpt>
      <trkpt lat="-33.3904270827770233154296875" lon="-70.53677282296121120452880859375">
        <ele>762.4000244140625</ele>
        <time>2022-10-17T17:43:52.000Z</time>
        <extensions>
          <ns3:TrackPointExtension>
            <ns3:hr>131</ns3:hr>
            <ns3:cad>83</ns3:cad>
          </ns3:TrackPointExtension>
        </extensions>
      </trkpt>
      <trkpt lat="-33.3905378915369510650634765625" lon="-70.53691305220127105712890625">
        <ele>762.4000244140625</ele>
        <time>2022-10-17T17:43:58.000Z</time>
        <extensions>
          <ns3:TrackPointExtension>
            <ns3:hr>131</ns3:hr>
            <ns3:cad>80</ns3:cad>
          </ns3:TrackPointExtension>
        </extensions>
      </trkpt>
      <trkpt lat="-33.39060385711491107940673828125" lon="-70.53700315766036510467529296875">
        <ele>762.20001220703125</ele>
        <time>2022-10-17T17:44:02.000Z</time>
        <extensions>
          <ns3:TrackPointExtension>
            <ns3:hr>132</ns3:hr>
            <ns3:cad>81</ns3:cad>
          </ns3:TrackPointExtension>
        </extensions>
      </trkpt>
      <trkpt lat="-33.39073126204311847686767578125" lon="-70.5370057560503482818603515625">
        <ele>762.20001220703125</ele>
        <time>2022-10-17T17:44:07.000Z</time>
        <extensions>
          <ns3:TrackPointExtension>
            <ns3:hr>132</ns3:hr>
            <ns3:cad>80</ns3:cad>
          </ns3:TrackPointExtension>
        </extensions>
      </trkpt>
      <trkpt lat="-33.39090342633426189422607421875" lon="-70.5371053330600261688232421875">
        <ele>762</ele>
        <time>2022-10-17T17:44:14.000Z</time>
        <extensions>
          <ns3:TrackPointExtension>
            <ns3:hr>131</ns3:hr>
            <ns3:cad>81</ns3:cad>
          </ns3:TrackPointExtension>
        </extensions>
      </trkpt>
      <trkpt lat="-33.39099411852657794952392578125" lon="-70.53718470968306064605712890625">
        <ele>762</ele>
        <time>2022-10-17T17:44:18.000Z</time>
        <extensions>
          <ns3:TrackPointExtension>
            <ns3:hr>134</ns3:hr>
            <ns3:cad>81</ns3:cad>
          </ns3:TrackPointExtension>
        </extensions>
      </trkpt>
      <trkpt lat="-33.3911625109612941741943359375" lon="-70.53731270134449005126953125">
        <ele>761.20001220703125</ele>
        <time>2022-10-17T17:44:25.000Z</time>
        <extensions>
          <ns3:TrackPointExtension>
            <ns3:hr>134</ns3:hr>
            <ns3:cad>82</ns3:cad>
          </ns3:TrackPointExtension>
        </extensions>
      </trkpt>
      <trkpt lat="-33.39133576489984989166259765625" lon="-70.53743608295917510986328125">
        <ele>760.5999755859375</ele>
        <time>2022-10-17T17:44:32.000Z</time>
        <extensions>
          <ns3:TrackPointExtension>
            <ns3:hr>134</ns3:hr>
            <ns3:cad>83</ns3:cad>
          </ns3:TrackPointExtension>
        </extensions>
      </trkpt>
      <trkpt lat="-33.3915088512003421783447265625" lon="-70.5375720374286174774169921875">
        <ele>760</ele>
        <time>2022-10-17T17:44:39.000Z</time>
        <extensions>
          <ns3:TrackPointExtension>
            <ns3:hr>133</ns3:hr>
            <ns3:cad>81</ns3:cad>
          </ns3:TrackPointExtension>
        </extensions>
      </trkpt>
      <trkpt lat="-33.39169668965041637420654296875" lon="-70.53771905601024627685546875">
        <ele>759.20001220703125</ele>
        <time>2022-10-17T17:44:47.000Z</time>
        <extensions>
          <ns3:TrackPointExtension>
            <ns3:hr>131</ns3:hr>
            <ns3:cad>82</ns3:cad>
          </ns3:TrackPointExtension>
        </extensions>
      </trkpt>
      <trkpt lat="-33.391875810921192169189453125" lon="-70.537839420139789581298828125">
        <ele>758.5999755859375</ele>
        <time>2022-10-17T17:44:54.000Z</time>
        <extensions>
          <ns3:TrackPointExtension>
            <ns3:hr>131</ns3:hr>
            <ns3:cad>81</ns3:cad>
          </ns3:TrackPointExtension>
        </extensions>
      </trkpt>
      <trkpt lat="-33.392036743462085723876953125" lon="-70.53799306042492389678955078125">
        <ele>758.4000244140625</ele>
        <time>2022-10-17T17:45:01.000Z</time>
        <extensions>
          <ns3:TrackPointExtension>
            <ns3:hr>131</ns3:hr>
            <ns3:cad>80</ns3:cad>
          </ns3:TrackPointExtension>
        </extensions>
      </trkpt>
      <trkpt lat="-33.3922233246266841888427734375" lon="-70.5381021089851856231689453125">
        <ele>758.4000244140625</ele>
        <time>2022-10-17T17:45:08.000Z</time>
        <extensions>
          <ns3:TrackPointExtension>
            <ns3:hr>130</ns3:hr>
            <ns3:cad>82</ns3:cad>
          </ns3:TrackPointExtension>
        </extensions>
      </trkpt>
      <trkpt lat="-33.39238987304270267486572265625" lon="-70.5381931364536285400390625">
        <ele>758.4000244140625</ele>
        <time>2022-10-17T17:45:14.000Z</time>
        <extensions>
          <ns3:TrackPointExtension>
            <ns3:hr>128</ns3:hr>
            <ns3:cad>80</ns3:cad>
          </ns3:TrackPointExtension>
        </extensions>
      </trkpt>
      <trkpt lat="-33.39255047030746936798095703125" lon="-70.53831073455512523651123046875">
        <ele>758.5999755859375</ele>
        <time>2022-10-17T17:45:21.000Z</time>
        <extensions>
          <ns3:TrackPointExtension>
            <ns3:hr>129</ns3:hr>
            <ns3:cad>82</ns3:cad>
          </ns3:TrackPointExtension>
        </extensions>
      </trkpt>
      <trkpt lat="-33.39271810837090015411376953125" lon="-70.53844015114009380340576171875">
        <ele>758.5999755859375</ele>
        <time>2022-10-17T17:45:28.000Z</time>
        <extensions>
          <ns3:TrackPointExtension>
            <ns3:hr>127</ns3:hr>
            <ns3:cad>82</ns3:cad>
          </ns3:TrackPointExtension>
        </extensions>
      </trkpt>
      <trkpt lat="-33.39288524352014064788818359375" lon="-70.5385691486299037933349609375">
        <ele>758.5999755859375</ele>
        <time>2022-10-17T17:45:35.000Z</time>
        <extensions>
          <ns3:TrackPointExtension>
            <ns3:hr>127</ns3:hr>
            <ns3:cad>83</ns3:cad>
          </ns3:TrackPointExtension>
        </extensions>
      </trkpt>
      <trkpt lat="-33.39303888380527496337890625" lon="-70.53869814611971378326416015625">
        <ele>758.5999755859375</ele>
        <time>2022-10-17T17:45:42.000Z</time>
        <extensions>
          <ns3:TrackPointExtension>
            <ns3:hr>129</ns3:hr>
            <ns3:cad>82</ns3:cad>
          </ns3:TrackPointExtension>
        </extensions>
      </trkpt>
      <trkpt lat="-33.39313535951077938079833984375" lon="-70.5387703143060207366943359375">
        <ele>758.5999755859375</ele>
        <time>2022-10-17T17:45:46.000Z</time>
        <extensions>
          <ns3:TrackPointExtension>
            <ns3:hr>132</ns3:hr>
            <ns3:cad>81</ns3:cad>
          </ns3:TrackPointExtension>
        </extensions>
      </trkpt>
      <trkpt lat="-33.39333937503397464752197265625" lon="-70.53890526294708251953125">
        <ele>758.5999755859375</ele>
        <time>2022-10-17T17:45:54.000Z</time>
        <extensions>
          <ns3:TrackPointExtension>
            <ns3:hr>133</ns3:hr>
            <ns3:cad>81</ns3:cad>
          </ns3:TrackPointExtension>
        </extensions>
      </trkpt>
      <trkpt lat="-33.3934698812663555145263671875" lon="-70.53901766426861286163330078125">
        <ele>758.5999755859375</ele>
        <time>2022-10-17T17:46:00.000Z</time>
        <extensions>
          <ns3:TrackPointExtension>
            <ns3:hr>130</ns3:hr>
            <ns3:cad>82</ns3:cad>
          </ns3:TrackPointExtension>
        </extensions>
      </trkpt>
      <trkpt lat="-33.39363475330173969268798828125" lon="-70.53915093652904033660888671875">
        <ele>758</ele>
        <time>2022-10-17T17:46:07.000Z</time>
        <extensions>
          <ns3:TrackPointExtension>
            <ns3:hr>128</ns3:hr>
            <ns3:cad>83</ns3:cad>
          </ns3:TrackPointExtension>
        </extensions>
      </trkpt>
      <trkpt lat="-33.393811695277690887451171875" lon="-70.53926241584122180938720703125">
        <ele>757.5999755859375</ele>
        <time>2022-10-17T17:46:14.000Z</time>
        <extensions>
          <ns3:TrackPointExtension>
            <ns3:hr>129</ns3:hr>
            <ns3:cad>83</ns3:cad>
          </ns3:TrackPointExtension>
        </extensions>
      </trkpt>
      <trkpt lat="-33.39399266056716442108154296875" lon="-70.53938202559947967529296875">
        <ele>757</ele>
        <time>2022-10-17T17:46:21.000Z</time>
        <extensions>
          <ns3:TrackPointExtension>
            <ns3:hr>129</ns3:hr>
            <ns3:cad>82</ns3:cad>
          </ns3:TrackPointExtension>
        </extensions>
      </trkpt>
      <trkpt lat="-33.39415392838418483734130859375" lon="-70.53947816602885723114013671875">
        <ele>757</ele>
        <time>2022-10-17T17:46:27.000Z</time>
        <extensions>
          <ns3:TrackPointExtension>
            <ns3:hr>130</ns3:hr>
            <ns3:cad>83</ns3:cad>
          </ns3:TrackPointExtension>
        </extensions>
      </trkpt>
      <trkpt lat="-33.39435006491839885711669921875" lon="-70.53956449963152408599853515625">
        <ele>757</ele>
        <time>2022-10-17T17:46:34.000Z</time>
        <extensions>
          <ns3:TrackPointExtension>
            <ns3:hr>132</ns3:hr>
            <ns3:cad>82</ns3:cad>
          </ns3:TrackPointExtension>
        </extensions>
      </trkpt>
      <trkpt lat="-33.3945576846599578857421875" lon="-70.5396339856088161468505859375">
        <ele>756.5999755859375</ele>
        <time>2022-10-17T17:46:41.000Z</time>
        <extensions>
          <ns3:TrackPointExtension>
            <ns3:hr>130</ns3:hr>
            <ns3:cad>85</ns3:cad>
          </ns3:TrackPointExtension>
        </extensions>
      </trkpt>
      <trkpt lat="-33.3947466127574443817138671875" lon="-70.53969978354871273040771484375">
        <ele>756.20001220703125</ele>
        <time>2022-10-17T17:46:48.000Z</time>
        <extensions>
          <ns3:TrackPointExtension>
            <ns3:hr>128</ns3:hr>
            <ns3:cad>83</ns3:cad>
          </ns3:TrackPointExtension>
        </extensions>
      </trkpt>
      <trkpt lat="-33.39493495412170886993408203125" lon="-70.53975057788193225860595703125">
        <ele>756</ele>
        <time>2022-10-17T17:46:54.000Z</time>
        <extensions>
          <ns3:TrackPointExtension>
            <ns3:hr>128</ns3:hr>
            <ns3:cad>84</ns3:cad>
          </ns3:TrackPointExtension>
        </extensions>
      </trkpt>
      <trkpt lat="-33.39505213312804698944091796875" lon="-70.53976717405021190643310546875">
        <ele>756</ele>
        <time>2022-10-17T17:46:58.000Z</time>
        <extensions>
          <ns3:TrackPointExtension>
            <ns3:hr>125</ns3:hr>
            <ns3:cad>84</ns3:cad>
          </ns3:TrackPointExtension>
        </extensions>
      </trkpt>
      <trkpt lat="-33.39525396935641765594482421875" lon="-70.539804138243198394775390625">
        <ele>755.5999755859375</ele>
        <time>2022-10-17T17:47:05.000Z</time>
        <extensions>
          <ns3:TrackPointExtension>
            <ns3:hr>128</ns3:hr>
            <ns3:cad>81</ns3:cad>
          </ns3:TrackPointExtension>
        </extensions>
      </trkpt>
      <trkpt lat="-33.39545496739447116851806640625" lon="-70.53983808495104312896728515625">
        <ele>754.5999755859375</ele>
        <time>2022-10-17T17:47:12.000Z</time>
        <extensions>
          <ns3:TrackPointExtension>
            <ns3:hr>130</ns3:hr>
            <ns3:cad>84</ns3:cad>
          </ns3:TrackPointExtension>
        </extensions>
      </trkpt>
      <trkpt lat="-33.39561975561082363128662109375" lon="-70.53985971026122570037841796875">
        <ele>753.5999755859375</ele>
        <time>2022-10-17T17:47:18.000Z</time>
        <extensions>
          <ns3:TrackPointExtension>
            <ns3:hr>133</ns3:hr>
            <ns3:cad>82</ns3:cad>
          </ns3:TrackPointExtension>
        </extensions>
      </trkpt>
      <trkpt lat="-33.3958027325570583343505859375" lon="-70.53987865336239337921142578125">
        <ele>752.5999755859375</ele>
        <time>2022-10-17T17:47:26.000Z</time>
        <extensions>
          <ns3:TrackPointExtension>
            <ns3:hr>131</ns3:hr>
            <ns3:cad>84</ns3:cad>
          </ns3:TrackPointExtension>
        </extensions>
      </trkpt>
      <trkpt lat="-33.39600096456706523895263671875" lon="-70.539886616170406341552734375">
        <ele>751.79998779296875</ele>
        <time>2022-10-17T17:47:34.000Z</time>
        <extensions>
          <ns3:TrackPointExtension>
            <ns3:hr>129</ns3:hr>
            <ns3:cad>82</ns3:cad>
          </ns3:TrackPointExtension>
        </extensions>
      </trkpt>
      <trkpt lat="-33.3961966820061206817626953125" lon="-70.5398911423981189727783203125">
        <ele>751.5999755859375</ele>
        <time>2022-10-17T17:47:41.000Z</time>
        <extensions>
          <ns3:TrackPointExtension>
            <ns3:hr>130</ns3:hr>
            <ns3:cad>84</ns3:cad>
          </ns3:TrackPointExtension>
        </extensions>
      </trkpt>
      <trkpt lat="-33.39638133533298969268798828125" lon="-70.53987865336239337921142578125">
        <ele>752</ele>
        <time>2022-10-17T17:47:47.000Z</time>
        <extensions>
          <ns3:TrackPointExtension>
            <ns3:hr>129</ns3:hr>
            <ns3:cad>82</ns3:cad>
          </ns3:TrackPointExtension>
        </extensions>
      </trkpt>
      <trkpt lat="-33.39657143689692020416259765625" lon="-70.53987815044820308685302734375">
        <ele>752.20001220703125</ele>
        <time>2022-10-17T17:47:53.000Z</time>
        <extensions>
          <ns3:TrackPointExtension>
            <ns3:hr>128</ns3:hr>
            <ns3:cad>83</ns3:cad>
          </ns3:TrackPointExtension>
        </extensions>
      </trkpt>
      <trkpt lat="-33.396786935627460479736328125" lon="-70.53987580351531505584716796875">
        <ele>752.5999755859375</ele>
        <time>2022-10-17T17:48:00.000Z</time>
        <extensions>
          <ns3:TrackPointExtension>
            <ns3:hr>128</ns3:hr>
            <ns3:cad>84</ns3:cad>
          </ns3:TrackPointExtension>
        </extensions>
      </trkpt>
      <trkpt lat="-33.39698483236134052276611328125" lon="-70.539862811565399169921875">
        <ele>752.4000244140625</ele>
        <time>2022-10-17T17:48:07.000Z</time>
        <extensions>
          <ns3:TrackPointExtension>
            <ns3:hr>125</ns3:hr>
            <ns3:cad>84</ns3:cad>
          </ns3:TrackPointExtension>
        </extensions>
      </trkpt>
      <trkpt lat="-33.39716655202209949493408203125" lon="-70.539865158498287200927734375">
        <ele>752.20001220703125</ele>
        <time>2022-10-17T17:48:13.000Z</time>
        <extensions>
          <ns3:TrackPointExtension>
            <ns3:hr>126</ns3:hr>
            <ns3:cad>82</ns3:cad>
          </ns3:TrackPointExtension>
        </extensions>
      </trkpt>
      <trkpt lat="-33.39737408794462680816650390625" lon="-70.53987689316272735595703125">
        <ele>751.79998779296875</ele>
        <time>2022-10-17T17:48:20.000Z</time>
        <extensions>
          <ns3:TrackPointExtension>
            <ns3:hr>127</ns3:hr>
            <ns3:cad>84</ns3:cad>
          </ns3:TrackPointExtension>
        </extensions>
      </trkpt>
      <trkpt lat="-33.39757977984845638275146484375" lon="-70.53990547545254230499267578125">
        <ele>751.4000244140625</ele>
        <time>2022-10-17T17:48:27.000Z</time>
        <extensions>
          <ns3:TrackPointExtension>
            <ns3:hr>128</ns3:hr>
            <ns3:cad>84</ns3:cad>
          </ns3:TrackPointExtension>
        </extensions>
      </trkpt>
      <trkpt lat="-33.39776820503175258636474609375" lon="-70.539942942559719085693359375">
        <ele>750.5999755859375</ele>
        <time>2022-10-17T17:48:33.000Z</time>
        <extensions>
          <ns3:TrackPointExtension>
            <ns3:hr>128</ns3:hr>
            <ns3:cad>83</ns3:cad>
          </ns3:TrackPointExtension>
        </extensions>
      </trkpt>
      <trkpt lat="-33.397963754832744598388671875" lon="-70.53995241411030292510986328125">
        <ele>749.79998779296875</ele>
        <time>2022-10-17T17:48:40.000Z</time>
        <extensions>
          <ns3:TrackPointExtension>
            <ns3:hr>128</ns3:hr>
            <ns3:cad>82</ns3:cad>
          </ns3:TrackPointExtension>
        </extensions>
      </trkpt>
      <trkpt lat="-33.3981557004153728485107421875" lon="-70.53994285874068737030029296875">
        <ele>749.20001220703125</ele>
        <time>2022-10-17T17:48:47.000Z</time>
        <extensions>
          <ns3:TrackPointExtension>
            <ns3:hr>131</ns3:hr>
            <ns3:cad>82</ns3:cad>
          </ns3:TrackPointExtension>
        </extensions>
      </trkpt>
      <trkpt lat="-33.398362062871456146240234375" lon="-70.5399524979293346405029296875">
        <ele>748.4000244140625</ele>
        <time>2022-10-17T17:48:54.000Z</time>
        <extensions>
          <ns3:TrackPointExtension>
            <ns3:hr>132</ns3:hr>
            <ns3:cad>83</ns3:cad>
          </ns3:TrackPointExtension>
        </extensions>
      </trkpt>
      <trkpt lat="-33.3985654078423976898193359375" lon="-70.5399511568248271942138671875">
        <ele>747.79998779296875</ele>
        <time>2022-10-17T17:49:01.000Z</time>
        <extensions>
          <ns3:TrackPointExtension>
            <ns3:hr>132</ns3:hr>
            <ns3:cad>82</ns3:cad>
          </ns3:TrackPointExtension>
        </extensions>
      </trkpt>
      <trkpt lat="-33.39875039644539356231689453125" lon="-70.53995291702449321746826171875">
        <ele>747</ele>
        <time>2022-10-17T17:49:07.000Z</time>
        <extensions>
          <ns3:TrackPointExtension>
            <ns3:hr>132</ns3:hr>
            <ns3:cad>81</ns3:cad>
          </ns3:TrackPointExtension>
        </extensions>
      </trkpt>
      <trkpt lat="-33.39896027930080890655517578125" lon="-70.5399633944034576416015625">
        <ele>747</ele>
        <time>2022-10-17T17:49:14.000Z</time>
        <extensions>
          <ns3:TrackPointExtension>
            <ns3:hr>133</ns3:hr>
            <ns3:cad>82</ns3:cad>
          </ns3:TrackPointExtension>
        </extensions>
      </trkpt>
      <trkpt lat="-33.399019204080104827880859375" lon="-70.53996783681213855743408203125">
        <ele>747.20001220703125</ele>
        <time>2022-10-17T17:49:16.000Z</time>
        <extensions>
          <ns3:TrackPointExtension>
            <ns3:hr>130</ns3:hr>
            <ns3:cad>83</ns3:cad>
          </ns3:TrackPointExtension>
        </extensions>
      </trkpt>
      <trkpt lat="-33.3992577530443668365478515625" lon="-70.5399716086685657501220703125">
        <ele>747.4000244140625</ele>
        <time>2022-10-17T17:49:24.000Z</time>
        <extensions>
          <ns3:TrackPointExtension>
            <ns3:hr>132</ns3:hr>
            <ns3:cad>84</ns3:cad>
          </ns3:TrackPointExtension>
        </extensions>
      </trkpt>
      <trkpt lat="-33.39943838305771350860595703125" lon="-70.53999868221580982208251953125">
        <ele>747</ele>
        <time>2022-10-17T17:49:30.000Z</time>
        <extensions>
          <ns3:TrackPointExtension>
            <ns3:hr>131</ns3:hr>
            <ns3:cad>82</ns3:cad>
          </ns3:TrackPointExtension>
        </extensions>
      </trkpt>
      <trkpt lat="-33.399529494345188140869140625" lon="-70.54001209326088428497314453125">
        <ele>747</ele>
        <time>2022-10-17T17:49:33.000Z</time>
        <extensions>
          <ns3:TrackPointExtension>
            <ns3:hr>134</ns3:hr>
            <ns3:cad>83</ns3:cad>
          </ns3:TrackPointExtension>
        </extensions>
      </trkpt>
      <trkpt lat="-33.399713225662708282470703125" lon="-70.54000890813767910003662109375">
        <ele>747</ele>
        <time>2022-10-17T17:49:39.000Z</time>
        <extensions>
          <ns3:TrackPointExtension>
            <ns3:hr>132</ns3:hr>
            <ns3:cad>84</ns3:cad>
          </ns3:TrackPointExtension>
        </extensions>
      </trkpt>
      <trkpt lat="-33.399915061891078948974609375" lon="-70.5400118418037891387939453125">
        <ele>747</ele>
        <time>2022-10-17T17:49:46.000Z</time>
        <extensions>
          <ns3:TrackPointExtension>
            <ns3:hr>133</ns3:hr>
            <ns3:cad>83</ns3:cad>
          </ns3:TrackPointExtension>
        </extensions>
      </trkpt>
      <trkpt lat="-33.40000323951244354248046875" lon="-70.5400051362812519073486328125">
        <ele>747</ele>
        <time>2022-10-17T17:49:49.000Z</time>
        <extensions>
          <ns3:TrackPointExtension>
            <ns3:hr>130</ns3:hr>
            <ns3:cad>83</ns3:cad>
          </ns3:TrackPointExtension>
        </extensions>
      </trkpt>
      <trkpt lat="-33.40020013041794300079345703125" lon="-70.5399980954825878143310546875">
        <ele>747</ele>
        <time>2022-10-17T17:49:56.000Z</time>
        <extensions>
          <ns3:TrackPointExtension>
            <ns3:hr>130</ns3:hr>
            <ns3:cad>81</ns3:cad>
          </ns3:TrackPointExtension>
        </extensions>
      </trkpt>
      <trkpt lat="-33.4002139605581760406494140625" lon="-70.53999516181647777557373046875">
        <ele>747</ele>
        <time>2022-10-17T17:49:57.000Z</time>
        <extensions>
          <ns3:TrackPointExtension>
            <ns3:hr>129</ns3:hr>
            <ns3:cad>81</ns3:cad>
          </ns3:TrackPointExtension>
        </extensions>
      </trkpt>
      <trkpt lat="-33.400417976081371307373046875" lon="-70.53999834693968296051025390625">
        <ele>746.79998779296875</ele>
        <time>2022-10-17T17:50:05.000Z</time>
        <extensions>
          <ns3:TrackPointExtension>
            <ns3:hr>130</ns3:hr>
            <ns3:cad>82</ns3:cad>
          </ns3:TrackPointExtension>
        </extensions>
      </trkpt>
      <trkpt lat="-33.40060271322727203369140625" lon="-70.5399991013109683990478515625">
        <ele>746.5999755859375</ele>
        <time>2022-10-17T17:50:11.000Z</time>
        <extensions>
          <ns3:TrackPointExtension>
            <ns3:hr>130</ns3:hr>
            <ns3:cad>81</ns3:cad>
          </ns3:TrackPointExtension>
        </extensions>
      </trkpt>
      <trkpt lat="-33.40081552974879741668701171875" lon="-70.53997672162950038909912109375">
        <ele>747</ele>
        <time>2022-10-17T17:50:18.000Z</time>
        <extensions>
          <ns3:TrackPointExtension>
            <ns3:hr>132</ns3:hr>
            <ns3:cad>81</ns3:cad>
          </ns3:TrackPointExtension>
        </extensions>
      </trkpt>
      <trkpt lat="-33.401008732616901397705078125" lon="-70.53991972468793392181396484375">
        <ele>747.79998779296875</ele>
        <time>2022-10-17T17:50:25.000Z</time>
        <extensions>
          <ns3:TrackPointExtension>
            <ns3:hr>133</ns3:hr>
            <ns3:cad>84</ns3:cad>
          </ns3:TrackPointExtension>
        </extensions>
      </trkpt>
      <trkpt lat="-33.4012003429234027862548828125" lon="-70.5398851074278354644775390625">
        <ele>748</ele>
        <time>2022-10-17T17:50:32.000Z</time>
        <extensions>
          <ns3:TrackPointExtension>
            <ns3:hr>133</ns3:hr>
            <ns3:cad>85</ns3:cad>
          </ns3:TrackPointExtension>
        </extensions>
      </trkpt>
      <trkpt lat="-33.40140176005661487579345703125" lon="-70.5398472212255001068115234375">
        <ele>748.20001220703125</ele>
        <time>2022-10-17T17:50:40.000Z</time>
        <extensions>
          <ns3:TrackPointExtension>
            <ns3:hr>134</ns3:hr>
            <ns3:cad>81</ns3:cad>
          </ns3:TrackPointExtension>
        </extensions>
      </trkpt>
      <trkpt lat="-33.401593454182147979736328125" lon="-70.53979064337909221649169921875">
        <ele>748.79998779296875</ele>
        <time>2022-10-17T17:50:48.000Z</time>
        <extensions>
          <ns3:TrackPointExtension>
            <ns3:hr>132</ns3:hr>
            <ns3:cad>80</ns3:cad>
          </ns3:TrackPointExtension>
        </extensions>
      </trkpt>
      <trkpt lat="-33.401777856051921844482421875" lon="-70.5397791601717472076416015625">
        <ele>748.5999755859375</ele>
        <time>2022-10-17T17:50:55.000Z</time>
        <extensions>
          <ns3:TrackPointExtension>
            <ns3:hr>133</ns3:hr>
            <ns3:cad>81</ns3:cad>
          </ns3:TrackPointExtension>
        </extensions>
      </trkpt>
      <trkpt lat="-33.40195228345692157745361328125" lon="-70.53970816545188426971435546875">
        <ele>749</ele>
        <time>2022-10-17T17:51:02.000Z</time>
        <extensions>
          <ns3:TrackPointExtension>
            <ns3:hr>135</ns3:hr>
            <ns3:cad>83</ns3:cad>
          </ns3:TrackPointExtension>
        </extensions>
      </trkpt>
      <trkpt lat="-33.4021367691457271575927734375" lon="-70.5396281182765960693359375">
        <ele>750</ele>
        <time>2022-10-17T17:51:09.000Z</time>
        <extensions>
          <ns3:TrackPointExtension>
            <ns3:hr>137</ns3:hr>
            <ns3:cad>84</ns3:cad>
          </ns3:TrackPointExtension>
        </extensions>
      </trkpt>
      <trkpt lat="-33.40232829563319683074951171875" lon="-70.53954295814037322998046875">
        <ele>751.4000244140625</ele>
        <time>2022-10-17T17:51:16.000Z</time>
        <extensions>
          <ns3:TrackPointExtension>
            <ns3:hr>138</ns3:hr>
            <ns3:cad>83</ns3:cad>
          </ns3:TrackPointExtension>
        </extensions>
      </trkpt>
      <trkpt lat="-33.402520157396793365478515625" lon="-70.53945737890899181365966796875">
        <ele>751.79998779296875</ele>
        <time>2022-10-17T17:51:23.000Z</time>
        <extensions>
          <ns3:TrackPointExtension>
            <ns3:hr>140</ns3:hr>
            <ns3:cad>85</ns3:cad>
          </ns3:TrackPointExtension>
        </extensions>
      </trkpt>
      <trkpt lat="-33.402711264789104461669921875" lon="-70.5393706262111663818359375">
        <ele>750.5999755859375</ele>
        <time>2022-10-17T17:51:30.000Z</time>
        <extensions>
          <ns3:TrackPointExtension>
            <ns3:hr>139</ns3:hr>
            <ns3:cad>85</ns3:cad>
          </ns3:TrackPointExtension>
        </extensions>
      </trkpt>
      <trkpt lat="-33.4028968401253223419189453125" lon="-70.5392795987427234649658203125">
        <ele>751</ele>
        <time>2022-10-17T17:51:37.000Z</time>
        <extensions>
          <ns3:TrackPointExtension>
            <ns3:hr>138</ns3:hr>
            <ns3:cad>84</ns3:cad>
          </ns3:TrackPointExtension>
        </extensions>
      </trkpt>
      <trkpt lat="-33.40308585204184055328369140625" lon="-70.53920944221317768096923828125">
        <ele>750.79998779296875</ele>
        <time>2022-10-17T17:51:44.000Z</time>
        <extensions>
          <ns3:TrackPointExtension>
            <ns3:hr>137</ns3:hr>
            <ns3:cad>84</ns3:cad>
          </ns3:TrackPointExtension>
        </extensions>
      </trkpt>
      <trkpt lat="-33.4031970798969268798828125" lon="-70.53915814496576786041259765625">
        <ele>750.4000244140625</ele>
        <time>2022-10-17T17:51:49.000Z</time>
        <extensions>
          <ns3:TrackPointExtension>
            <ns3:hr>134</ns3:hr>
            <ns3:cad>84</ns3:cad>
          </ns3:TrackPointExtension>
        </extensions>
      </trkpt>
      <trkpt lat="-33.4031985886394977569580078125" lon="-70.5391562171280384063720703125">
        <ele>750.4000244140625</ele>
        <time>2022-10-17T17:51:50.000Z</time>
        <extensions>
          <ns3:TrackPointExtension>
            <ns3:hr>134</ns3:hr>
            <ns3:cad>84</ns3:cad>
          </ns3:TrackPointExtension>
        </extensions>
      </trkpt>
      <trkpt lat="-33.40319682843983173370361328125" lon="-70.539155043661594390869140625">
        <ele>750.4000244140625</ele>
        <time>2022-10-17T17:51:54.000Z</time>
        <extensions>
          <ns3:TrackPointExtension>
            <ns3:hr>127</ns3:hr>
            <ns3:cad>0</ns3:cad>
          </ns3:TrackPointExtension>
        </extensions>
      </trkpt>
      <trkpt lat="-33.4031999297440052032470703125" lon="-70.53915026597678661346435546875">
        <ele>750.4000244140625</ele>
        <time>2022-10-17T17:51:56.000Z</time>
        <extensions>
          <ns3:TrackPointExtension>
            <ns3:hr>123</ns3:hr>
            <ns3:cad>0</ns3:cad>
          </ns3:TrackPointExtension>
        </extensions>
      </trkpt>
      <trkpt lat="-33.40326069854199886322021484375" lon="-70.53911472670733928680419921875">
        <ele>750.20001220703125</ele>
        <time>2022-10-17T17:51:59.000Z</time>
        <extensions>
          <ns3:TrackPointExtension>
            <ns3:hr>119</ns3:hr>
            <ns3:cad>0</ns3:cad>
          </ns3:TrackPointExtension>
        </extensions>
      </trkpt>
      <trkpt lat="-33.4033337049186229705810546875" lon="-70.5390690453350543975830078125">
        <ele>750</ele>
        <time>2022-10-17T17:52:02.000Z</time>
        <extensions>
          <ns3:TrackPointExtension>
            <ns3:hr>112</ns3:hr>
            <ns3:cad>80</ns3:cad>
          </ns3:TrackPointExtension>
        </extensions>
      </trkpt>
      <trkpt lat="-33.40335407294332981109619140625" lon="-70.539049766957759857177734375">
        <ele>750</ele>
        <time>2022-10-17T17:52:03.000Z</time>
        <extensions>
          <ns3:TrackPointExtension>
            <ns3:hr>112</ns3:hr>
            <ns3:cad>80</ns3:cad>
          </ns3:TrackPointExtension>
        </extensions>
      </trkpt>
      <trkpt lat="-33.403373770415782928466796875" lon="-70.53903660736978054046630859375">
        <ele>750</ele>
        <time>2022-10-17T17:52:04.000Z</time>
        <extensions>
          <ns3:TrackPointExtension>
            <ns3:hr>116</ns3:hr>
            <ns3:cad>80</ns3:cad>
          </ns3:TrackPointExtension>
        </extensions>
      </trkpt>
      <trkpt lat="-33.40339832939207553863525390625" lon="-70.5390207655727863311767578125">
        <ele>750</ele>
        <time>2022-10-17T17:52:05.000Z</time>
        <extensions>
          <ns3:TrackPointExtension>
            <ns3:hr>119</ns3:hr>
            <ns3:cad>79</ns3:cad>
          </ns3:TrackPointExtension>
        </extensions>
      </trkpt>
      <trkpt lat="-33.40344158001244068145751953125" lon="-70.53898715414106845855712890625">
        <ele>750</ele>
        <time>2022-10-17T17:52:07.000Z</time>
        <extensions>
          <ns3:TrackPointExtension>
            <ns3:hr>124</ns3:hr>
            <ns3:cad>80</ns3:cad>
          </ns3:TrackPointExtension>
        </extensions>
      </trkpt>
      <trkpt lat="-33.40347996912896633148193359375" lon="-70.5389607511460781097412109375">
        <ele>749.79998779296875</ele>
        <time>2022-10-17T17:52:09.000Z</time>
        <extensions>
          <ns3:TrackPointExtension>
            <ns3:hr>127</ns3:hr>
            <ns3:cad>80</ns3:cad>
          </ns3:TrackPointExtension>
        </extensions>
      </trkpt>
      <trkpt lat="-33.4036445058882236480712890625" lon="-70.538863353431224822998046875">
        <ele>749.79998779296875</ele>
        <time>2022-10-17T17:52:17.000Z</time>
        <extensions>
          <ns3:TrackPointExtension>
            <ns3:hr>129</ns3:hr>
            <ns3:cad>80</ns3:cad>
          </ns3:TrackPointExtension>
        </extensions>
      </trkpt>
      <trkpt lat="-33.403659760951995849609375" lon="-70.53885404951870441436767578125">
        <ele>749.79998779296875</ele>
        <time>2022-10-17T17:52:19.000Z</time>
        <extensions>
          <ns3:TrackPointExtension>
            <ns3:hr>130</ns3:hr>
            <ns3:cad>78</ns3:cad>
          </ns3:TrackPointExtension>
        </extensions>
      </trkpt>
      <trkpt lat="-33.40365833602845668792724609375" lon="-70.53884767927229404449462890625">
        <ele>749.79998779296875</ele>
        <time>2022-10-17T17:52:28.000Z</time>
        <extensions>
          <ns3:TrackPointExtension>
            <ns3:hr>127</ns3:hr>
            <ns3:cad>0</ns3:cad>
          </ns3:TrackPointExtension>
        </extensions>
      </trkpt>
      <trkpt lat="-33.403656072914600372314453125" lon="-70.53884767927229404449462890625">
        <ele>750</ele>
        <time>2022-10-17T17:52:29.000Z</time>
        <extensions>
          <ns3:TrackPointExtension>
            <ns3:hr>123</ns3:hr>
            <ns3:cad>0</ns3:cad>
          </ns3:TrackPointExtension>
        </extensions>
      </trkpt>
      <trkpt lat="-33.40365733020007610321044921875" lon="-70.5388470925390720367431640625">
        <ele>750</ele>
        <time>2022-10-17T17:52:30.000Z</time>
        <extensions>
          <ns3:TrackPointExtension>
            <ns3:hr>123</ns3:hr>
            <ns3:cad>60</ns3:cad>
          </ns3:TrackPointExtension>
        </extensions>
      </trkpt>
      <trkpt lat="-33.4036569111049175262451171875" lon="-70.53884566761553287506103515625">
        <ele>750</ele>
        <time>2022-10-17T17:52:34.000Z</time>
        <extensions>
          <ns3:TrackPointExtension>
            <ns3:hr>120</ns3:hr>
            <ns3:cad>0</ns3:cad>
          </ns3:TrackPointExtension>
        </extensions>
      </trkpt>
      <trkpt lat="-33.4036612696945667266845703125" lon="-70.53884583525359630584716796875">
        <ele>749.79998779296875</ele>
        <time>2022-10-17T17:52:38.000Z</time>
        <extensions>
          <ns3:TrackPointExtension>
            <ns3:hr>117</ns3:hr>
            <ns3:cad>0</ns3:cad>
          </ns3:TrackPointExtension>
        </extensions>
      </trkpt>
      <trkpt lat="-33.403650037944316864013671875" lon="-70.5388370342552661895751953125">
        <ele>750</ele>
        <time>2022-10-17T17:52:48.000Z</time>
        <extensions>
          <ns3:TrackPointExtension>
            <ns3:hr>114</ns3:hr>
            <ns3:cad>0</ns3:cad>
          </ns3:TrackPointExtension>
        </extensions>
      </trkpt>
      <trkpt lat="-33.403664119541645050048828125" lon="-70.538845248520374298095703125">
        <ele>749.79998779296875</ele>
        <time>2022-10-17T17:52:53.000Z</time>
        <extensions>
          <ns3:TrackPointExtension>
            <ns3:hr>111</ns3:hr>
            <ns3:cad>61</ns3:cad>
          </ns3:TrackPointExtension>
        </extensions>
      </trkpt>
      <trkpt lat="-33.40371818281710147857666015625" lon="-70.53882722742855548858642578125">
        <ele>749.79998779296875</ele>
        <time>2022-10-17T17:52:59.000Z</time>
        <extensions>
          <ns3:TrackPointExtension>
            <ns3:hr>109</ns3:hr>
            <ns3:cad>0</ns3:cad>
          </ns3:TrackPointExtension>
        </extensions>
      </trkpt>
      <trkpt lat="-33.4037095494568347930908203125" lon="-70.5388249643146991729736328125">
        <ele>749.79998779296875</ele>
        <time>2022-10-17T17:53:07.000Z</time>
        <extensions>
          <ns3:TrackPointExtension>
            <ns3:hr>102</ns3:hr>
            <ns3:cad>0</ns3:cad>
          </ns3:TrackPointExtension>
        </extensions>
      </trkpt>
      <trkpt lat="-33.403713069856166839599609375" lon="-70.538839213550090789794921875">
        <ele>749.5999755859375</ele>
        <time>2022-10-17T17:53:19.000Z</time>
        <extensions>
          <ns3:TrackPointExtension>
            <ns3:hr>105</ns3:hr>
            <ns3:cad>0</ns3:cad>
          </ns3:TrackPointExtension>
        </extensions>
      </trkpt>
      <trkpt lat="-33.40371851809322834014892578125" lon="-70.5388219468295574188232421875">
        <ele>749.79998779296875</ele>
        <time>2022-10-17T17:53:39.000Z</time>
        <extensions>
          <ns3:TrackPointExtension>
            <ns3:hr>101</ns3:hr>
            <ns3:cad>0</ns3:cad>
          </ns3:TrackPointExtension>
        </extensions>
      </trkpt>
      <trkpt lat="-33.40371499769389629364013671875" lon="-70.53883376531302928924560546875">
        <ele>749.5999755859375</ele>
        <time>2022-10-17T17:53:45.000Z</time>
        <extensions>
          <ns3:TrackPointExtension>
            <ns3:hr>98</ns3:hr>
            <ns3:cad>0</ns3:cad>
          </ns3:TrackPointExtension>
        </extensions>
      </trkpt>
      <trkpt lat="-33.40371214784681797027587890625" lon="-70.5388467572629451751708984375">
        <ele>749.5999755859375</ele>
        <time>2022-10-17T17:54:02.000Z</time>
        <extensions>
          <ns3:TrackPointExtension>
            <ns3:hr>95</ns3:hr>
            <ns3:cad>0</ns3:cad>
          </ns3:TrackPointExtension>
        </extensions>
      </trkpt>
      <trkpt lat="-33.40371801517903804779052734375" lon="-70.53883158601820468902587890625">
        <ele>749.5999755859375</ele>
        <time>2022-10-17T17:54:28.000Z</time>
        <extensions>
          <ns3:TrackPointExtension>
            <ns3:hr>99</ns3:hr>
            <ns3:cad>0</ns3:cad>
          </ns3:TrackPointExtension>
        </extensions>
      </trkpt>
      <trkpt lat="-33.40371851809322834014892578125" lon="-70.53883695043623447418212890625">
        <ele>749.5999755859375</ele>
        <time>2022-10-17T17:54:38.000Z</time>
        <extensions>
          <ns3:TrackPointExtension>
            <ns3:hr>95</ns3:hr>
            <ns3:cad>0</ns3:cad>
          </ns3:TrackPointExtension>
        </extensions>
      </trkpt>
      <trkpt lat="-33.40372036211192607879638671875" lon="-70.53883845917880535125732421875">
        <ele>749.5999755859375</ele>
        <time>2022-10-17T17:54:40.000Z</time>
        <extensions>
          <ns3:TrackPointExtension>
            <ns3:hr>92</ns3:hr>
            <ns3:cad>0</ns3:cad>
          </ns3:TrackPointExtension>
        </extensions>
      </trkpt>
      <trkpt lat="-33.40373327024281024932861328125" lon="-70.53884482942521572113037109375">
        <ele>749.4000244140625</ele>
        <time>2022-10-17T17:54:49.000Z</time>
        <extensions>
          <ns3:TrackPointExtension>
            <ns3:hr>85</ns3:hr>
            <ns3:cad>0</ns3:cad>
          </ns3:TrackPointExtension>
        </extensions>
      </trkpt>
      <trkpt lat="-33.4037346951663494110107421875" lon="-70.5388437397778034210205078125">
        <ele>749.4000244140625</ele>
        <time>2022-10-17T17:54:50.000Z</time>
        <extensions>
          <ns3:TrackPointExtension>
            <ns3:hr>82</ns3:hr>
            <ns3:cad>0</ns3:cad>
          </ns3:TrackPointExtension>
        </extensions>
      </trkpt>
      <trkpt lat="-33.40374014340341091156005859375" lon="-70.5388390459120273590087890625">
        <ele>749.4000244140625</ele>
        <time>2022-10-17T17:54:57.000Z</time>
        <extensions>
          <ns3:TrackPointExtension>
            <ns3:hr>85</ns3:hr>
            <ns3:cad>0</ns3:cad>
          </ns3:TrackPointExtension>
        </extensions>
      </trkpt>
      <trkpt lat="-33.4037179313600063323974609375" lon="-70.53880007006227970123291015625">
        <ele>750</ele>
        <time>2022-10-17T17:55:19.000Z</time>
        <extensions>
          <ns3:TrackPointExtension>
            <ns3:hr>81</ns3:hr>
            <ns3:cad>0</ns3:cad>
          </ns3:TrackPointExtension>
        </extensions>
      </trkpt>
      <trkpt lat="-33.40371667407453060150146484375" lon="-70.5388019979000091552734375">
        <ele>750</ele>
        <time>2022-10-17T17:55:22.000Z</time>
        <extensions>
          <ns3:TrackPointExtension>
            <ns3:hr>84</ns3:hr>
            <ns3:cad>0</ns3:cad>
          </ns3:TrackPointExtension>
        </extensions>
      </trkpt>
      <trkpt lat="-33.40371415950357913970947265625" lon="-70.53880644030869007110595703125">
        <ele>750</ele>
        <time>2022-10-17T17:55:26.000Z</time>
        <extensions>
          <ns3:TrackPointExtension>
            <ns3:hr>87</ns3:hr>
            <ns3:cad>0</ns3:cad>
          </ns3:TrackPointExtension>
        </extensions>
      </trkpt>
      <trkpt lat="-33.40370980091392993927001953125" lon="-70.5388014949858188629150390625">
        <ele>750</ele>
        <time>2022-10-17T17:55:32.000Z</time>
        <extensions>
          <ns3:TrackPointExtension>
            <ns3:hr>91</ns3:hr>
            <ns3:cad>0</ns3:cad>
          </ns3:TrackPointExtension>
        </extensions>
      </trkpt>
      <trkpt lat="-33.40371072292327880859375" lon="-70.53877878002822399139404296875">
        <ele>750.20001220703125</ele>
        <time>2022-10-17T17:55:35.000Z</time>
        <extensions>
          <ns3:TrackPointExtension>
            <ns3:hr>94</ns3:hr>
            <ns3:cad>0</ns3:cad>
          </ns3:TrackPointExtension>
        </extensions>
      </trkpt>
      <trkpt lat="-33.40370762161910533905029296875" lon="-70.5387756787240505218505859375">
        <ele>750.20001220703125</ele>
        <time>2022-10-17T17:55:38.000Z</time>
        <extensions>
          <ns3:TrackPointExtension>
            <ns3:hr>94</ns3:hr>
            <ns3:cad>61</ns3:cad>
          </ns3:TrackPointExtension>
        </extensions>
      </trkpt>
      <trkpt lat="-33.4037066996097564697265625" lon="-70.5387740023434162139892578125">
        <ele>750.20001220703125</ele>
        <time>2022-10-17T17:55:45.000Z</time>
        <extensions>
          <ns3:TrackPointExtension>
            <ns3:hr>98</ns3:hr>
            <ns3:cad>64</ns3:cad>
          </ns3:TrackPointExtension>
        </extensions>
      </trkpt>
      <trkpt lat="-33.4036428295075893402099609375" lon="-70.5387086234986782073974609375">
        <ele>751.4000244140625</ele>
        <time>2022-10-17T17:55:58.000Z</time>
        <extensions>
          <ns3:TrackPointExtension>
            <ns3:hr>95</ns3:hr>
            <ns3:cad>62</ns3:cad>
          </ns3:TrackPointExtension>
        </extensions>
      </trkpt>
      <trkpt lat="-33.40362665243446826934814453125" lon="-70.53869613446295261383056640625">
        <ele>751.5999755859375</ele>
        <time>2022-10-17T17:56:05.000Z</time>
        <extensions>
          <ns3:TrackPointExtension>
            <ns3:hr>92</ns3:hr>
            <ns3:cad>0</ns3:cad>
          </ns3:TrackPointExtension>
        </extensions>
      </trkpt>
      <trkpt lat="-33.4036354534327983856201171875" lon="-70.5386620201170444488525390625">
        <ele>751.79998779296875</ele>
        <time>2022-10-17T17:56:17.000Z</time>
        <extensions>
          <ns3:TrackPointExtension>
            <ns3:hr>95</ns3:hr>
            <ns3:cad>0</ns3:cad>
          </ns3:TrackPointExtension>
        </extensions>
      </trkpt>
      <trkpt lat="-33.40363520197570323944091796875" lon="-70.53866260685026645660400390625">
        <ele>751.79998779296875</ele>
        <time>2022-10-17T17:56:18.000Z</time>
        <extensions>
          <ns3:TrackPointExtension>
            <ns3:hr>98</ns3:hr>
            <ns3:cad>0</ns3:cad>
          </ns3:TrackPointExtension>
        </extensions>
      </trkpt>
      <trkpt lat="-33.403633274137973785400390625" lon="-70.5386573262512683868408203125">
        <ele>751.79998779296875</ele>
        <time>2022-10-17T17:56:24.000Z</time>
        <extensions>
          <ns3:TrackPointExtension>
            <ns3:hr>101</ns3:hr>
            <ns3:cad>0</ns3:cad>
          </ns3:TrackPointExtension>
        </extensions>
      </trkpt>
      <trkpt lat="-33.4035958908498287200927734375" lon="-70.53860276006162166595458984375">
        <ele>752.5999755859375</ele>
        <time>2022-10-17T17:56:35.000Z</time>
        <extensions>
          <ns3:TrackPointExtension>
            <ns3:hr>104</ns3:hr>
            <ns3:cad>0</ns3:cad>
          </ns3:TrackPointExtension>
        </extensions>
      </trkpt>
      <trkpt lat="-33.40352891944348812103271484375" lon="-70.5385433323681354522705078125">
        <ele>753.5999755859375</ele>
        <time>2022-10-17T17:56:38.000Z</time>
        <extensions>
          <ns3:TrackPointExtension>
            <ns3:hr>107</ns3:hr>
            <ns3:cad>0</ns3:cad>
          </ns3:TrackPointExtension>
        </extensions>
      </trkpt>
      <trkpt lat="-33.40339128859341144561767578125" lon="-70.538446269929409027099609375">
        <ele>756.79998779296875</ele>
        <time>2022-10-17T17:56:44.000Z</time>
        <extensions>
          <ns3:TrackPointExtension>
            <ns3:hr>110</ns3:hr>
            <ns3:cad>83</ns3:cad>
          </ns3:TrackPointExtension>
        </extensions>
      </trkpt>
      <trkpt lat="-33.403330855071544647216796875" lon="-70.53840796463191509246826171875">
        <ele>758.4000244140625</ele>
        <time>2022-10-17T17:56:47.000Z</time>
        <extensions>
          <ns3:TrackPointExtension>
            <ns3:hr>118</ns3:hr>
            <ns3:cad>83</ns3:cad>
          </ns3:TrackPointExtension>
        </extensions>
      </trkpt>
      <trkpt lat="-33.40330998413264751434326171875" lon="-70.5383944697678089141845703125">
        <ele>759</ele>
        <time>2022-10-17T17:56:48.000Z</time>
        <extensions>
          <ns3:TrackPointExtension>
            <ns3:hr>118</ns3:hr>
            <ns3:cad>82</ns3:cad>
          </ns3:TrackPointExtension>
        </extensions>
      </trkpt>
      <trkpt lat="-33.40325365774333477020263671875" lon="-70.53835264407098293304443359375">
        <ele>760.5999755859375</ele>
        <time>2022-10-17T17:56:52.000Z</time>
        <extensions>
          <ns3:TrackPointExtension>
            <ns3:hr>119</ns3:hr>
            <ns3:cad>78</ns3:cad>
          </ns3:TrackPointExtension>
        </extensions>
      </trkpt>
      <trkpt lat="-33.4032384864985942840576171875" lon="-70.53834124468266963958740234375">
        <ele>761</ele>
        <time>2022-10-17T17:56:54.000Z</time>
        <extensions>
          <ns3:TrackPointExtension>
            <ns3:hr>119</ns3:hr>
            <ns3:cad>78</ns3:cad>
          </ns3:TrackPointExtension>
        </extensions>
      </trkpt>
      <trkpt lat="-33.40321308933198451995849609375" lon="-70.53831073455512523651123046875">
        <ele>762</ele>
        <time>2022-10-17T17:56:58.000Z</time>
        <extensions>
          <ns3:TrackPointExtension>
            <ns3:hr>122</ns3:hr>
            <ns3:cad>63</ns3:cad>
          </ns3:TrackPointExtension>
        </extensions>
      </trkpt>
      <trkpt lat="-33.403190039098262786865234375" lon="-70.538285337388515472412109375">
        <ele>762.5999755859375</ele>
        <time>2022-10-17T17:57:02.000Z</time>
        <extensions>
          <ns3:TrackPointExtension>
            <ns3:hr>123</ns3:hr>
            <ns3:cad>62</ns3:cad>
          </ns3:TrackPointExtension>
        </extensions>
      </trkpt>
      <trkpt lat="-33.40315843932330608367919921875" lon="-70.53825994022190570831298828125">
        <ele>763.5999755859375</ele>
        <time>2022-10-17T17:57:07.000Z</time>
        <extensions>
          <ns3:TrackPointExtension>
            <ns3:hr>126</ns3:hr>
            <ns3:cad>62</ns3:cad>
          </ns3:TrackPointExtension>
        </extensions>
      </trkpt>
      <trkpt lat="-33.40314771048724651336669921875" lon="-70.53825172595679759979248046875">
        <ele>763.79998779296875</ele>
        <time>2022-10-17T17:57:09.000Z</time>
        <extensions>
          <ns3:TrackPointExtension>
            <ns3:hr>129</ns3:hr>
            <ns3:cad>62</ns3:cad>
          </ns3:TrackPointExtension>
        </extensions>
      </trkpt>
      <trkpt lat="-33.403131701052188873291015625" lon="-70.53823932074010372161865234375">
        <ele>764.4000244140625</ele>
        <time>2022-10-17T17:57:12.000Z</time>
        <extensions>
          <ns3:TrackPointExtension>
            <ns3:hr>132</ns3:hr>
            <ns3:cad>62</ns3:cad>
          </ns3:TrackPointExtension>
        </extensions>
      </trkpt>
      <trkpt lat="-33.4031003527343273162841796875" lon="-70.5382211320102214813232421875">
        <ele>765.20001220703125</ele>
        <time>2022-10-17T17:57:15.000Z</time>
        <extensions>
          <ns3:TrackPointExtension>
            <ns3:hr>135</ns3:hr>
            <ns3:cad>53</ns3:cad>
          </ns3:TrackPointExtension>
        </extensions>
      </trkpt>
      <trkpt lat="-33.40298342518508434295654296875" lon="-70.53818651475012302398681640625">
        <ele>768</ele>
        <time>2022-10-17T17:57:29.000Z</time>
        <extensions>
          <ns3:TrackPointExtension>
            <ns3:hr>138</ns3:hr>
            <ns3:cad>62</ns3:cad>
          </ns3:TrackPointExtension>
        </extensions>
      </trkpt>
      <trkpt lat="-33.402953334152698516845703125" lon="-70.5381728522479534149169921875">
        <ele>768.79998779296875</ele>
        <time>2022-10-17T17:57:34.000Z</time>
        <extensions>
          <ns3:TrackPointExtension>
            <ns3:hr>141</ns3:hr>
            <ns3:cad>0</ns3:cad>
          </ns3:TrackPointExtension>
        </extensions>
      </trkpt>
      <trkpt lat="-33.4028448723256587982177734375" lon="-70.538187436759471893310546875">
        <ele>771</ele>
        <time>2022-10-17T17:57:46.000Z</time>
        <extensions>
          <ns3:TrackPointExtension>
            <ns3:hr>144</ns3:hr>
            <ns3:cad>0</ns3:cad>
          </ns3:TrackPointExtension>
        </extensions>
      </trkpt>
      <trkpt lat="-33.40265569277107715606689453125" lon="-70.5382120795547962188720703125">
        <ele>772.20001220703125</ele>
        <time>2022-10-17T17:58:08.000Z</time>
        <extensions>
          <ns3:TrackPointExtension>
            <ns3:hr>144</ns3:hr>
            <ns3:cad>0</ns3:cad>
          </ns3:TrackPointExtension>
        </extensions>
      </trkpt>
      <trkpt lat="-33.4025828540325164794921875" lon="-70.53818869404494762420654296875">
        <ele>774.79998779296875</ele>
        <time>2022-10-17T17:58:17.000Z</time>
        <extensions>
          <ns3:TrackPointExtension>
            <ns3:hr>143</ns3:hr>
            <ns3:cad>0</ns3:cad>
          </ns3:TrackPointExtension>
        </extensions>
      </trkpt>
      <trkpt lat="-33.4024103544652462005615234375" lon="-70.538140833377838134765625">
        <ele>781.20001220703125</ele>
        <time>2022-10-17T17:58:44.000Z</time>
        <extensions>
          <ns3:TrackPointExtension>
            <ns3:hr>144</ns3:hr>
            <ns3:cad>56</ns3:cad>
          </ns3:TrackPointExtension>
        </extensions>
      </trkpt>
      <trkpt lat="-33.40223056264221668243408203125" lon="-70.53812004625797271728515625">
        <ele>787</ele>
        <time>2022-10-17T17:59:10.000Z</time>
        <extensions>
          <ns3:TrackPointExtension>
            <ns3:hr>142</ns3:hr>
            <ns3:cad>54</ns3:cad>
          </ns3:TrackPointExtension>
        </extensions>
      </trkpt>
      <trkpt lat="-33.402189910411834716796875" lon="-70.53808987140655517578125">
        <ele>788.79998779296875</ele>
        <time>2022-10-17T17:59:16.000Z</time>
        <extensions>
          <ns3:TrackPointExtension>
            <ns3:hr>141</ns3:hr>
            <ns3:cad>58</ns3:cad>
          </ns3:TrackPointExtension>
        </extensions>
      </trkpt>
      <trkpt lat="-33.4020170755684375762939453125" lon="-70.53806179203093051910400390625">
        <ele>794.79998779296875</ele>
        <time>2022-10-17T17:59:33.000Z</time>
        <extensions>
          <ns3:TrackPointExtension>
            <ns3:hr>143</ns3:hr>
            <ns3:cad>0</ns3:cad>
          </ns3:TrackPointExtension>
        </extensions>
      </trkpt>
      <trkpt lat="-33.40182923711836338043212890625" lon="-70.5380456149578094482421875">
        <ele>800.4000244140625</ele>
        <time>2022-10-17T17:59:55.000Z</time>
        <extensions>
          <ns3:TrackPointExtension>
            <ns3:hr>143</ns3:hr>
            <ns3:cad>56</ns3:cad>
          </ns3:TrackPointExtension>
        </extensions>
      </trkpt>
      <trkpt lat="-33.40166126377880573272705078125" lon="-70.5379854328930377960205078125">
        <ele>805.20001220703125</ele>
        <time>2022-10-17T18:00:12.000Z</time>
        <extensions>
          <ns3:TrackPointExtension>
            <ns3:hr>144</ns3:hr>
            <ns3:cad>53</ns3:cad>
          </ns3:TrackPointExtension>
        </extensions>
      </trkpt>
      <trkpt lat="-33.40152648277580738067626953125" lon="-70.53782793693244457244873046875">
        <ele>810</ele>
        <time>2022-10-17T18:00:21.000Z</time>
        <extensions>
          <ns3:TrackPointExtension>
            <ns3:hr>145</ns3:hr>
            <ns3:cad>65</ns3:cad>
          </ns3:TrackPointExtension>
        </extensions>
      </trkpt>
      <trkpt lat="-33.40151038952171802520751953125" lon="-70.53780480287969112396240234375">
        <ele>810.5999755859375</ele>
        <time>2022-10-17T18:00:22.000Z</time>
        <extensions>
          <ns3:TrackPointExtension>
            <ns3:hr>145</ns3:hr>
            <ns3:cad>73</ns3:cad>
          </ns3:TrackPointExtension>
        </extensions>
      </trkpt>
      <trkpt lat="-33.4014590084552764892578125" lon="-70.53774763830006122589111328125">
        <ele>812.4000244140625</ele>
        <time>2022-10-17T18:00:27.000Z</time>
        <extensions>
          <ns3:TrackPointExtension>
            <ns3:hr>145</ns3:hr>
            <ns3:cad>71</ns3:cad>
          </ns3:TrackPointExtension>
        </extensions>
      </trkpt>
      <trkpt lat="-33.401337303221225738525390625" lon="-70.53757153451442718505859375">
        <ele>817.4000244140625</ele>
        <time>2022-10-17T18:00:36.000Z</time>
        <extensions>
          <ns3:TrackPointExtension>
            <ns3:hr>145</ns3:hr>
            <ns3:cad>77</ns3:cad>
          </ns3:TrackPointExtension>
        </extensions>
      </trkpt>
      <trkpt lat="-33.4011715091764926910400390625" lon="-70.53734933026134967803955078125">
        <ele>823.79998779296875</ele>
        <time>2022-10-17T18:00:46.000Z</time>
        <extensions>
          <ns3:TrackPointExtension>
            <ns3:hr>145</ns3:hr>
            <ns3:cad>82</ns3:cad>
          </ns3:TrackPointExtension>
        </extensions>
      </trkpt>
      <trkpt lat="-33.4010390751063823699951171875" lon="-70.53716895170509815216064453125">
        <ele>828.4000244140625</ele>
        <time>2022-10-17T18:00:54.000Z</time>
        <extensions>
          <ns3:TrackPointExtension>
            <ns3:hr>143</ns3:hr>
            <ns3:cad>82</ns3:cad>
          </ns3:TrackPointExtension>
        </extensions>
      </trkpt>
      <trkpt lat="-33.40089649893343448638916015625" lon="-70.5370344221591949462890625">
        <ele>829.20001220703125</ele>
        <time>2022-10-17T18:01:01.000Z</time>
        <extensions>
          <ns3:TrackPointExtension>
            <ns3:hr>143</ns3:hr>
            <ns3:cad>83</ns3:cad>
          </ns3:TrackPointExtension>
        </extensions>
      </trkpt>
      <trkpt lat="-33.40071243233978748321533203125" lon="-70.5368922650814056396484375">
        <ele>831</ele>
        <time>2022-10-17T18:01:08.000Z</time>
        <extensions>
          <ns3:TrackPointExtension>
            <ns3:hr>141</ns3:hr>
            <ns3:cad>84</ns3:cad>
          </ns3:TrackPointExtension>
        </extensions>
      </trkpt>
      <trkpt lat="-33.4005613066256046295166015625" lon="-70.53675605915486812591552734375">
        <ele>832.20001220703125</ele>
        <time>2022-10-17T18:01:14.000Z</time>
        <extensions>
          <ns3:TrackPointExtension>
            <ns3:hr>141</ns3:hr>
            <ns3:cad>81</ns3:cad>
          </ns3:TrackPointExtension>
        </extensions>
      </trkpt>
      <trkpt lat="-33.40040397830307483673095703125" lon="-70.53659479133784770965576171875">
        <ele>832.79998779296875</ele>
        <time>2022-10-17T18:01:21.000Z</time>
        <extensions>
          <ns3:TrackPointExtension>
            <ns3:hr>144</ns3:hr>
            <ns3:cad>83</ns3:cad>
          </ns3:TrackPointExtension>
        </extensions>
      </trkpt>
      <trkpt lat="-33.4002317301928997039794921875" lon="-70.53645196370780467987060546875">
        <ele>834</ele>
        <time>2022-10-17T18:01:28.000Z</time>
        <extensions>
          <ns3:TrackPointExtension>
            <ns3:hr>145</ns3:hr>
            <ns3:cad>84</ns3:cad>
          </ns3:TrackPointExtension>
        </extensions>
      </trkpt>
      <trkpt lat="-33.40009066276252269744873046875" lon="-70.53631651215255260467529296875">
        <ele>834.79998779296875</ele>
        <time>2022-10-17T18:01:34.000Z</time>
        <extensions>
          <ns3:TrackPointExtension>
            <ns3:hr>145</ns3:hr>
            <ns3:cad>85</ns3:cad>
          </ns3:TrackPointExtension>
        </extensions>
      </trkpt>
      <trkpt lat="-33.40001606382429599761962890625" lon="-70.53624811582267284393310546875">
        <ele>834.5999755859375</ele>
        <time>2022-10-17T18:01:37.000Z</time>
        <extensions>
          <ns3:TrackPointExtension>
            <ns3:hr>141</ns3:hr>
            <ns3:cad>85</ns3:cad>
          </ns3:TrackPointExtension>
        </extensions>
      </trkpt>
      <trkpt lat="-33.39996711350977420806884765625" lon="-70.536201260983943939208984375">
        <ele>834.20001220703125</ele>
        <time>2022-10-17T18:01:39.000Z</time>
        <extensions>
          <ns3:TrackPointExtension>
            <ns3:hr>138</ns3:hr>
            <ns3:cad>85</ns3:cad>
          </ns3:TrackPointExtension>
        </extensions>
      </trkpt>
      <trkpt lat="-33.39980877935886383056640625" lon="-70.536058433353900909423828125">
        <ele>833.5999755859375</ele>
        <time>2022-10-17T18:01:46.000Z</time>
        <extensions>
          <ns3:TrackPointExtension>
            <ns3:hr>140</ns3:hr>
            <ns3:cad>85</ns3:cad>
          </ns3:TrackPointExtension>
        </extensions>
      </trkpt>
      <trkpt lat="-33.3996597491204738616943359375" lon="-70.53590546362102031707763671875">
        <ele>832.4000244140625</ele>
        <time>2022-10-17T18:01:53.000Z</time>
        <extensions>
          <ns3:TrackPointExtension>
            <ns3:hr>141</ns3:hr>
            <ns3:cad>86</ns3:cad>
          </ns3:TrackPointExtension>
        </extensions>
      </trkpt>
      <trkpt lat="-33.39949487708508968353271484375" lon="-70.5357876978814601898193359375">
        <ele>832.79998779296875</ele>
        <time>2022-10-17T18:02:00.000Z</time>
        <extensions>
          <ns3:TrackPointExtension>
            <ns3:hr>140</ns3:hr>
            <ns3:cad>86</ns3:cad>
          </ns3:TrackPointExtension>
        </extensions>
      </trkpt>
      <trkpt lat="-33.39931751601397991180419921875" lon="-70.53570111282169818878173828125">
        <ele>834.79998779296875</ele>
        <time>2022-10-17T18:02:07.000Z</time>
        <extensions>
          <ns3:TrackPointExtension>
            <ns3:hr>137</ns3:hr>
            <ns3:cad>85</ns3:cad>
          </ns3:TrackPointExtension>
        </extensions>
      </trkpt>
      <trkpt lat="-33.3992674760520458221435546875" lon="-70.5356840975582599639892578125">
        <ele>834.79998779296875</ele>
        <time>2022-10-17T18:02:09.000Z</time>
        <extensions>
          <ns3:TrackPointExtension>
            <ns3:hr>133</ns3:hr>
            <ns3:cad>85</ns3:cad>
          </ns3:TrackPointExtension>
        </extensions>
      </trkpt>
      <trkpt lat="-33.39910444803535938262939453125" lon="-70.53562936373054981231689453125">
        <ele>834.79998779296875</ele>
        <time>2022-10-17T18:02:15.000Z</time>
        <extensions>
          <ns3:TrackPointExtension>
            <ns3:hr>130</ns3:hr>
            <ns3:cad>85</ns3:cad>
          </ns3:TrackPointExtension>
        </extensions>
      </trkpt>
      <trkpt lat="-33.3990505523979663848876953125" lon="-70.53561243228614330291748046875">
        <ele>834.79998779296875</ele>
        <time>2022-10-17T18:02:17.000Z</time>
        <extensions>
          <ns3:TrackPointExtension>
            <ns3:hr>126</ns3:hr>
            <ns3:cad>83</ns3:cad>
          </ns3:TrackPointExtension>
        </extensions>
      </trkpt>
      <trkpt lat="-33.3988631330430507659912109375" lon="-70.535548143088817596435546875">
        <ele>835</ele>
        <time>2022-10-17T18:02:24.000Z</time>
        <extensions>
          <ns3:TrackPointExtension>
            <ns3:hr>126</ns3:hr>
            <ns3:cad>85</ns3:cad>
          </ns3:TrackPointExtension>
        </extensions>
      </trkpt>
      <trkpt lat="-33.39875140227377414703369140625" lon="-70.5355189740657806396484375">
        <ele>835.20001220703125</ele>
        <time>2022-10-17T18:02:28.000Z</time>
        <extensions>
          <ns3:TrackPointExtension>
            <ns3:hr>129</ns3:hr>
            <ns3:cad>84</ns3:cad>
          </ns3:TrackPointExtension>
        </extensions>
      </trkpt>
      <trkpt lat="-33.39857093989849090576171875" lon="-70.535452254116535186767578125">
        <ele>835.4000244140625</ele>
        <time>2022-10-17T18:02:35.000Z</time>
        <extensions>
          <ns3:TrackPointExtension>
            <ns3:hr>131</ns3:hr>
            <ns3:cad>86</ns3:cad>
          </ns3:TrackPointExtension>
        </extensions>
      </trkpt>
      <trkpt lat="-33.3985033817589282989501953125" lon="-70.53538545034825801849365234375">
        <ele>834.20001220703125</ele>
        <time>2022-10-17T18:02:38.000Z</time>
        <extensions>
          <ns3:TrackPointExtension>
            <ns3:hr>131</ns3:hr>
            <ns3:cad>85</ns3:cad>
          </ns3:TrackPointExtension>
        </extensions>
      </trkpt>
      <trkpt lat="-33.3986614644527435302734375" lon="-70.53527112118899822235107421875">
        <ele>829</ele>
        <time>2022-10-17T18:02:44.000Z</time>
        <extensions>
          <ns3:TrackPointExtension>
            <ns3:hr>130</ns3:hr>
            <ns3:cad>84</ns3:cad>
          </ns3:TrackPointExtension>
        </extensions>
      </trkpt>
      <trkpt lat="-33.39869339950382709503173828125" lon="-70.53525687195360660552978515625">
        <ele>828.4000244140625</ele>
        <time>2022-10-17T18:02:45.000Z</time>
        <extensions>
          <ns3:TrackPointExtension>
            <ns3:hr>130</ns3:hr>
            <ns3:cad>84</ns3:cad>
          </ns3:TrackPointExtension>
        </extensions>
      </trkpt>
      <trkpt lat="-33.39891350828111171722412109375" lon="-70.53522367961704730987548828125">
        <ele>824.79998779296875</ele>
        <time>2022-10-17T18:02:52.000Z</time>
        <extensions>
          <ns3:TrackPointExtension>
            <ns3:hr>130</ns3:hr>
            <ns3:cad>85</ns3:cad>
          </ns3:TrackPointExtension>
        </extensions>
      </trkpt>
      <trkpt lat="-33.3991259895265102386474609375" lon="-70.535253770649433135986328125">
        <ele>823.20001220703125</ele>
        <time>2022-10-17T18:02:59.000Z</time>
        <extensions>
          <ns3:TrackPointExtension>
            <ns3:hr>129</ns3:hr>
            <ns3:cad>85</ns3:cad>
          </ns3:TrackPointExtension>
        </extensions>
      </trkpt>
      <trkpt lat="-33.399316929280757904052734375" lon="-70.5353122763335704803466796875">
        <ele>822.79998779296875</ele>
        <time>2022-10-17T18:03:05.000Z</time>
        <extensions>
          <ns3:TrackPointExtension>
            <ns3:hr>127</ns3:hr>
            <ns3:cad>86</ns3:cad>
          </ns3:TrackPointExtension>
        </extensions>
      </trkpt>
      <trkpt lat="-33.3994978107511997222900390625" lon="-70.535363741219043731689453125">
        <ele>820.4000244140625</ele>
        <time>2022-10-17T18:03:11.000Z</time>
        <extensions>
          <ns3:TrackPointExtension>
            <ns3:hr>126</ns3:hr>
            <ns3:cad>87</ns3:cad>
          </ns3:TrackPointExtension>
        </extensions>
      </trkpt>
      <trkpt lat="-33.39965597726404666900634765625" lon="-70.5354212410748004913330078125">
        <ele>818.4000244140625</ele>
        <time>2022-10-17T18:03:18.000Z</time>
        <extensions>
          <ns3:TrackPointExtension>
            <ns3:hr>128</ns3:hr>
            <ns3:cad>85</ns3:cad>
          </ns3:TrackPointExtension>
        </extensions>
      </trkpt>
      <trkpt lat="-33.3996584080159664154052734375" lon="-70.5354304611682891845703125">
        <ele>818.5999755859375</ele>
        <time>2022-10-17T18:03:20.000Z</time>
        <extensions>
          <ns3:TrackPointExtension>
            <ns3:hr>129</ns3:hr>
            <ns3:cad>82</ns3:cad>
          </ns3:TrackPointExtension>
        </extensions>
      </trkpt>
      <trkpt lat="-33.39966285042464733123779296875" lon="-70.535491816699504852294921875">
        <ele>820.20001220703125</ele>
        <time>2022-10-17T18:03:36.000Z</time>
        <extensions>
          <ns3:TrackPointExtension>
            <ns3:hr>126</ns3:hr>
            <ns3:cad>0</ns3:cad>
          </ns3:TrackPointExtension>
        </extensions>
      </trkpt>
      <trkpt lat="-33.39966419152915477752685546875" lon="-70.535488463938236236572265625">
        <ele>820</ele>
        <time>2022-10-17T18:03:40.000Z</time>
        <extensions>
          <ns3:TrackPointExtension>
            <ns3:hr>123</ns3:hr>
            <ns3:cad>0</ns3:cad>
          </ns3:TrackPointExtension>
        </extensions>
      </trkpt>
      <trkpt lat="-33.3998468331992626190185546875" lon="-70.53548888303339481353759765625">
        <ele>816</ele>
        <time>2022-10-17T18:03:47.000Z</time>
        <extensions>
          <ns3:TrackPointExtension>
            <ns3:hr>121</ns3:hr>
            <ns3:cad>62</ns3:cad>
          </ns3:TrackPointExtension>
        </extensions>
      </trkpt>
      <trkpt lat="-33.40003131888806819915771484375" lon="-70.53556096740067005157470703125">
        <ele>814.20001220703125</ele>
        <time>2022-10-17T18:03:53.000Z</time>
        <extensions>
          <ns3:TrackPointExtension>
            <ns3:hr>121</ns3:hr>
            <ns3:cad>85</ns3:cad>
          </ns3:TrackPointExtension>
        </extensions>
      </trkpt>
      <trkpt lat="-33.40009351260960102081298828125" lon="-70.53558611311018466949462890625">
        <ele>813.5999755859375</ele>
        <time>2022-10-17T18:03:55.000Z</time>
        <extensions>
          <ns3:TrackPointExtension>
            <ns3:hr>117</ns3:hr>
            <ns3:cad>87</ns3:cad>
          </ns3:TrackPointExtension>
        </extensions>
      </trkpt>
      <trkpt lat="-33.4001232683658599853515625" lon="-70.5355986021459102630615234375">
        <ele>813.20001220703125</ele>
        <time>2022-10-17T18:03:56.000Z</time>
        <extensions>
          <ns3:TrackPointExtension>
            <ns3:hr>111</ns3:hr>
            <ns3:cad>86</ns3:cad>
          </ns3:TrackPointExtension>
        </extensions>
      </trkpt>
      <trkpt lat="-33.400290906429290771484375" lon="-70.5357112549245357513427734375">
        <ele>812.20001220703125</ele>
        <time>2022-10-17T18:04:02.000Z</time>
        <extensions>
          <ns3:TrackPointExtension>
            <ns3:hr>109</ns3:hr>
            <ns3:cad>87</ns3:cad>
          </ns3:TrackPointExtension>
        </extensions>
      </trkpt>
      <trkpt lat="-33.4004382602870464324951171875" lon="-70.5357816629111766815185546875">
        <ele>810.4000244140625</ele>
        <time>2022-10-17T18:04:08.000Z</time>
        <extensions>
          <ns3:TrackPointExtension>
            <ns3:hr>112</ns3:hr>
            <ns3:cad>84</ns3:cad>
          </ns3:TrackPointExtension>
        </extensions>
      </trkpt>
      <trkpt lat="-33.40058066882193088531494140625" lon="-70.53581309504806995391845703125">
        <ele>808.79998779296875</ele>
        <time>2022-10-17T18:04:13.000Z</time>
        <extensions>
          <ns3:TrackPointExtension>
            <ns3:hr>115</ns3:hr>
            <ns3:cad>91</ns3:cad>
          </ns3:TrackPointExtension>
        </extensions>
      </trkpt>
      <trkpt lat="-33.400706313550472259521484375" lon="-70.5358544178307056427001953125">
        <ele>807.5999755859375</ele>
        <time>2022-10-17T18:04:17.000Z</time>
        <extensions>
          <ns3:TrackPointExtension>
            <ns3:hr>118</ns3:hr>
            <ns3:cad>91</ns3:cad>
          </ns3:TrackPointExtension>
        </extensions>
      </trkpt>
      <trkpt lat="-33.40086816810071468353271484375" lon="-70.53594200871884822845458984375">
        <ele>806.5999755859375</ele>
        <time>2022-10-17T18:04:23.000Z</time>
        <extensions>
          <ns3:TrackPointExtension>
            <ns3:hr>118</ns3:hr>
            <ns3:cad>84</ns3:cad>
          </ns3:TrackPointExtension>
        </extensions>
      </trkpt>
      <trkpt lat="-33.40104393661022186279296875" lon="-70.5360361374914646148681640625">
        <ele>805</ele>
        <time>2022-10-17T18:04:29.000Z</time>
        <extensions>
          <ns3:TrackPointExtension>
            <ns3:hr>119</ns3:hr>
            <ns3:cad>84</ns3:cad>
          </ns3:TrackPointExtension>
        </extensions>
      </trkpt>
      <trkpt lat="-33.40124736540019512176513671875" lon="-70.53613965399563312530517578125">
        <ele>801.4000244140625</ele>
        <time>2022-10-17T18:04:36.000Z</time>
        <extensions>
          <ns3:TrackPointExtension>
            <ns3:hr>117</ns3:hr>
            <ns3:cad>86</ns3:cad>
          </ns3:TrackPointExtension>
        </extensions>
      </trkpt>
      <trkpt lat="-33.40136169455945491790771484375" lon="-70.53616865538060665130615234375">
        <ele>799</ele>
        <time>2022-10-17T18:04:40.000Z</time>
        <extensions>
          <ns3:TrackPointExtension>
            <ns3:hr>120</ns3:hr>
            <ns3:cad>85</ns3:cad>
          </ns3:TrackPointExtension>
        </extensions>
      </trkpt>
      <trkpt lat="-33.401508294045925140380859375" lon="-70.53628834895789623260498046875">
        <ele>797.20001220703125</ele>
        <time>2022-10-17T18:04:46.000Z</time>
        <extensions>
          <ns3:TrackPointExtension>
            <ns3:hr>121</ns3:hr>
            <ns3:cad>83</ns3:cad>
          </ns3:TrackPointExtension>
        </extensions>
      </trkpt>
      <trkpt lat="-33.401676602661609649658203125" lon="-70.53641089238226413726806640625">
        <ele>795.20001220703125</ele>
        <time>2022-10-17T18:04:53.000Z</time>
        <extensions>
          <ns3:TrackPointExtension>
            <ns3:hr>122</ns3:hr>
            <ns3:cad>85</ns3:cad>
          </ns3:TrackPointExtension>
        </extensions>
      </trkpt>
      <trkpt lat="-33.401828147470951080322265625" lon="-70.53655506111681461334228515625">
        <ele>794.20001220703125</ele>
        <time>2022-10-17T18:04:59.000Z</time>
        <extensions>
          <ns3:TrackPointExtension>
            <ns3:hr>121</ns3:hr>
            <ns3:cad>85</ns3:cad>
          </ns3:TrackPointExtension>
        </extensions>
      </trkpt>
      <trkpt lat="-33.402003832161426544189453125" lon="-70.536684729158878326416015625">
        <ele>791.4000244140625</ele>
        <time>2022-10-17T18:05:07.000Z</time>
        <extensions>
          <ns3:TrackPointExtension>
            <ns3:hr>120</ns3:hr>
            <ns3:cad>87</ns3:cad>
          </ns3:TrackPointExtension>
        </extensions>
      </trkpt>
      <trkpt lat="-33.40218680910766124725341796875" lon="-70.53680400364100933074951171875">
        <ele>788</ele>
        <time>2022-10-17T18:05:13.000Z</time>
        <extensions>
          <ns3:TrackPointExtension>
            <ns3:hr>117</ns3:hr>
            <ns3:cad>87</ns3:cad>
          </ns3:TrackPointExtension>
        </extensions>
      </trkpt>
      <trkpt lat="-33.40225805528461933135986328125" lon="-70.5368936061859130859375">
        <ele>787.5999755859375</ele>
        <time>2022-10-17T18:05:16.000Z</time>
        <extensions>
          <ns3:TrackPointExtension>
            <ns3:hr>120</ns3:hr>
            <ns3:cad>84</ns3:cad>
          </ns3:TrackPointExtension>
        </extensions>
      </trkpt>
      <trkpt lat="-33.40242753736674785614013671875" lon="-70.5370490066707134246826171875">
        <ele>785.5999755859375</ele>
        <time>2022-10-17T18:05:23.000Z</time>
        <extensions>
          <ns3:TrackPointExtension>
            <ns3:hr>119</ns3:hr>
            <ns3:cad>86</ns3:cad>
          </ns3:TrackPointExtension>
        </extensions>
      </trkpt>
      <trkpt lat="-33.4024623222649097442626953125" lon="-70.53710659034550189971923828125">
        <ele>785.5999755859375</ele>
        <time>2022-10-17T18:05:25.000Z</time>
        <extensions>
          <ns3:TrackPointExtension>
            <ns3:hr>119</ns3:hr>
            <ns3:cad>82</ns3:cad>
          </ns3:TrackPointExtension>
        </extensions>
      </trkpt>
      <trkpt lat="-33.4026393480598926544189453125" lon="-70.53714917041361331939697265625">
        <ele>781</ele>
        <time>2022-10-17T18:05:34.000Z</time>
        <extensions>
          <ns3:TrackPointExtension>
            <ns3:hr>118</ns3:hr>
            <ns3:cad>83</ns3:cad>
          </ns3:TrackPointExtension>
        </extensions>
      </trkpt>
      <trkpt lat="-33.40269123204052448272705078125" lon="-70.53718823008239269256591796875">
        <ele>780</ele>
        <time>2022-10-17T18:05:36.000Z</time>
        <extensions>
          <ns3:TrackPointExtension>
            <ns3:hr>118</ns3:hr>
            <ns3:cad>88</ns3:cad>
          </ns3:TrackPointExtension>
        </extensions>
      </trkpt>
      <trkpt lat="-33.40281553566455841064453125" lon="-70.53729317151010036468505859375">
        <ele>776.79998779296875</ele>
        <time>2022-10-17T18:05:41.000Z</time>
        <extensions>
          <ns3:TrackPointExtension>
            <ns3:hr>121</ns3:hr>
            <ns3:cad>88</ns3:cad>
          </ns3:TrackPointExtension>
        </extensions>
      </trkpt>
      <trkpt lat="-33.402842022478580474853515625" lon="-70.5373011343181133270263671875">
        <ele>776.20001220703125</ele>
        <time>2022-10-17T18:05:42.000Z</time>
        <extensions>
          <ns3:TrackPointExtension>
            <ns3:hr>121</ns3:hr>
            <ns3:cad>86</ns3:cad>
          </ns3:TrackPointExtension>
        </extensions>
      </trkpt>
      <trkpt lat="-33.4030212275683879852294921875" lon="-70.5372468195855617523193359375">
        <ele>772.20001220703125</ele>
        <time>2022-10-17T18:05:49.000Z</time>
        <extensions>
          <ns3:TrackPointExtension>
            <ns3:hr>123</ns3:hr>
            <ns3:cad>87</ns3:cad>
          </ns3:TrackPointExtension>
        </extensions>
      </trkpt>
      <trkpt lat="-33.4030763804912567138671875" lon="-70.53728998638689517974853515625">
        <ele>770.79998779296875</ele>
        <time>2022-10-17T18:05:51.000Z</time>
        <extensions>
          <ns3:TrackPointExtension>
            <ns3:hr>123</ns3:hr>
            <ns3:cad>91</ns3:cad>
          </ns3:TrackPointExtension>
        </extensions>
      </trkpt>
      <trkpt lat="-33.40312725864350795745849609375" lon="-70.53731362335383892059326171875">
        <ele>769.5999755859375</ele>
        <time>2022-10-17T18:05:53.000Z</time>
        <extensions>
          <ns3:TrackPointExtension>
            <ns3:hr>123</ns3:hr>
            <ns3:cad>91</ns3:cad>
          </ns3:TrackPointExtension>
        </extensions>
      </trkpt>
      <trkpt lat="-33.4032378159463405609130859375" lon="-70.53733625449240207672119140625">
        <ele>767</ele>
        <time>2022-10-17T18:05:57.000Z</time>
        <extensions>
          <ns3:TrackPointExtension>
            <ns3:hr>124</ns3:hr>
            <ns3:cad>84</ns3:cad>
          </ns3:TrackPointExtension>
        </extensions>
      </trkpt>
      <trkpt lat="-33.40339330025017261505126953125" lon="-70.53743884898722171783447265625">
        <ele>763</ele>
        <time>2022-10-17T18:06:03.000Z</time>
        <extensions>
          <ns3:TrackPointExtension>
            <ns3:hr>123</ns3:hr>
            <ns3:cad>84</ns3:cad>
          </ns3:TrackPointExtension>
        </extensions>
      </trkpt>
      <trkpt lat="-33.40343085117638111114501953125" lon="-70.537553094327449798583984375">
        <ele>761.79998779296875</ele>
        <time>2022-10-17T18:06:06.000Z</time>
        <extensions>
          <ns3:TrackPointExtension>
            <ns3:hr>120</ns3:hr>
            <ns3:cad>82</ns3:cad>
          </ns3:TrackPointExtension>
        </extensions>
      </trkpt>
      <trkpt lat="-33.4034869261085987091064453125" lon="-70.537781752645969390869140625">
        <ele>759.79998779296875</ele>
        <time>2022-10-17T18:06:13.000Z</time>
        <extensions>
          <ns3:TrackPointExtension>
            <ns3:hr>118</ns3:hr>
            <ns3:cad>83</ns3:cad>
          </ns3:TrackPointExtension>
        </extensions>
      </trkpt>
      <trkpt lat="-33.4036364592611789703369140625" lon="-70.537937991321086883544921875">
        <ele>758</ele>
        <time>2022-10-17T18:06:20.000Z</time>
        <extensions>
          <ns3:TrackPointExtension>
            <ns3:hr>118</ns3:hr>
            <ns3:cad>86</ns3:cad>
          </ns3:TrackPointExtension>
        </extensions>
      </trkpt>
      <trkpt lat="-33.40374500490725040435791015625" lon="-70.53812951780855655670166015625">
        <ele>756</ele>
        <time>2022-10-17T18:06:26.000Z</time>
        <extensions>
          <ns3:TrackPointExtension>
            <ns3:hr>121</ns3:hr>
            <ns3:cad>85</ns3:cad>
          </ns3:TrackPointExtension>
        </extensions>
      </trkpt>
      <trkpt lat="-33.403757996857166290283203125" lon="-70.538257844746112823486328125">
        <ele>754.79998779296875</ele>
        <time>2022-10-17T18:06:29.000Z</time>
        <extensions>
          <ns3:TrackPointExtension>
            <ns3:hr>123</ns3:hr>
            <ns3:cad>87</ns3:cad>
          </ns3:TrackPointExtension>
        </extensions>
      </trkpt>
      <trkpt lat="-33.4036857448518276214599609375" lon="-70.53851910866796970367431640625">
        <ele>752.79998779296875</ele>
        <time>2022-10-17T18:06:36.000Z</time>
        <extensions>
          <ns3:TrackPointExtension>
            <ns3:hr>123</ns3:hr>
            <ns3:cad>85</ns3:cad>
          </ns3:TrackPointExtension>
        </extensions>
      </trkpt>
      <trkpt lat="-33.40370066463947296142578125" lon="-70.53870719857513904571533203125">
        <ele>751</ele>
        <time>2022-10-17T18:06:42.000Z</time>
        <extensions>
          <ns3:TrackPointExtension>
            <ns3:hr>123</ns3:hr>
            <ns3:cad>88</ns3:cad>
          </ns3:TrackPointExtension>
        </extensions>
      </trkpt>
      <trkpt lat="-33.40369203127920627593994140625" lon="-70.5387072823941707611083984375">
        <ele>751</ele>
        <time>2022-10-17T18:06:46.000Z</time>
        <extensions>
          <ns3:TrackPointExtension>
            <ns3:hr>122</ns3:hr>
            <ns3:cad>77</ns3:cad>
          </ns3:TrackPointExtension>
        </extensions>
      </trkpt>
      <trkpt lat="-33.4036927856504917144775390625" lon="-70.538705103099346160888671875">
        <ele>751</ele>
        <time>2022-10-17T18:06:48.000Z</time>
        <extensions>
          <ns3:TrackPointExtension>
            <ns3:hr>122</ns3:hr>
            <ns3:cad>77</ns3:cad>
          </ns3:TrackPointExtension>
        </extensions>
      </trkpt>
      <trkpt lat="-33.403681553900241851806640625" lon="-70.53870082832872867584228515625">
        <ele>751.20001220703125</ele>
        <time>2022-10-17T18:06:52.000Z</time>
        <extensions>
          <ns3:TrackPointExtension>
            <ns3:hr>119</ns3:hr>
            <ns3:cad>0</ns3:cad>
          </ns3:TrackPointExtension>
        </extensions>
      </trkpt>
      <trkpt lat="-33.40367811731994152069091796875" lon="-70.53870216943323612213134765625">
        <ele>751.20001220703125</ele>
        <time>2022-10-17T18:07:01.000Z</time>
        <extensions>
          <ns3:TrackPointExtension>
            <ns3:hr>123</ns3:hr>
            <ns3:cad>0</ns3:cad>
          </ns3:TrackPointExtension>
        </extensions>
      </trkpt>
      <trkpt lat="-33.4036783687770366668701171875" lon="-70.5386861599981784820556640625">
        <ele>751.4000244140625</ele>
        <time>2022-10-17T18:07:07.000Z</time>
        <extensions>
          <ns3:TrackPointExtension>
            <ns3:hr>126</ns3:hr>
            <ns3:cad>60</ns3:cad>
          </ns3:TrackPointExtension>
        </extensions>
      </trkpt>
      <trkpt lat="-33.40367459692060947418212890625" lon="-70.538454987108707427978515625">
        <ele>753.5999755859375</ele>
        <time>2022-10-17T18:07:30.000Z</time>
        <extensions>
          <ns3:TrackPointExtension>
            <ns3:hr>126</ns3:hr>
            <ns3:cad>83</ns3:cad>
          </ns3:TrackPointExtension>
        </extensions>
      </trkpt>
      <trkpt lat="-33.40370477177202701568603515625" lon="-70.5382979102432727813720703125">
        <ele>754.79998779296875</ele>
        <time>2022-10-17T18:07:35.000Z</time>
        <extensions>
          <ns3:TrackPointExtension>
            <ns3:hr>130</ns3:hr>
            <ns3:cad>83</ns3:cad>
          </ns3:TrackPointExtension>
        </extensions>
      </trkpt>
      <trkpt lat="-33.40361122973263263702392578125" lon="-70.53808727301657199859619140625">
        <ele>757.4000244140625</ele>
        <time>2022-10-17T18:07:42.000Z</time>
        <extensions>
          <ns3:TrackPointExtension>
            <ns3:hr>133</ns3:hr>
            <ns3:cad>86</ns3:cad>
          </ns3:TrackPointExtension>
        </extensions>
      </trkpt>
      <trkpt lat="-33.40352640487253665924072265625" lon="-70.53798099048435688018798828125">
        <ele>758.79998779296875</ele>
        <time>2022-10-17T18:07:47.000Z</time>
        <extensions>
          <ns3:TrackPointExtension>
            <ns3:hr>129</ns3:hr>
            <ns3:cad>83</ns3:cad>
          </ns3:TrackPointExtension>
        </extensions>
      </trkpt>
      <trkpt lat="-33.40350377373397350311279296875" lon="-70.53795148618519306182861328125">
        <ele>759</ele>
        <time>2022-10-17T18:07:49.000Z</time>
        <extensions>
          <ns3:TrackPointExtension>
            <ns3:hr>126</ns3:hr>
            <ns3:cad>82</ns3:cad>
          </ns3:TrackPointExtension>
        </extensions>
      </trkpt>
      <trkpt lat="-33.40341827832162380218505859375" lon="-70.53787169046700000762939453125">
        <ele>761</ele>
        <time>2022-10-17T18:07:57.000Z</time>
        <extensions>
          <ns3:TrackPointExtension>
            <ns3:hr>128</ns3:hr>
            <ns3:cad>67</ns3:cad>
          </ns3:TrackPointExtension>
        </extensions>
      </trkpt>
      <trkpt lat="-33.4033863432705402374267578125" lon="-70.53777060471475124359130859375">
        <ele>762</ele>
        <time>2022-10-17T18:08:03.000Z</time>
        <extensions>
          <ns3:TrackPointExtension>
            <ns3:hr>131</ns3:hr>
            <ns3:cad>72</ns3:cad>
          </ns3:TrackPointExtension>
        </extensions>
      </trkpt>
      <trkpt lat="-33.40337335132062435150146484375" lon="-70.5377289466559886932373046875">
        <ele>762.5999755859375</ele>
        <time>2022-10-17T18:08:05.000Z</time>
        <extensions>
          <ns3:TrackPointExtension>
            <ns3:hr>134</ns3:hr>
            <ns3:cad>68</ns3:cad>
          </ns3:TrackPointExtension>
        </extensions>
      </trkpt>
      <trkpt lat="-33.403343260288238525390625" lon="-70.5376427806913852691650390625">
        <ele>763.5999755859375</ele>
        <time>2022-10-17T18:08:09.000Z</time>
        <extensions>
          <ns3:TrackPointExtension>
            <ns3:hr>137</ns3:hr>
            <ns3:cad>70</ns3:cad>
          </ns3:TrackPointExtension>
        </extensions>
      </trkpt>
      <trkpt lat="-33.4033266641199588775634765625" lon="-70.53760648705065250396728515625">
        <ele>764</ele>
        <time>2022-10-17T18:08:11.000Z</time>
        <extensions>
          <ns3:TrackPointExtension>
            <ns3:hr>140</ns3:hr>
            <ns3:cad>74</ns3:cad>
          </ns3:TrackPointExtension>
        </extensions>
      </trkpt>
      <trkpt lat="-33.40326472185552120208740234375" lon="-70.53747874684631824493408203125">
        <ele>765.79998779296875</ele>
        <time>2022-10-17T18:08:17.000Z</time>
        <extensions>
          <ns3:TrackPointExtension>
            <ns3:hr>143</ns3:hr>
            <ns3:cad>74</ns3:cad>
          </ns3:TrackPointExtension>
        </extensions>
      </trkpt>
      <trkpt lat="-33.40308886952698230743408203125" lon="-70.53740791976451873779296875">
        <ele>770.20001220703125</ele>
        <time>2022-10-17T18:08:28.000Z</time>
        <extensions>
          <ns3:TrackPointExtension>
            <ns3:hr>142</ns3:hr>
            <ns3:cad>69</ns3:cad>
          </ns3:TrackPointExtension>
        </extensions>
      </trkpt>
      <trkpt lat="-33.4030239097774028778076171875" lon="-70.53740800358355045318603515625">
        <ele>771.5999755859375</ele>
        <time>2022-10-17T18:08:33.000Z</time>
        <extensions>
          <ns3:TrackPointExtension>
            <ns3:hr>144</ns3:hr>
            <ns3:cad>62</ns3:cad>
          </ns3:TrackPointExtension>
        </extensions>
      </trkpt>
      <trkpt lat="-33.4029330499470233917236328125" lon="-70.537372045218944549560546875">
        <ele>773.79998779296875</ele>
        <time>2022-10-17T18:08:40.000Z</time>
        <extensions>
          <ns3:TrackPointExtension>
            <ns3:hr>144</ns3:hr>
            <ns3:cad>115</ns3:cad>
          </ns3:TrackPointExtension>
        </extensions>
      </trkpt>
      <trkpt lat="-33.402845375239849090576171875" lon="-70.53738771937787532806396484375">
        <ele>775.79998779296875</ele>
        <time>2022-10-17T18:08:47.000Z</time>
        <extensions>
          <ns3:TrackPointExtension>
            <ns3:hr>147</ns3:hr>
            <ns3:cad>62</ns3:cad>
          </ns3:TrackPointExtension>
        </extensions>
      </trkpt>
      <trkpt lat="-33.4026936627924442291259765625" lon="-70.537325777113437652587890625">
        <ele>779.4000244140625</ele>
        <time>2022-10-17T18:09:00.000Z</time>
        <extensions>
          <ns3:TrackPointExtension>
            <ns3:hr>147</ns3:hr>
            <ns3:cad>59</ns3:cad>
          </ns3:TrackPointExtension>
        </extensions>
      </trkpt>
      <trkpt lat="-33.40266994200646877288818359375" lon="-70.53730976767838001251220703125">
        <ele>780</ele>
        <time>2022-10-17T18:09:02.000Z</time>
        <extensions>
          <ns3:TrackPointExtension>
            <ns3:hr>147</ns3:hr>
            <ns3:cad>59</ns3:cad>
          </ns3:TrackPointExtension>
        </extensions>
      </trkpt>
      <trkpt lat="-33.402495346963405609130859375" lon="-70.53727422840893268585205078125">
        <ele>785.5999755859375</ele>
        <time>2022-10-17T18:09:16.000Z</time>
        <extensions>
          <ns3:TrackPointExtension>
            <ns3:hr>148</ns3:hr>
            <ns3:cad>59</ns3:cad>
          </ns3:TrackPointExtension>
        </extensions>
      </trkpt>
      <trkpt lat="-33.40234438888728618621826171875" lon="-70.5371529422700405120849609375">
        <ele>790.4000244140625</ele>
        <time>2022-10-17T18:09:25.000Z</time>
        <extensions>
          <ns3:TrackPointExtension>
            <ns3:hr>148</ns3:hr>
            <ns3:cad>72</ns3:cad>
          </ns3:TrackPointExtension>
        </extensions>
      </trkpt>
      <trkpt lat="-33.4021820314228534698486328125" lon="-70.53701003082096576690673828125">
        <ele>792.5999755859375</ele>
        <time>2022-10-17T18:09:33.000Z</time>
        <extensions>
          <ns3:TrackPointExtension>
            <ns3:hr>149</ns3:hr>
            <ns3:cad>80</ns3:cad>
          </ns3:TrackPointExtension>
        </extensions>
      </trkpt>
      <trkpt lat="-33.402122519910335540771484375" lon="-70.536966361105442047119140625">
        <ele>793.5999755859375</ele>
        <time>2022-10-17T18:09:36.000Z</time>
        <extensions>
          <ns3:TrackPointExtension>
            <ns3:hr>146</ns3:hr>
            <ns3:cad>79</ns3:cad>
          </ns3:TrackPointExtension>
        </extensions>
      </trkpt>
      <trkpt lat="-33.40197524987161159515380859375" lon="-70.53682127036154270172119140625">
        <ele>795.20001220703125</ele>
        <time>2022-10-17T18:09:44.000Z</time>
        <extensions>
          <ns3:TrackPointExtension>
            <ns3:hr>146</ns3:hr>
            <ns3:cad>80</ns3:cad>
          </ns3:TrackPointExtension>
        </extensions>
      </trkpt>
      <trkpt lat="-33.40194440446794033050537109375" lon="-70.5368049256503582000732421875">
        <ele>796</ele>
        <time>2022-10-17T18:09:46.000Z</time>
        <extensions>
          <ns3:TrackPointExtension>
            <ns3:hr>147</ns3:hr>
            <ns3:cad>79</ns3:cad>
          </ns3:TrackPointExtension>
        </extensions>
      </trkpt>
      <trkpt lat="-33.401858322322368621826171875" lon="-70.5367489345371723175048828125">
        <ele>797.4000244140625</ele>
        <time>2022-10-17T18:09:51.000Z</time>
        <extensions>
          <ns3:TrackPointExtension>
            <ns3:hr>144</ns3:hr>
            <ns3:cad>75</ns3:cad>
          </ns3:TrackPointExtension>
        </extensions>
      </trkpt>
      <trkpt lat="-33.40169546194374561309814453125" lon="-70.53665379993617534637451171875">
        <ele>800</ele>
        <time>2022-10-17T18:10:01.000Z</time>
        <extensions>
          <ns3:TrackPointExtension>
            <ns3:hr>142</ns3:hr>
            <ns3:cad>74</ns3:cad>
          </ns3:TrackPointExtension>
        </extensions>
      </trkpt>
      <trkpt lat="-33.40164768509566783905029296875" lon="-70.53660535253584384918212890625">
        <ele>800.20001220703125</ele>
        <time>2022-10-17T18:10:04.000Z</time>
        <extensions>
          <ns3:TrackPointExtension>
            <ns3:hr>145</ns3:hr>
            <ns3:cad>74</ns3:cad>
          </ns3:TrackPointExtension>
        </extensions>
      </trkpt>
      <trkpt lat="-33.40163159184157848358154296875" lon="-70.53659060038626194000244140625">
        <ele>800.4000244140625</ele>
        <time>2022-10-17T18:10:05.000Z</time>
        <extensions>
          <ns3:TrackPointExtension>
            <ns3:hr>146</ns3:hr>
            <ns3:cad>73</ns3:cad>
          </ns3:TrackPointExtension>
        </extensions>
      </trkpt>
      <trkpt lat="-33.4014766104519367218017578125" lon="-70.53645632229745388031005859375">
        <ele>801.4000244140625</ele>
        <time>2022-10-17T18:10:13.000Z</time>
        <extensions>
          <ns3:TrackPointExtension>
            <ns3:hr>146</ns3:hr>
            <ns3:cad>80</ns3:cad>
          </ns3:TrackPointExtension>
        </extensions>
      </trkpt>
      <trkpt lat="-33.40130503289401531219482421875" lon="-70.53636009804904460906982421875">
        <ele>804</ele>
        <time>2022-10-17T18:10:21.000Z</time>
        <extensions>
          <ns3:TrackPointExtension>
            <ns3:hr>145</ns3:hr>
            <ns3:cad>83</ns3:cad>
          </ns3:TrackPointExtension>
        </extensions>
      </trkpt>
      <trkpt lat="-33.4011329524219036102294921875" lon="-70.53624727763235569000244140625">
        <ele>806.4000244140625</ele>
        <time>2022-10-17T18:10:29.000Z</time>
        <extensions>
          <ns3:TrackPointExtension>
            <ns3:hr>145</ns3:hr>
            <ns3:cad>82</ns3:cad>
          </ns3:TrackPointExtension>
        </extensions>
      </trkpt>
      <trkpt lat="-33.40095944702625274658203125" lon="-70.53615490905940532684326171875">
        <ele>809</ele>
        <time>2022-10-17T18:10:39.000Z</time>
        <extensions>
          <ns3:TrackPointExtension>
            <ns3:hr>143</ns3:hr>
            <ns3:cad>77</ns3:cad>
          </ns3:TrackPointExtension>
        </extensions>
      </trkpt>
      <trkpt lat="-33.40077060274779796600341796875" lon="-70.5360525660216808319091796875">
        <ele>810.20001220703125</ele>
        <time>2022-10-17T18:10:48.000Z</time>
        <extensions>
          <ns3:TrackPointExtension>
            <ns3:hr>143</ns3:hr>
            <ns3:cad>79</ns3:cad>
          </ns3:TrackPointExtension>
        </extensions>
      </trkpt>
      <trkpt lat="-33.40059005655348300933837890625" lon="-70.535974614322185516357421875">
        <ele>811.79998779296875</ele>
        <time>2022-10-17T18:10:58.000Z</time>
        <extensions>
          <ns3:TrackPointExtension>
            <ns3:hr>142</ns3:hr>
            <ns3:cad>77</ns3:cad>
          </ns3:TrackPointExtension>
        </extensions>
      </trkpt>
      <trkpt lat="-33.40042023919522762298583984375" lon="-70.5359025299549102783203125">
        <ele>814.20001220703125</ele>
        <time>2022-10-17T18:11:07.000Z</time>
        <extensions>
          <ns3:TrackPointExtension>
            <ns3:hr>143</ns3:hr>
            <ns3:cad>75</ns3:cad>
          </ns3:TrackPointExtension>
        </extensions>
      </trkpt>
      <trkpt lat="-33.4002386033535003662109375" lon="-70.535829775035381317138671875">
        <ele>817</ele>
        <time>2022-10-17T18:11:20.000Z</time>
        <extensions>
          <ns3:TrackPointExtension>
            <ns3:hr>145</ns3:hr>
            <ns3:cad>57</ns3:cad>
          </ns3:TrackPointExtension>
        </extensions>
      </trkpt>
      <trkpt lat="-33.40007892809808254241943359375" lon="-70.53572206757962703704833984375">
        <ele>817.79998779296875</ele>
        <time>2022-10-17T18:11:32.000Z</time>
        <extensions>
          <ns3:TrackPointExtension>
            <ns3:hr>144</ns3:hr>
            <ns3:cad>60</ns3:cad>
          </ns3:TrackPointExtension>
        </extensions>
      </trkpt>
      <trkpt lat="-33.400026373565196990966796875" lon="-70.53568099625408649444580078125">
        <ele>817.79998779296875</ele>
        <time>2022-10-17T18:11:37.000Z</time>
        <extensions>
          <ns3:TrackPointExtension>
            <ns3:hr>145</ns3:hr>
            <ns3:cad>57</ns3:cad>
          </ns3:TrackPointExtension>
        </extensions>
      </trkpt>
      <trkpt lat="-33.39997817762196063995361328125" lon="-70.53565652109682559967041015625">
        <ele>818</ele>
        <time>2022-10-17T18:11:41.000Z</time>
        <extensions>
          <ns3:TrackPointExtension>
            <ns3:hr>146</ns3:hr>
            <ns3:cad>62</ns3:cad>
          </ns3:TrackPointExtension>
        </extensions>
      </trkpt>
      <trkpt lat="-33.39979268610477447509765625" lon="-70.53557018749415874481201171875">
        <ele>819.5999755859375</ele>
        <time>2022-10-17T18:11:50.000Z</time>
        <extensions>
          <ns3:TrackPointExtension>
            <ns3:hr>146</ns3:hr>
            <ns3:cad>75</ns3:cad>
          </ns3:TrackPointExtension>
        </extensions>
      </trkpt>
      <trkpt lat="-33.3996084518730640411376953125" lon="-70.53555241785943508148193359375">
        <ele>823</ele>
        <time>2022-10-17T18:11:58.000Z</time>
        <extensions>
          <ns3:TrackPointExtension>
            <ns3:hr>144</ns3:hr>
            <ns3:cad>81</ns3:cad>
          </ns3:TrackPointExtension>
        </extensions>
      </trkpt>
      <trkpt lat="-33.39942849241197109222412109375" lon="-70.53551872260868549346923828125">
        <ele>826</ele>
        <time>2022-10-17T18:12:06.000Z</time>
        <extensions>
          <ns3:TrackPointExtension>
            <ns3:hr>142</ns3:hr>
            <ns3:cad>78</ns3:cad>
          </ns3:TrackPointExtension>
        </extensions>
      </trkpt>
      <trkpt lat="-33.39925364591181278228759765625" lon="-70.53545736707746982574462890625">
        <ele>827.4000244140625</ele>
        <time>2022-10-17T18:12:13.000Z</time>
        <extensions>
          <ns3:TrackPointExtension>
            <ns3:hr>142</ns3:hr>
            <ns3:cad>81</ns3:cad>
          </ns3:TrackPointExtension>
        </extensions>
      </trkpt>
      <trkpt lat="-33.39906807057559490203857421875" lon="-70.53539701737463474273681640625">
        <ele>827.79998779296875</ele>
        <time>2022-10-17T18:12:21.000Z</time>
        <extensions>
          <ns3:TrackPointExtension>
            <ns3:hr>141</ns3:hr>
            <ns3:cad>83</ns3:cad>
          </ns3:TrackPointExtension>
        </extensions>
      </trkpt>
      <trkpt lat="-33.39893647469580173492431640625" lon="-70.53538477979600429534912109375">
        <ele>829</ele>
        <time>2022-10-17T18:12:27.000Z</time>
        <extensions>
          <ns3:TrackPointExtension>
            <ns3:hr>138</ns3:hr>
            <ns3:cad>84</ns3:cad>
          </ns3:TrackPointExtension>
        </extensions>
      </trkpt>
      <trkpt lat="-33.39875601232051849365234375" lon="-70.53533197380602359771728515625">
        <ele>829.79998779296875</ele>
        <time>2022-10-17T18:12:35.000Z</time>
        <extensions>
          <ns3:TrackPointExtension>
            <ns3:hr>138</ns3:hr>
            <ns3:cad>82</ns3:cad>
          </ns3:TrackPointExtension>
        </extensions>
      </trkpt>
      <trkpt lat="-33.398554511368274688720703125" lon="-70.53534605540335178375244140625">
        <ele>832.5999755859375</ele>
        <time>2022-10-17T18:12:45.000Z</time>
        <extensions>
          <ns3:TrackPointExtension>
            <ns3:hr>139</ns3:hr>
            <ns3:cad>79</ns3:cad>
          </ns3:TrackPointExtension>
        </extensions>
      </trkpt>
      <trkpt lat="-33.39850178919732570648193359375" lon="-70.535338930785655975341796875">
        <ele>833</ele>
        <time>2022-10-17T18:12:48.000Z</time>
        <extensions>
          <ns3:TrackPointExtension>
            <ns3:hr>139</ns3:hr>
            <ns3:cad>77</ns3:cad>
          </ns3:TrackPointExtension>
        </extensions>
      </trkpt>
      <trkpt lat="-33.39845803566277027130126953125" lon="-70.53537623025476932525634765625">
        <ele>834.4000244140625</ele>
        <time>2022-10-17T18:12:53.000Z</time>
        <extensions>
          <ns3:TrackPointExtension>
            <ns3:hr>138</ns3:hr>
            <ns3:cad>74</ns3:cad>
          </ns3:TrackPointExtension>
        </extensions>
      </trkpt>
      <trkpt lat="-33.39848167262971401214599609375" lon="-70.53540305234491825103759765625">
        <ele>835</ele>
        <time>2022-10-17T18:12:55.000Z</time>
        <extensions>
          <ns3:TrackPointExtension>
            <ns3:hr>142</ns3:hr>
            <ns3:cad>73</ns3:cad>
          </ns3:TrackPointExtension>
        </extensions>
      </trkpt>
      <trkpt lat="-33.398660458624362945556640625" lon="-70.53546155802905559539794921875">
        <ele>834.5999755859375</ele>
        <time>2022-10-17T18:13:02.000Z</time>
        <extensions>
          <ns3:TrackPointExtension>
            <ns3:hr>142</ns3:hr>
            <ns3:cad>81</ns3:cad>
          </ns3:TrackPointExtension>
        </extensions>
      </trkpt>
      <trkpt lat="-33.3988544158637523651123046875" lon="-70.53549122996628284454345703125">
        <ele>833.20001220703125</ele>
        <time>2022-10-17T18:13:09.000Z</time>
        <extensions>
          <ns3:TrackPointExtension>
            <ns3:hr>143</ns3:hr>
            <ns3:cad>83</ns3:cad>
          </ns3:TrackPointExtension>
        </extensions>
      </trkpt>
      <trkpt lat="-33.3990756981074810028076171875" lon="-70.5355218239128589630126953125">
        <ele>831.4000244140625</ele>
        <time>2022-10-17T18:13:17.000Z</time>
        <extensions>
          <ns3:TrackPointExtension>
            <ns3:hr>143</ns3:hr>
            <ns3:cad>82</ns3:cad>
          </ns3:TrackPointExtension>
        </extensions>
      </trkpt>
      <trkpt lat="-33.3992708288133144378662109375" lon="-70.53558108396828174591064453125">
        <ele>831.20001220703125</ele>
        <time>2022-10-17T18:13:24.000Z</time>
        <extensions>
          <ns3:TrackPointExtension>
            <ns3:hr>142</ns3:hr>
            <ns3:cad>85</ns3:cad>
          </ns3:TrackPointExtension>
        </extensions>
      </trkpt>
      <trkpt lat="-33.39944492094218730926513671875" lon="-70.53567496128380298614501953125">
        <ele>830.4000244140625</ele>
        <time>2022-10-17T18:13:31.000Z</time>
        <extensions>
          <ns3:TrackPointExtension>
            <ns3:hr>140</ns3:hr>
            <ns3:cad>86</ns3:cad>
          </ns3:TrackPointExtension>
        </extensions>
      </trkpt>
      <trkpt lat="-33.39962236583232879638671875" lon="-70.53577152080833911895751953125">
        <ele>829</ele>
        <time>2022-10-17T18:13:38.000Z</time>
        <extensions>
          <ns3:TrackPointExtension>
            <ns3:hr>139</ns3:hr>
            <ns3:cad>85</ns3:cad>
          </ns3:TrackPointExtension>
        </extensions>
      </trkpt>
      <trkpt lat="-33.39979042299091815948486328125" lon="-70.5358859337866306304931640625">
        <ele>828.79998779296875</ele>
        <time>2022-10-17T18:13:45.000Z</time>
        <extensions>
          <ns3:TrackPointExtension>
            <ns3:hr>136</ns3:hr>
            <ns3:cad>84</ns3:cad>
          </ns3:TrackPointExtension>
        </extensions>
      </trkpt>
      <trkpt lat="-33.3999541215598583221435546875" lon="-70.53599380888044834136962890625">
        <ele>828.20001220703125</ele>
        <time>2022-10-17T18:13:52.000Z</time>
        <extensions>
          <ns3:TrackPointExtension>
            <ns3:hr>135</ns3:hr>
            <ns3:cad>86</ns3:cad>
          </ns3:TrackPointExtension>
        </extensions>
      </trkpt>
      <trkpt lat="-33.40010306797921657562255859375" lon="-70.53615876473486423492431640625">
        <ele>829.79998779296875</ele>
        <time>2022-10-17T18:13:59.000Z</time>
        <extensions>
          <ns3:TrackPointExtension>
            <ns3:hr>136</ns3:hr>
            <ns3:cad>83</ns3:cad>
          </ns3:TrackPointExtension>
        </extensions>
      </trkpt>
      <trkpt lat="-33.40025603771209716796875" lon="-70.53631969727575778961181640625">
        <ele>830.5999755859375</ele>
        <time>2022-10-17T18:14:06.000Z</time>
        <extensions>
          <ns3:TrackPointExtension>
            <ns3:hr>137</ns3:hr>
            <ns3:cad>84</ns3:cad>
          </ns3:TrackPointExtension>
        </extensions>
      </trkpt>
      <trkpt lat="-33.400409929454326629638671875" lon="-70.53645296953618526458740234375">
        <ele>829.5999755859375</ele>
        <time>2022-10-17T18:14:13.000Z</time>
        <extensions>
          <ns3:TrackPointExtension>
            <ns3:hr>136</ns3:hr>
            <ns3:cad>84</ns3:cad>
          </ns3:TrackPointExtension>
        </extensions>
      </trkpt>
      <trkpt lat="-33.40056843124330043792724609375" lon="-70.53659814409911632537841796875">
        <ele>828.5999755859375</ele>
        <time>2022-10-17T18:14:20.000Z</time>
        <extensions>
          <ns3:TrackPointExtension>
            <ns3:hr>136</ns3:hr>
            <ns3:cad>83</ns3:cad>
          </ns3:TrackPointExtension>
        </extensions>
      </trkpt>
      <trkpt lat="-33.40065040625631809234619140625" lon="-70.536692440509796142578125">
        <ele>828.4000244140625</ele>
        <time>2022-10-17T18:14:24.000Z</time>
        <extensions>
          <ns3:TrackPointExtension>
            <ns3:hr>133</ns3:hr>
            <ns3:cad>84</ns3:cad>
          </ns3:TrackPointExtension>
        </extensions>
      </trkpt>
      <trkpt lat="-33.40079583227634429931640625" lon="-70.53685136139392852783203125">
        <ele>828</ele>
        <time>2022-10-17T18:14:31.000Z</time>
        <extensions>
          <ns3:TrackPointExtension>
            <ns3:hr>132</ns3:hr>
            <ns3:cad>85</ns3:cad>
          </ns3:TrackPointExtension>
        </extensions>
      </trkpt>
      <trkpt lat="-33.40096975676715373992919921875" lon="-70.53698454983532428741455078125">
        <ele>826.20001220703125</ele>
        <time>2022-10-17T18:14:38.000Z</time>
        <extensions>
          <ns3:TrackPointExtension>
            <ns3:hr>133</ns3:hr>
            <ns3:cad>83</ns3:cad>
          </ns3:TrackPointExtension>
        </extensions>
      </trkpt>
      <trkpt lat="-33.4011349640786647796630859375" lon="-70.5371375195682048797607421875">
        <ele>825.20001220703125</ele>
        <time>2022-10-17T18:14:45.000Z</time>
        <extensions>
          <ns3:TrackPointExtension>
            <ns3:hr>134</ns3:hr>
            <ns3:cad>83</ns3:cad>
          </ns3:TrackPointExtension>
        </extensions>
      </trkpt>
      <trkpt lat="-33.40127502568066120147705078125" lon="-70.53729233331978321075439453125">
        <ele>821.4000244140625</ele>
        <time>2022-10-17T18:14:52.000Z</time>
        <extensions>
          <ns3:TrackPointExtension>
            <ns3:hr>135</ns3:hr>
            <ns3:cad>85</ns3:cad>
          </ns3:TrackPointExtension>
        </extensions>
      </trkpt>
      <trkpt lat="-33.40142422355711460113525390625" lon="-70.5374587140977382659912109375">
        <ele>816.20001220703125</ele>
        <time>2022-10-17T18:14:59.000Z</time>
        <extensions>
          <ns3:TrackPointExtension>
            <ns3:hr>136</ns3:hr>
            <ns3:cad>84</ns3:cad>
          </ns3:TrackPointExtension>
        </extensions>
      </trkpt>
      <trkpt lat="-33.40155498124659061431884765625" lon="-70.5376350693404674530029296875">
        <ele>811.5999755859375</ele>
        <time>2022-10-17T18:15:06.000Z</time>
        <extensions>
          <ns3:TrackPointExtension>
            <ns3:hr>137</ns3:hr>
            <ns3:cad>83</ns3:cad>
          </ns3:TrackPointExtension>
        </extensions>
      </trkpt>
      <trkpt lat="-33.401569314301013946533203125" lon="-70.5376592092216014862060546875">
        <ele>811</ele>
        <time>2022-10-17T18:15:08.000Z</time>
        <extensions>
          <ns3:TrackPointExtension>
            <ns3:hr>138</ns3:hr>
            <ns3:cad>86</ns3:cad>
          </ns3:TrackPointExtension>
        </extensions>
      </trkpt>
      <trkpt lat="-33.40168758295476436614990234375" lon="-70.53781134076416492462158203125">
        <ele>806.79998779296875</ele>
        <time>2022-10-17T18:15:16.000Z</time>
        <extensions>
          <ns3:TrackPointExtension>
            <ns3:hr>137</ns3:hr>
            <ns3:cad>85</ns3:cad>
          </ns3:TrackPointExtension>
        </extensions>
      </trkpt>
      <trkpt lat="-33.401838876307010650634765625" lon="-70.53793304599821567535400390625">
        <ele>801.79998779296875</ele>
        <time>2022-10-17T18:15:26.000Z</time>
        <extensions>
          <ns3:TrackPointExtension>
            <ns3:hr>137</ns3:hr>
            <ns3:cad>77</ns3:cad>
          </ns3:TrackPointExtension>
        </extensions>
      </trkpt>
      <trkpt lat="-33.4020224399864673614501953125" lon="-70.537918545305728912353515625">
        <ele>796.4000244140625</ele>
        <time>2022-10-17T18:15:36.000Z</time>
        <extensions>
          <ns3:TrackPointExtension>
            <ns3:hr>137</ns3:hr>
            <ns3:cad>47</ns3:cad>
          </ns3:TrackPointExtension>
        </extensions>
      </trkpt>
      <trkpt lat="-33.40206275694072246551513671875" lon="-70.53792290389537811279296875">
        <ele>795.20001220703125</ele>
        <time>2022-10-17T18:15:38.000Z</time>
        <extensions>
          <ns3:TrackPointExtension>
            <ns3:hr>137</ns3:hr>
            <ns3:cad>48</ns3:cad>
          </ns3:TrackPointExtension>
        </extensions>
      </trkpt>
      <trkpt lat="-33.40223257429897785186767578125" lon="-70.5379971675574779510498046875">
        <ele>789.5999755859375</ele>
        <time>2022-10-17T18:15:47.000Z</time>
        <extensions>
          <ns3:TrackPointExtension>
            <ns3:hr>135</ns3:hr>
            <ns3:cad>50</ns3:cad>
          </ns3:TrackPointExtension>
        </extensions>
      </trkpt>
      <trkpt lat="-33.402252607047557830810546875" lon="-70.538002364337444305419921875">
        <ele>789</ele>
        <time>2022-10-17T18:15:48.000Z</time>
        <extensions>
          <ns3:TrackPointExtension>
            <ns3:hr>135</ns3:hr>
            <ns3:cad>55</ns3:cad>
          </ns3:TrackPointExtension>
        </extensions>
      </trkpt>
      <trkpt lat="-33.4024482406675815582275390625" lon="-70.5380268394947052001953125">
        <ele>782.5999755859375</ele>
        <time>2022-10-17T18:15:57.000Z</time>
        <extensions>
          <ns3:TrackPointExtension>
            <ns3:hr>135</ns3:hr>
            <ns3:cad>105</ns3:cad>
          </ns3:TrackPointExtension>
        </extensions>
      </trkpt>
      <trkpt lat="-33.40251169167459011077880859375" lon="-70.53803865797817707061767578125">
        <ele>780.4000244140625</ele>
        <time>2022-10-17T18:16:00.000Z</time>
        <extensions>
          <ns3:TrackPointExtension>
            <ns3:hr>135</ns3:hr>
            <ns3:cad>105</ns3:cad>
          </ns3:TrackPointExtension>
        </extensions>
      </trkpt>
      <trkpt lat="-33.4026768989861011505126953125" lon="-70.5380960740149021148681640625">
        <ele>774.79998779296875</ele>
        <time>2022-10-17T18:16:10.000Z</time>
        <extensions>
          <ns3:TrackPointExtension>
            <ns3:hr>132</ns3:hr>
            <ns3:cad>51</ns3:cad>
          </ns3:TrackPointExtension>
        </extensions>
      </trkpt>
      <trkpt lat="-33.40271352790296077728271484375" lon="-70.538102276623249053955078125">
        <ele>774.20001220703125</ele>
        <time>2022-10-17T18:16:12.000Z</time>
        <extensions>
          <ns3:TrackPointExtension>
            <ns3:hr>131</ns3:hr>
            <ns3:cad>51</ns3:cad>
          </ns3:TrackPointExtension>
        </extensions>
      </trkpt>
      <trkpt lat="-33.40291502885520458221435546875" lon="-70.538092218339443206787109375">
        <ele>770.4000244140625</ele>
        <time>2022-10-17T18:16:23.000Z</time>
        <extensions>
          <ns3:TrackPointExtension>
            <ns3:hr>130</ns3:hr>
            <ns3:cad>53</ns3:cad>
          </ns3:TrackPointExtension>
        </extensions>
      </trkpt>
      <trkpt lat="-33.40309289284050464630126953125" lon="-70.53814443759620189666748046875">
        <ele>766.20001220703125</ele>
        <time>2022-10-17T18:16:33.000Z</time>
        <extensions>
          <ns3:TrackPointExtension>
            <ns3:hr>130</ns3:hr>
            <ns3:cad>53</ns3:cad>
          </ns3:TrackPointExtension>
        </extensions>
      </trkpt>
      <trkpt lat="-33.4032518975436687469482421875" lon="-70.53825474344193935394287109375">
        <ele>761.5999755859375</ele>
        <time>2022-10-17T18:16:41.000Z</time>
        <extensions>
          <ns3:TrackPointExtension>
            <ns3:hr>133</ns3:hr>
            <ns3:cad>53</ns3:cad>
          </ns3:TrackPointExtension>
        </extensions>
      </trkpt>
      <trkpt lat="-33.40342414565384387969970703125" lon="-70.5383793823421001434326171875">
        <ele>756.5999755859375</ele>
        <time>2022-10-17T18:16:49.000Z</time>
        <extensions>
          <ns3:TrackPointExtension>
            <ns3:hr>136</ns3:hr>
            <ns3:cad>57</ns3:cad>
          </ns3:TrackPointExtension>
        </extensions>
      </trkpt>
      <trkpt lat="-33.4035985730588436126708984375" lon="-70.53850670345127582550048828125">
        <ele>753.5999755859375</ele>
        <time>2022-10-17T18:16:55.000Z</time>
        <extensions>
          <ns3:TrackPointExtension>
            <ns3:hr>137</ns3:hr>
            <ns3:cad>57</ns3:cad>
          </ns3:TrackPointExtension>
        </extensions>
      </trkpt>
      <trkpt lat="-33.4037174284458160400390625" lon="-70.5386660434305667877197265625">
        <ele>751.20001220703125</ele>
        <time>2022-10-17T18:17:01.000Z</time>
        <extensions>
          <ns3:TrackPointExtension>
            <ns3:hr>134</ns3:hr>
            <ns3:cad>82</ns3:cad>
          </ns3:TrackPointExtension>
        </extensions>
      </trkpt>
      <trkpt lat="-33.4037403948605060577392578125" lon="-70.53871390409767627716064453125">
        <ele>750.5999755859375</ele>
        <time>2022-10-17T18:17:05.000Z</time>
        <extensions>
          <ns3:TrackPointExtension>
            <ns3:hr>131</ns3:hr>
            <ns3:cad>80</ns3:cad>
          </ns3:TrackPointExtension>
        </extensions>
      </trkpt>
      <trkpt lat="-33.403713405132293701171875" lon="-70.53871340118348598480224609375">
        <ele>750.79998779296875</ele>
        <time>2022-10-17T18:17:10.000Z</time>
        <extensions>
          <ns3:TrackPointExtension>
            <ns3:hr>128</ns3:hr>
            <ns3:cad>0</ns3:cad>
          </ns3:TrackPointExtension>
        </extensions>
      </trkpt>
      <trkpt lat="-33.40370200574398040771484375" lon="-70.53872094489634037017822265625">
        <ele>750.79998779296875</ele>
        <time>2022-10-17T18:17:16.000Z</time>
        <extensions>
          <ns3:TrackPointExtension>
            <ns3:hr>125</ns3:hr>
            <ns3:cad>0</ns3:cad>
          </ns3:TrackPointExtension>
        </extensions>
      </trkpt>
      <trkpt lat="-33.4036877565085887908935546875" lon="-70.538733936846256256103515625">
        <ele>750.79998779296875</ele>
        <time>2022-10-17T18:17:30.000Z</time>
        <extensions>
          <ns3:TrackPointExtension>
            <ns3:hr>122</ns3:hr>
            <ns3:cad>0</ns3:cad>
          </ns3:TrackPointExtension>
        </extensions>
      </trkpt>
      <trkpt lat="-33.4036830626428127288818359375" lon="-70.53874575532972812652587890625">
        <ele>750.79998779296875</ele>
        <time>2022-10-17T18:17:34.000Z</time>
        <extensions>
          <ns3:TrackPointExtension>
            <ns3:hr>119</ns3:hr>
            <ns3:cad>0</ns3:cad>
          </ns3:TrackPointExtension>
        </extensions>
      </trkpt>
      <trkpt lat="-33.4036810509860515594482421875" lon="-70.5387609265744686126708984375">
        <ele>750.5999755859375</ele>
        <time>2022-10-17T18:17:43.000Z</time>
        <extensions>
          <ns3:TrackPointExtension>
            <ns3:hr>116</ns3:hr>
            <ns3:cad>0</ns3:cad>
          </ns3:TrackPointExtension>
        </extensions>
      </trkpt>
      <trkpt lat="-33.40368582867085933685302734375" lon="-70.53875748999416828155517578125">
        <ele>750.5999755859375</ele>
        <time>2022-10-17T18:17:46.000Z</time>
        <extensions>
          <ns3:TrackPointExtension>
            <ns3:hr>111</ns3:hr>
            <ns3:cad>0</ns3:cad>
          </ns3:TrackPointExtension>
        </extensions>
      </trkpt>
      <trkpt lat="-33.40368633158504962921142578125" lon="-70.53875413723289966583251953125">
        <ele>750.5999755859375</ele>
        <time>2022-10-17T18:17:47.000Z</time>
        <extensions>
          <ns3:TrackPointExtension>
            <ns3:hr>108</ns3:hr>
            <ns3:cad>0</ns3:cad>
          </ns3:TrackPointExtension>
        </extensions>
      </trkpt>
      <trkpt lat="-33.40368725359439849853515625" lon="-70.5387508682906627655029296875">
        <ele>750.5999755859375</ele>
        <time>2022-10-17T18:17:49.000Z</time>
        <extensions>
          <ns3:TrackPointExtension>
            <ns3:hr>105</ns3:hr>
            <ns3:cad>0</ns3:cad>
          </ns3:TrackPointExtension>
        </extensions>
      </trkpt>
      <trkpt lat="-33.40368817560374736785888671875" lon="-70.53874776698648929595947265625">
        <ele>750.5999755859375</ele>
        <time>2022-10-17T18:17:54.000Z</time>
        <extensions>
          <ns3:TrackPointExtension>
            <ns3:hr>108</ns3:hr>
            <ns3:cad>0</ns3:cad>
          </ns3:TrackPointExtension>
        </extensions>
      </trkpt>
      <trkpt lat="-33.40369471348822116851806640625" lon="-70.53872547112405300140380859375">
        <ele>750.79998779296875</ele>
        <time>2022-10-17T18:18:01.000Z</time>
        <extensions>
          <ns3:TrackPointExtension>
            <ns3:hr>105</ns3:hr>
            <ns3:cad>0</ns3:cad>
          </ns3:TrackPointExtension>
        </extensions>
      </trkpt>
      <trkpt lat="-33.40368457138538360595703125" lon="-70.53873452357947826385498046875">
        <ele>750.79998779296875</ele>
        <time>2022-10-17T18:18:09.000Z</time>
        <extensions>
          <ns3:TrackPointExtension>
            <ns3:hr>101</ns3:hr>
            <ns3:cad>0</ns3:cad>
          </ns3:TrackPointExtension>
        </extensions>
      </trkpt>
      <trkpt lat="-33.4035516344010829925537109375" lon="-70.53855548612773418426513671875">
        <ele>753.4000244140625</ele>
        <time>2022-10-17T18:18:19.000Z</time>
        <extensions>
          <ns3:TrackPointExtension>
            <ns3:hr>104</ns3:hr>
            <ns3:cad>83</ns3:cad>
          </ns3:TrackPointExtension>
        </extensions>
      </trkpt>
      <trkpt lat="-33.40352808125317096710205078125" lon="-70.53853469900786876678466796875">
        <ele>753.5999755859375</ele>
        <time>2022-10-17T18:18:20.000Z</time>
        <extensions>
          <ns3:TrackPointExtension>
            <ns3:hr>107</ns3:hr>
            <ns3:cad>83</ns3:cad>
          </ns3:TrackPointExtension>
        </extensions>
      </trkpt>
      <trkpt lat="-33.40348499827086925506591796875" lon="-70.538492538034915924072265625">
        <ele>754.4000244140625</ele>
        <time>2022-10-17T18:18:22.000Z</time>
        <extensions>
          <ns3:TrackPointExtension>
            <ns3:hr>111</ns3:hr>
            <ns3:cad>86</ns3:cad>
          </ns3:TrackPointExtension>
        </extensions>
      </trkpt>
      <trkpt lat="-33.40343705378472805023193359375" lon="-70.53845909424126148223876953125">
        <ele>755.5999755859375</ele>
        <time>2022-10-17T18:18:24.000Z</time>
        <extensions>
          <ns3:TrackPointExtension>
            <ns3:hr>115</ns3:hr>
            <ns3:cad>85</ns3:cad>
          </ns3:TrackPointExtension>
        </extensions>
      </trkpt>
      <trkpt lat="-33.40337050147354602813720703125" lon="-70.53841969929635524749755859375">
        <ele>757.4000244140625</ele>
        <time>2022-10-17T18:18:27.000Z</time>
        <extensions>
          <ns3:TrackPointExtension>
            <ns3:hr>118</ns3:hr>
            <ns3:cad>84</ns3:cad>
          </ns3:TrackPointExtension>
        </extensions>
      </trkpt>
      <trkpt lat="-33.4032981656491756439208984375" lon="-70.5383740179240703582763671875">
        <ele>759.4000244140625</ele>
        <time>2022-10-17T18:18:31.000Z</time>
        <extensions>
          <ns3:TrackPointExtension>
            <ns3:hr>121</ns3:hr>
            <ns3:cad>80</ns3:cad>
          </ns3:TrackPointExtension>
        </extensions>
      </trkpt>
      <trkpt lat="-33.403247036039829254150390625" lon="-70.53833940066397190093994140625">
        <ele>761</ele>
        <time>2022-10-17T18:18:35.000Z</time>
        <extensions>
          <ns3:TrackPointExtension>
            <ns3:hr>124</ns3:hr>
            <ns3:cad>82</ns3:cad>
          </ns3:TrackPointExtension>
        </extensions>
      </trkpt>
      <trkpt lat="-33.4032006002962589263916015625" lon="-70.53831308148801326751708984375">
        <ele>762.20001220703125</ele>
        <time>2022-10-17T18:18:39.000Z</time>
        <extensions>
          <ns3:TrackPointExtension>
            <ns3:hr>127</ns3:hr>
            <ns3:cad>81</ns3:cad>
          </ns3:TrackPointExtension>
        </extensions>
      </trkpt>
      <trkpt lat="-33.40317721478641033172607421875" lon="-70.53829598240554332733154296875">
        <ele>762.79998779296875</ele>
        <time>2022-10-17T18:18:41.000Z</time>
        <extensions>
          <ns3:TrackPointExtension>
            <ns3:hr>130</ns3:hr>
            <ns3:cad>83</ns3:cad>
          </ns3:TrackPointExtension>
        </extensions>
      </trkpt>
      <trkpt lat="-33.403147794306278228759765625" lon="-70.53826563991606235504150390625">
        <ele>763.79998779296875</ele>
        <time>2022-10-17T18:18:44.000Z</time>
        <extensions>
          <ns3:TrackPointExtension>
            <ns3:hr>133</ns3:hr>
            <ns3:cad>82</ns3:cad>
          </ns3:TrackPointExtension>
        </extensions>
      </trkpt>
      <trkpt lat="-33.40312457643449306488037109375" lon="-70.53825189359486103057861328125">
        <ele>764.4000244140625</ele>
        <time>2022-10-17T18:18:46.000Z</time>
        <extensions>
          <ns3:TrackPointExtension>
            <ns3:hr>136</ns3:hr>
            <ns3:cad>81</ns3:cad>
          </ns3:TrackPointExtension>
        </extensions>
      </trkpt>
      <trkpt lat="-33.40310144238173961639404296875" lon="-70.53823672235012054443359375">
        <ele>765</ele>
        <time>2022-10-17T18:18:48.000Z</time>
        <extensions>
          <ns3:TrackPointExtension>
            <ns3:hr>139</ns3:hr>
            <ns3:cad>81</ns3:cad>
          </ns3:TrackPointExtension>
        </extensions>
      </trkpt>
      <trkpt lat="-33.4030681662261486053466796875" lon="-70.5382144264876842498779296875">
        <ele>766</ele>
        <time>2022-10-17T18:18:51.000Z</time>
        <extensions>
          <ns3:TrackPointExtension>
            <ns3:hr>142</ns3:hr>
            <ns3:cad>82</ns3:cad>
          </ns3:TrackPointExtension>
        </extensions>
      </trkpt>
      <trkpt lat="-33.40303204022347927093505859375" lon="-70.5381906218826770782470703125">
        <ele>767</ele>
        <time>2022-10-17T18:18:54.000Z</time>
        <extensions>
          <ns3:TrackPointExtension>
            <ns3:hr>145</ns3:hr>
            <ns3:cad>82</ns3:cad>
          </ns3:TrackPointExtension>
        </extensions>
      </trkpt>
      <trkpt lat="-33.40299448929727077484130859375" lon="-70.5381855927407741546630859375">
        <ele>767.79998779296875</ele>
        <time>2022-10-17T18:18:58.000Z</time>
        <extensions>
          <ns3:TrackPointExtension>
            <ns3:hr>148</ns3:hr>
            <ns3:cad>83</ns3:cad>
          </ns3:TrackPointExtension>
        </extensions>
      </trkpt>
      <trkpt lat="-33.4029706008732318878173828125" lon="-70.53818802349269390106201171875">
        <ele>768.4000244140625</ele>
        <time>2022-10-17T18:19:00.000Z</time>
        <extensions>
          <ns3:TrackPointExtension>
            <ns3:hr>148</ns3:hr>
            <ns3:cad>83</ns3:cad>
          </ns3:TrackPointExtension>
        </extensions>
      </trkpt>
      <trkpt lat="-33.40292944572865962982177734375" lon="-70.538146197795867919921875">
        <ele>769.5999755859375</ele>
        <time>2022-10-17T18:19:06.000Z</time>
        <extensions>
          <ns3:TrackPointExtension>
            <ns3:hr>148</ns3:hr>
            <ns3:cad>77</ns3:cad>
          </ns3:TrackPointExtension>
        </extensions>
      </trkpt>
      <trkpt lat="-33.4029100835323333740234375" lon="-70.5381487123668193817138671875">
        <ele>770</ele>
        <time>2022-10-17T18:19:09.000Z</time>
        <extensions>
          <ns3:TrackPointExtension>
            <ns3:hr>149</ns3:hr>
            <ns3:cad>77</ns3:cad>
          </ns3:TrackPointExtension>
        </extensions>
      </trkpt>
      <trkpt lat="-33.402858786284923553466796875" lon="-70.538174025714397430419921875">
        <ele>770.79998779296875</ele>
        <time>2022-10-17T18:19:14.000Z</time>
        <extensions>
          <ns3:TrackPointExtension>
            <ns3:hr>153</ns3:hr>
            <ns3:cad>76</ns3:cad>
          </ns3:TrackPointExtension>
        </extensions>
      </trkpt>
      <trkpt lat="-33.4028331376612186431884765625" lon="-70.53818701766431331634521484375">
        <ele>771.4000244140625</ele>
        <time>2022-10-17T18:19:17.000Z</time>
        <extensions>
          <ns3:TrackPointExtension>
            <ns3:hr>156</ns3:hr>
            <ns3:cad>72</ns3:cad>
          </ns3:TrackPointExtension>
        </extensions>
      </trkpt>
      <trkpt lat="-33.402828276157379150390625" lon="-70.53819187916815280914306640625">
        <ele>771.20001220703125</ele>
        <time>2022-10-17T18:19:18.000Z</time>
        <extensions>
          <ns3:TrackPointExtension>
            <ns3:hr>157</ns3:hr>
            <ns3:cad>71</ns3:cad>
          </ns3:TrackPointExtension>
        </extensions>
      </trkpt>
      <trkpt lat="-33.402750156819820404052734375" lon="-70.53822808898985385894775390625">
        <ele>771.20001220703125</ele>
        <time>2022-10-17T18:19:26.000Z</time>
        <extensions>
          <ns3:TrackPointExtension>
            <ns3:hr>160</ns3:hr>
            <ns3:cad>74</ns3:cad>
          </ns3:TrackPointExtension>
        </extensions>
      </trkpt>
      <trkpt lat="-33.402688466012477874755859375" lon="-70.5382281728088855743408203125">
        <ele>771.5999755859375</ele>
        <time>2022-10-17T18:19:32.000Z</time>
        <extensions>
          <ns3:TrackPointExtension>
            <ns3:hr>161</ns3:hr>
            <ns3:cad>72</ns3:cad>
          </ns3:TrackPointExtension>
        </extensions>
      </trkpt>
      <trkpt lat="-33.40267865918576717376708984375" lon="-70.5382224731147289276123046875">
        <ele>771.79998779296875</ele>
        <time>2022-10-17T18:19:33.000Z</time>
        <extensions>
          <ns3:TrackPointExtension>
            <ns3:hr>161</ns3:hr>
            <ns3:cad>72</ns3:cad>
          </ns3:TrackPointExtension>
        </extensions>
      </trkpt>
      <trkpt lat="-33.402605988085269927978515625" lon="-70.53819204680621623992919921875">
        <ele>774</ele>
        <time>2022-10-17T18:19:40.000Z</time>
        <extensions>
          <ns3:TrackPointExtension>
            <ns3:hr>162</ns3:hr>
            <ns3:cad>68</ns3:cad>
          </ns3:TrackPointExtension>
        </extensions>
      </trkpt>
      <trkpt lat="-33.402562402188777923583984375" lon="-70.53816170431673526763916015625">
        <ele>776</ele>
        <time>2022-10-17T18:19:46.000Z</time>
        <extensions>
          <ns3:TrackPointExtension>
            <ns3:hr>163</ns3:hr>
            <ns3:cad>121</ns3:cad>
          </ns3:TrackPointExtension>
        </extensions>
      </trkpt>
      <trkpt lat="-33.4025283716619014739990234375" lon="-70.5380840040743350982666015625">
        <ele>778.79998779296875</ele>
        <time>2022-10-17T18:19:51.000Z</time>
        <extensions>
          <ns3:TrackPointExtension>
            <ns3:hr>165</ns3:hr>
            <ns3:cad>65</ns3:cad>
          </ns3:TrackPointExtension>
        </extensions>
      </trkpt>
      <trkpt lat="-33.40243826620280742645263671875" lon="-70.5381366424262523651123046875">
        <ele>780.4000244140625</ele>
        <time>2022-10-17T18:20:02.000Z</time>
        <extensions>
          <ns3:TrackPointExtension>
            <ns3:hr>162</ns3:hr>
            <ns3:cad>66</ns3:cad>
          </ns3:TrackPointExtension>
        </extensions>
      </trkpt>
      <trkpt lat="-33.40235696174204349517822265625" lon="-70.53811409510672092437744140625">
        <ele>783.4000244140625</ele>
        <time>2022-10-17T18:20:10.000Z</time>
        <extensions>
          <ns3:TrackPointExtension>
            <ns3:hr>161</ns3:hr>
            <ns3:cad>66</ns3:cad>
          </ns3:TrackPointExtension>
        </extensions>
      </trkpt>
      <trkpt lat="-33.40232661925256252288818359375" lon="-70.53809867240488529205322265625">
        <ele>784.5999755859375</ele>
        <time>2022-10-17T18:20:14.000Z</time>
        <extensions>
          <ns3:TrackPointExtension>
            <ns3:hr>161</ns3:hr>
            <ns3:cad>67</ns3:cad>
          </ns3:TrackPointExtension>
        </extensions>
      </trkpt>
      <trkpt lat="-33.402248919010162353515625" lon="-70.53809456527233123779296875">
        <ele>787</ele>
        <time>2022-10-17T18:20:23.000Z</time>
        <extensions>
          <ns3:TrackPointExtension>
            <ns3:hr>160</ns3:hr>
            <ns3:cad>120</ns3:cad>
          </ns3:TrackPointExtension>
        </extensions>
      </trkpt>
      <trkpt lat="-33.40207851491868495941162109375" lon="-70.5380456149578094482421875">
        <ele>793.20001220703125</ele>
        <time>2022-10-17T18:20:46.000Z</time>
        <extensions>
          <ns3:TrackPointExtension>
            <ns3:hr>158</ns3:hr>
            <ns3:cad>122</ns3:cad>
          </ns3:TrackPointExtension>
        </extensions>
      </trkpt>
      <trkpt lat="-33.402044065296649932861328125" lon="-70.53801837377250194549560546875">
        <ele>794.79998779296875</ele>
        <time>2022-10-17T18:20:49.000Z</time>
        <extensions>
          <ns3:TrackPointExtension>
            <ns3:hr>158</ns3:hr>
            <ns3:cad>66</ns3:cad>
          </ns3:TrackPointExtension>
        </extensions>
      </trkpt>
      <trkpt lat="-33.40186209417879581451416015625" lon="-70.53802977316081523895263671875">
        <ele>800</ele>
        <time>2022-10-17T18:21:07.000Z</time>
        <extensions>
          <ns3:TrackPointExtension>
            <ns3:hr>158</ns3:hr>
            <ns3:cad>67</ns3:cad>
          </ns3:TrackPointExtension>
        </extensions>
      </trkpt>
      <trkpt lat="-33.401791267096996307373046875" lon="-70.53803748451173305511474609375">
        <ele>801.20001220703125</ele>
        <time>2022-10-17T18:21:13.000Z</time>
        <extensions>
          <ns3:TrackPointExtension>
            <ns3:hr>158</ns3:hr>
            <ns3:cad>66</ns3:cad>
          </ns3:TrackPointExtension>
        </extensions>
      </trkpt>
      <trkpt lat="-33.40162589214742183685302734375" lon="-70.53792893886566162109375">
        <ele>806.5999755859375</ele>
        <time>2022-10-17T18:21:26.000Z</time>
        <extensions>
          <ns3:TrackPointExtension>
            <ns3:hr>158</ns3:hr>
            <ns3:cad>68</ns3:cad>
          </ns3:TrackPointExtension>
        </extensions>
      </trkpt>
      <trkpt lat="-33.40158062987029552459716796875" lon="-70.53788937628269195556640625">
        <ele>808</ele>
        <time>2022-10-17T18:21:29.000Z</time>
        <extensions>
          <ns3:TrackPointExtension>
            <ns3:hr>157</ns3:hr>
            <ns3:cad>70</ns3:cad>
          </ns3:TrackPointExtension>
        </extensions>
      </trkpt>
      <trkpt lat="-33.40146428905427455902099609375" lon="-70.53773305378854274749755859375">
        <ele>812.5999755859375</ele>
        <time>2022-10-17T18:21:38.000Z</time>
        <extensions>
          <ns3:TrackPointExtension>
            <ns3:hr>160</ns3:hr>
            <ns3:cad>74</ns3:cad>
          </ns3:TrackPointExtension>
        </extensions>
      </trkpt>
      <trkpt lat="-33.4014420770108699798583984375" lon="-70.53772970102727413177490234375">
        <ele>813</ele>
        <time>2022-10-17T18:21:40.000Z</time>
        <extensions>
          <ns3:TrackPointExtension>
            <ns3:hr>159</ns3:hr>
            <ns3:cad>74</ns3:cad>
          </ns3:TrackPointExtension>
        </extensions>
      </trkpt>
      <trkpt lat="-33.4013009257614612579345703125" lon="-70.5375619791448116302490234375">
        <ele>818.20001220703125</ele>
        <time>2022-10-17T18:21:48.000Z</time>
        <extensions>
          <ns3:TrackPointExtension>
            <ns3:hr>159</ns3:hr>
            <ns3:cad>81</ns3:cad>
          </ns3:TrackPointExtension>
        </extensions>
      </trkpt>
      <trkpt lat="-33.401213251054286956787109375" lon="-70.5374654196202754974365234375">
        <ele>821.20001220703125</ele>
        <time>2022-10-17T18:21:52.000Z</time>
        <extensions>
          <ns3:TrackPointExtension>
            <ns3:hr>156</ns3:hr>
            <ns3:cad>85</ns3:cad>
          </ns3:TrackPointExtension>
        </extensions>
      </trkpt>
      <trkpt lat="-33.4010712616145610809326171875" lon="-70.53730188868939876556396484375">
        <ele>826.4000244140625</ele>
        <time>2022-10-17T18:21:59.000Z</time>
        <extensions>
          <ns3:TrackPointExtension>
            <ns3:hr>156</ns3:hr>
            <ns3:cad>85</ns3:cad>
          </ns3:TrackPointExtension>
        </extensions>
      </trkpt>
      <trkpt lat="-33.40092499740421772003173828125" lon="-70.53716308437287807464599609375">
        <ele>831</ele>
        <time>2022-10-17T18:22:06.000Z</time>
        <extensions>
          <ns3:TrackPointExtension>
            <ns3:hr>153</ns3:hr>
            <ns3:cad>85</ns3:cad>
          </ns3:TrackPointExtension>
        </extensions>
      </trkpt>
      <trkpt lat="-33.4007758833467960357666015625" lon="-70.53702025674283504486083984375">
        <ele>831.79998779296875</ele>
        <time>2022-10-17T18:22:13.000Z</time>
        <extensions>
          <ns3:TrackPointExtension>
            <ns3:hr>151</ns3:hr>
            <ns3:cad>81</ns3:cad>
          </ns3:TrackPointExtension>
        </extensions>
      </trkpt>
      <trkpt lat="-33.40062123723328113555908203125" lon="-70.536882542073726654052734375">
        <ele>832.79998779296875</ele>
        <time>2022-10-17T18:22:20.000Z</time>
        <extensions>
          <ns3:TrackPointExtension>
            <ns3:hr>149</ns3:hr>
            <ns3:cad>87</ns3:cad>
          </ns3:TrackPointExtension>
        </extensions>
      </trkpt>
      <trkpt lat="-33.40046885423362255096435546875" lon="-70.53673761896789073944091796875">
        <ele>833.5999755859375</ele>
        <time>2022-10-17T18:22:27.000Z</time>
        <extensions>
          <ns3:TrackPointExtension>
            <ns3:hr>146</ns3:hr>
            <ns3:cad>86</ns3:cad>
          </ns3:TrackPointExtension>
        </extensions>
      </trkpt>
      <trkpt lat="-33.400405235588550567626953125" lon="-70.5366684682667255401611328125">
        <ele>834</ele>
        <time>2022-10-17T18:22:30.000Z</time>
        <extensions>
          <ns3:TrackPointExtension>
            <ns3:hr>142</ns3:hr>
            <ns3:cad>87</ns3:cad>
          </ns3:TrackPointExtension>
        </extensions>
      </trkpt>
      <trkpt lat="-33.4002518467605113983154296875" lon="-70.53653159178793430328369140625">
        <ele>835</ele>
        <time>2022-10-17T18:22:37.000Z</time>
        <extensions>
          <ns3:TrackPointExtension>
            <ns3:hr>141</ns3:hr>
            <ns3:cad>87</ns3:cad>
          </ns3:TrackPointExtension>
        </extensions>
      </trkpt>
      <trkpt lat="-33.4001043252646923065185546875" lon="-70.5363878421485424041748046875">
        <ele>836</ele>
        <time>2022-10-17T18:22:44.000Z</time>
        <extensions>
          <ns3:TrackPointExtension>
            <ns3:hr>142</ns3:hr>
            <ns3:cad>85</ns3:cad>
          </ns3:TrackPointExtension>
        </extensions>
      </trkpt>
      <trkpt lat="-33.39998320676386356353759765625" lon="-70.53626127541065216064453125">
        <ele>835.79998779296875</ele>
        <time>2022-10-17T18:22:50.000Z</time>
        <extensions>
          <ns3:TrackPointExtension>
            <ns3:hr>139</ns3:hr>
            <ns3:cad>84</ns3:cad>
          </ns3:TrackPointExtension>
        </extensions>
      </trkpt>
      <trkpt lat="-33.399835266172885894775390625" lon="-70.53612506948411464691162109375">
        <ele>835.20001220703125</ele>
        <time>2022-10-17T18:22:57.000Z</time>
        <extensions>
          <ns3:TrackPointExtension>
            <ns3:hr>138</ns3:hr>
            <ns3:cad>83</ns3:cad>
          </ns3:TrackPointExtension>
        </extensions>
      </trkpt>
      <trkpt lat="-33.399653546512126922607421875" lon="-70.53599565289914608001708984375">
        <ele>835.79998779296875</ele>
        <time>2022-10-17T18:23:04.000Z</time>
        <extensions>
          <ns3:TrackPointExtension>
            <ns3:hr>135</ns3:hr>
            <ns3:cad>88</ns3:cad>
          </ns3:TrackPointExtension>
        </extensions>
      </trkpt>
      <trkpt lat="-33.399451710283756256103515625" lon="-70.53586070425808429718017578125">
        <ele>836.5999755859375</ele>
        <time>2022-10-17T18:23:12.000Z</time>
        <extensions>
          <ns3:TrackPointExtension>
            <ns3:hr>135</ns3:hr>
            <ns3:cad>83</ns3:cad>
          </ns3:TrackPointExtension>
        </extensions>
      </trkpt>
      <trkpt lat="-33.3992676436901092529296875" lon="-70.53575827740132808685302734375">
        <ele>837.4000244140625</ele>
        <time>2022-10-17T18:23:19.000Z</time>
        <extensions>
          <ns3:TrackPointExtension>
            <ns3:hr>134</ns3:hr>
            <ns3:cad>84</ns3:cad>
          </ns3:TrackPointExtension>
        </extensions>
      </trkpt>
      <trkpt lat="-33.3990790508687496185302734375" lon="-70.53566808812320232391357421875">
        <ele>836.4000244140625</ele>
        <time>2022-10-17T18:23:26.000Z</time>
        <extensions>
          <ns3:TrackPointExtension>
            <ns3:hr>136</ns3:hr>
            <ns3:cad>85</ns3:cad>
          </ns3:TrackPointExtension>
        </extensions>
      </trkpt>
      <trkpt lat="-33.39889012277126312255859375" lon="-70.5355846881866455078125">
        <ele>835.79998779296875</ele>
        <time>2022-10-17T18:23:33.000Z</time>
        <extensions>
          <ns3:TrackPointExtension>
            <ns3:hr>135</ns3:hr>
            <ns3:cad>84</ns3:cad>
          </ns3:TrackPointExtension>
        </extensions>
      </trkpt>
      <trkpt lat="-33.39870370924472808837890625" lon="-70.5355275236070156097412109375">
        <ele>836.20001220703125</ele>
        <time>2022-10-17T18:23:40.000Z</time>
        <extensions>
          <ns3:TrackPointExtension>
            <ns3:hr>135</ns3:hr>
            <ns3:cad>85</ns3:cad>
          </ns3:TrackPointExtension>
        </extensions>
      </trkpt>
      <trkpt lat="-33.39851167984306812286376953125" lon="-70.535465665161609649658203125">
        <ele>836.4000244140625</ele>
        <time>2022-10-17T18:23:47.000Z</time>
        <extensions>
          <ns3:TrackPointExtension>
            <ns3:hr>134</ns3:hr>
            <ns3:cad>83</ns3:cad>
          </ns3:TrackPointExtension>
        </extensions>
      </trkpt>
      <trkpt lat="-33.3984306268393993377685546875" lon="-70.53539651446044445037841796875">
        <ele>835.20001220703125</ele>
        <time>2022-10-17T18:23:51.000Z</time>
        <extensions>
          <ns3:TrackPointExtension>
            <ns3:hr>135</ns3:hr>
            <ns3:cad>85</ns3:cad>
          </ns3:TrackPointExtension>
        </extensions>
      </trkpt>
      <trkpt lat="-33.3986002765595912933349609375" lon="-70.53528905846178531646728515625">
        <ele>830.4000244140625</ele>
        <time>2022-10-17T18:23:57.000Z</time>
        <extensions>
          <ns3:TrackPointExtension>
            <ns3:hr>134</ns3:hr>
            <ns3:cad>85</ns3:cad>
          </ns3:TrackPointExtension>
        </extensions>
      </trkpt>
      <trkpt lat="-33.398740254342555999755859375" lon="-70.535267181694507598876953125">
        <ele>828</ele>
        <time>2022-10-17T18:24:01.000Z</time>
        <extensions>
          <ns3:TrackPointExtension>
            <ns3:hr>132</ns3:hr>
            <ns3:cad>86</ns3:cad>
          </ns3:TrackPointExtension>
        </extensions>
      </trkpt>
      <trkpt lat="-33.398937396705150604248046875" lon="-70.53528017364442348480224609375">
        <ele>826</ele>
        <time>2022-10-17T18:24:07.000Z</time>
        <extensions>
          <ns3:TrackPointExtension>
            <ns3:hr>133</ns3:hr>
            <ns3:cad>84</ns3:cad>
          </ns3:TrackPointExtension>
        </extensions>
      </trkpt>
      <trkpt lat="-33.39914669282734394073486328125" lon="-70.53529375232756137847900390625">
        <ele>824</ele>
        <time>2022-10-17T18:24:13.000Z</time>
        <extensions>
          <ns3:TrackPointExtension>
            <ns3:hr>133</ns3:hr>
            <ns3:cad>84</ns3:cad>
          </ns3:TrackPointExtension>
        </extensions>
      </trkpt>
      <trkpt lat="-33.39937501586973667144775390625" lon="-70.5353447981178760528564453125">
        <ele>822.4000244140625</ele>
        <time>2022-10-17T18:24:20.000Z</time>
        <extensions>
          <ns3:TrackPointExtension>
            <ns3:hr>134</ns3:hr>
            <ns3:cad>86</ns3:cad>
          </ns3:TrackPointExtension>
        </extensions>
      </trkpt>
      <trkpt lat="-33.399556316435337066650390625" lon="-70.53539014421403408050537109375">
        <ele>819.79998779296875</ele>
        <time>2022-10-17T18:24:26.000Z</time>
        <extensions>
          <ns3:TrackPointExtension>
            <ns3:hr>134</ns3:hr>
            <ns3:cad>89</ns3:cad>
          </ns3:TrackPointExtension>
        </extensions>
      </trkpt>
      <trkpt lat="-33.39975153096020221710205078125" lon="-70.535397939383983612060546875">
        <ele>815.79998779296875</ele>
        <time>2022-10-17T18:24:33.000Z</time>
        <extensions>
          <ns3:TrackPointExtension>
            <ns3:hr>134</ns3:hr>
            <ns3:cad>87</ns3:cad>
          </ns3:TrackPointExtension>
        </extensions>
      </trkpt>
      <trkpt lat="-33.399926461279392242431640625" lon="-70.53546063601970672607421875">
        <ele>813.5999755859375</ele>
        <time>2022-10-17T18:24:39.000Z</time>
        <extensions>
          <ns3:TrackPointExtension>
            <ns3:hr>134</ns3:hr>
            <ns3:cad>86</ns3:cad>
          </ns3:TrackPointExtension>
        </extensions>
      </trkpt>
      <trkpt lat="-33.4000868909060955047607421875" lon="-70.5355674214661121368408203125">
        <ele>813.20001220703125</ele>
        <time>2022-10-17T18:24:45.000Z</time>
        <extensions>
          <ns3:TrackPointExtension>
            <ns3:hr>134</ns3:hr>
            <ns3:cad>86</ns3:cad>
          </ns3:TrackPointExtension>
        </extensions>
      </trkpt>
      <trkpt lat="-33.40025628916919231414794921875" lon="-70.5356867797672748565673828125">
        <ele>812.4000244140625</ele>
        <time>2022-10-17T18:24:51.000Z</time>
        <extensions>
          <ns3:TrackPointExtension>
            <ns3:hr>134</ns3:hr>
            <ns3:cad>86</ns3:cad>
          </ns3:TrackPointExtension>
        </extensions>
      </trkpt>
      <trkpt lat="-33.40043381787836551666259765625" lon="-70.5357759632170200347900390625">
        <ele>810.4000244140625</ele>
        <time>2022-10-17T18:24:58.000Z</time>
        <extensions>
          <ns3:TrackPointExtension>
            <ns3:hr>133</ns3:hr>
            <ns3:cad>88</ns3:cad>
          </ns3:TrackPointExtension>
        </extensions>
      </trkpt>
      <trkpt lat="-33.4006297029554843902587890625" lon="-70.53583472035825252532958984375">
        <ele>808.4000244140625</ele>
        <time>2022-10-17T18:25:05.000Z</time>
        <extensions>
          <ns3:TrackPointExtension>
            <ns3:hr>132</ns3:hr>
            <ns3:cad>83</ns3:cad>
          </ns3:TrackPointExtension>
        </extensions>
      </trkpt>
      <trkpt lat="-33.40081787668168544769287109375" lon="-70.535930693149566650390625">
        <ele>807.20001220703125</ele>
        <time>2022-10-17T18:25:12.000Z</time>
        <extensions>
          <ns3:TrackPointExtension>
            <ns3:hr>130</ns3:hr>
            <ns3:cad>80</ns3:cad>
          </ns3:TrackPointExtension>
        </extensions>
      </trkpt>
      <trkpt lat="-33.4010524861514568328857421875" lon="-70.53603588603436946868896484375">
        <ele>804.79998779296875</ele>
        <time>2022-10-17T18:25:19.000Z</time>
        <extensions>
          <ns3:TrackPointExtension>
            <ns3:hr>129</ns3:hr>
            <ns3:cad>87</ns3:cad>
          </ns3:TrackPointExtension>
        </extensions>
      </trkpt>
      <trkpt lat="-33.4012301824986934661865234375" lon="-70.53610838949680328369140625">
        <ele>801.4000244140625</ele>
        <time>2022-10-17T18:25:25.000Z</time>
        <extensions>
          <ns3:TrackPointExtension>
            <ns3:hr>129</ns3:hr>
            <ns3:cad>81</ns3:cad>
          </ns3:TrackPointExtension>
        </extensions>
      </trkpt>
      <trkpt lat="-33.4014102257788181304931640625" lon="-70.53624409250915050506591796875">
        <ele>799</ele>
        <time>2022-10-17T18:25:31.000Z</time>
        <extensions>
          <ns3:TrackPointExtension>
            <ns3:hr>132</ns3:hr>
            <ns3:cad>81</ns3:cad>
          </ns3:TrackPointExtension>
        </extensions>
      </trkpt>
      <trkpt lat="-33.401527740061283111572265625" lon="-70.5362983234226703643798828125">
        <ele>796.79998779296875</ele>
        <time>2022-10-17T18:25:35.000Z</time>
        <extensions>
          <ns3:TrackPointExtension>
            <ns3:hr>131</ns3:hr>
            <ns3:cad>85</ns3:cad>
          </ns3:TrackPointExtension>
        </extensions>
      </trkpt>
      <trkpt lat="-33.401657156646251678466796875" lon="-70.5364148318767547607421875">
        <ele>795.79998779296875</ele>
        <time>2022-10-17T18:25:40.000Z</time>
        <extensions>
          <ns3:TrackPointExtension>
            <ns3:hr>128</ns3:hr>
            <ns3:cad>85</ns3:cad>
          </ns3:TrackPointExtension>
        </extensions>
      </trkpt>
      <trkpt lat="-33.4017807058990001678466796875" lon="-70.536544583737850189208984375">
        <ele>795.4000244140625</ele>
        <time>2022-10-17T18:25:45.000Z</time>
        <extensions>
          <ns3:TrackPointExtension>
            <ns3:hr>125</ns3:hr>
            <ns3:cad>84</ns3:cad>
          </ns3:TrackPointExtension>
        </extensions>
      </trkpt>
      <trkpt lat="-33.401952870190143585205078125" lon="-70.53667307831346988677978515625">
        <ele>792.79998779296875</ele>
        <time>2022-10-17T18:25:52.000Z</time>
        <extensions>
          <ns3:TrackPointExtension>
            <ns3:hr>125</ns3:hr>
            <ns3:cad>84</ns3:cad>
          </ns3:TrackPointExtension>
        </extensions>
      </trkpt>
      <trkpt lat="-33.40213165618479251861572265625" lon="-70.536797046661376953125">
        <ele>789.5999755859375</ele>
        <time>2022-10-17T18:25:59.000Z</time>
        <extensions>
          <ns3:TrackPointExtension>
            <ns3:hr>124</ns3:hr>
            <ns3:cad>88</ns3:cad>
          </ns3:TrackPointExtension>
        </extensions>
      </trkpt>
      <trkpt lat="-33.40222201310098171234130859375" lon="-70.5369138903915882110595703125">
        <ele>789.20001220703125</ele>
        <time>2022-10-17T18:26:03.000Z</time>
        <extensions>
          <ns3:TrackPointExtension>
            <ns3:hr>128</ns3:hr>
            <ns3:cad>88</ns3:cad>
          </ns3:TrackPointExtension>
        </extensions>
      </trkpt>
      <trkpt lat="-33.40239442884922027587890625" lon="-70.5370540358126163482666015625">
        <ele>786.79998779296875</ele>
        <time>2022-10-17T18:26:10.000Z</time>
        <extensions>
          <ns3:TrackPointExtension>
            <ns3:hr>130</ns3:hr>
            <ns3:cad>83</ns3:cad>
          </ns3:TrackPointExtension>
        </extensions>
      </trkpt>
      <trkpt lat="-33.40254253707826137542724609375" lon="-70.53714749403297901153564453125">
        <ele>784</ele>
        <time>2022-10-17T18:26:18.000Z</time>
        <extensions>
          <ns3:TrackPointExtension>
            <ns3:hr>129</ns3:hr>
            <ns3:cad>83</ns3:cad>
          </ns3:TrackPointExtension>
        </extensions>
      </trkpt>
      <trkpt lat="-33.4025625698268413543701171875" lon="-70.5371462367475032806396484375">
        <ele>783.20001220703125</ele>
        <time>2022-10-17T18:26:19.000Z</time>
        <extensions>
          <ns3:TrackPointExtension>
            <ns3:hr>129</ns3:hr>
            <ns3:cad>83</ns3:cad>
          </ns3:TrackPointExtension>
        </extensions>
      </trkpt>
      <trkpt lat="-33.40274688787758350372314453125" lon="-70.53722293116152286529541015625">
        <ele>778.5999755859375</ele>
        <time>2022-10-17T18:26:26.000Z</time>
        <extensions>
          <ns3:TrackPointExtension>
            <ns3:hr>129</ns3:hr>
            <ns3:cad>84</ns3:cad>
          </ns3:TrackPointExtension>
        </extensions>
      </trkpt>
      <trkpt lat="-33.40279332362115383148193359375" lon="-70.5372391082346439361572265625">
        <ele>777.4000244140625</ele>
        <time>2022-10-17T18:26:28.000Z</time>
        <extensions>
          <ns3:TrackPointExtension>
            <ns3:hr>129</ns3:hr>
            <ns3:cad>79</ns3:cad>
          </ns3:TrackPointExtension>
        </extensions>
      </trkpt>
      <trkpt lat="-33.4030044637620449066162109375" lon="-70.53728546015918254852294921875">
        <ele>772.5999755859375</ele>
        <time>2022-10-17T18:26:35.000Z</time>
        <extensions>
          <ns3:TrackPointExtension>
            <ns3:hr>130</ns3:hr>
            <ns3:cad>82</ns3:cad>
          </ns3:TrackPointExtension>
        </extensions>
      </trkpt>
      <trkpt lat="-33.4031851775944232940673828125" lon="-70.53734731860458850860595703125">
        <ele>768.20001220703125</ele>
        <time>2022-10-17T18:26:41.000Z</time>
        <extensions>
          <ns3:TrackPointExtension>
            <ns3:hr>131</ns3:hr>
            <ns3:cad>89</ns3:cad>
          </ns3:TrackPointExtension>
        </extensions>
      </trkpt>
      <trkpt lat="-33.4033491276204586029052734375" lon="-70.5374610610306262969970703125">
        <ele>764</ele>
        <time>2022-10-17T18:26:47.000Z</time>
        <extensions>
          <ns3:TrackPointExtension>
            <ns3:hr>130</ns3:hr>
            <ns3:cad>88</ns3:cad>
          </ns3:TrackPointExtension>
        </extensions>
      </trkpt>
      <trkpt lat="-33.40340235270559787750244140625" lon="-70.5376836843788623809814453125">
        <ele>762</ele>
        <time>2022-10-17T18:26:53.000Z</time>
        <extensions>
          <ns3:TrackPointExtension>
            <ns3:hr>130</ns3:hr>
            <ns3:cad>83</ns3:cad>
          </ns3:TrackPointExtension>
        </extensions>
      </trkpt>
      <trkpt lat="-33.403409980237483978271484375" lon="-70.53779818117618560791015625">
        <ele>761.4000244140625</ele>
        <time>2022-10-17T18:26:56.000Z</time>
        <extensions>
          <ns3:TrackPointExtension>
            <ns3:hr>129</ns3:hr>
            <ns3:cad>83</ns3:cad>
          </ns3:TrackPointExtension>
        </extensions>
      </trkpt>
      <trkpt lat="-33.4035620279610157012939453125" lon="-70.5379193834960460662841796875">
        <ele>758.5999755859375</ele>
        <time>2022-10-17T18:27:02.000Z</time>
        <extensions>
          <ns3:TrackPointExtension>
            <ns3:hr>129</ns3:hr>
            <ns3:cad>85</ns3:cad>
          </ns3:TrackPointExtension>
        </extensions>
      </trkpt>
      <trkpt lat="-33.4036096371710300445556640625" lon="-70.53797512315213680267333984375">
        <ele>758</ele>
        <time>2022-10-17T18:27:04.000Z</time>
        <extensions>
          <ns3:TrackPointExtension>
            <ns3:hr>129</ns3:hr>
            <ns3:cad>85</ns3:cad>
          </ns3:TrackPointExtension>
        </extensions>
      </trkpt>
      <trkpt lat="-33.40374626219272613525390625" lon="-70.5382214672863483428955078125">
        <ele>755.20001220703125</ele>
        <time>2022-10-17T18:27:11.000Z</time>
        <extensions>
          <ns3:TrackPointExtension>
            <ns3:hr>129</ns3:hr>
            <ns3:cad>85</ns3:cad>
          </ns3:TrackPointExtension>
        </extensions>
      </trkpt>
      <trkpt lat="-33.40375137515366077423095703125" lon="-70.538258515298366546630859375">
        <ele>755</ele>
        <time>2022-10-17T18:27:12.000Z</time>
        <extensions>
          <ns3:TrackPointExtension>
            <ns3:hr>129</ns3:hr>
            <ns3:cad>85</ns3:cad>
          </ns3:TrackPointExtension>
        </extensions>
      </trkpt>
      <trkpt lat="-33.40372237376868724822998046875" lon="-70.5384139157831668853759765625">
        <ele>753.5999755859375</ele>
        <time>2022-10-17T18:27:16.000Z</time>
        <extensions>
          <ns3:TrackPointExtension>
            <ns3:hr>129</ns3:hr>
            <ns3:cad>81</ns3:cad>
          </ns3:TrackPointExtension>
        </extensions>
      </trkpt>
      <trkpt lat="-33.4036991558969020843505859375" lon="-70.5386335216462612152099609375">
        <ele>751.5999755859375</ele>
        <time>2022-10-17T18:27:22.000Z</time>
        <extensions>
          <ns3:TrackPointExtension>
            <ns3:hr>129</ns3:hr>
            <ns3:cad>87</ns3:cad>
          </ns3:TrackPointExtension>
        </extensions>
      </trkpt>
      <trkpt lat="-33.403710387647151947021484375" lon="-70.53872379474341869354248046875">
        <ele>750.79998779296875</ele>
        <time>2022-10-17T18:27:26.000Z</time>
        <extensions>
          <ns3:TrackPointExtension>
            <ns3:hr>129</ns3:hr>
            <ns3:cad>85</ns3:cad>
          </ns3:TrackPointExtension>
        </extensions>
      </trkpt>
      <trkpt lat="-33.40368113480508327484130859375" lon="-70.5386888422071933746337890625">
        <ele>751.20001220703125</ele>
        <time>2022-10-17T18:27:30.000Z</time>
        <extensions>
          <ns3:TrackPointExtension>
            <ns3:hr>128</ns3:hr>
            <ns3:cad>0</ns3:cad>
          </ns3:TrackPointExtension>
        </extensions>
      </trkpt>
      <trkpt lat="-33.403682224452495574951171875" lon="-70.5386818014085292816162109375">
        <ele>751.4000244140625</ele>
        <time>2022-10-17T18:27:31.000Z</time>
        <extensions>
          <ns3:TrackPointExtension>
            <ns3:hr>128</ns3:hr>
            <ns3:cad>0</ns3:cad>
          </ns3:TrackPointExtension>
        </extensions>
      </trkpt>
      <trkpt lat="-33.40367040596902370452880859375" lon="-70.538682974874973297119140625">
        <ele>751.4000244140625</ele>
        <time>2022-10-17T18:27:36.000Z</time>
        <extensions>
          <ns3:TrackPointExtension>
            <ns3:hr>125</ns3:hr>
            <ns3:cad>60</ns3:cad>
          </ns3:TrackPointExtension>
        </extensions>
      </trkpt>
      <trkpt lat="-33.40365263633430004119873046875" lon="-70.53862606175243854522705078125">
        <ele>752</ele>
        <time>2022-10-17T18:27:43.000Z</time>
        <extensions>
          <ns3:TrackPointExtension>
            <ns3:hr>128</ns3:hr>
            <ns3:cad>67</ns3:cad>
          </ns3:TrackPointExtension>
        </extensions>
      </trkpt>
      <trkpt lat="-33.40365716256201267242431640625" lon="-70.5385168455541133880615234375">
        <ele>753</ele>
        <time>2022-10-17T18:27:47.000Z</time>
        <extensions>
          <ns3:TrackPointExtension>
            <ns3:hr>132</ns3:hr>
            <ns3:cad>78</ns3:cad>
          </ns3:TrackPointExtension>
        </extensions>
      </trkpt>
      <trkpt lat="-33.403702676296234130859375" lon="-70.538305453956127166748046875">
        <ele>754.79998779296875</ele>
        <time>2022-10-17T18:27:54.000Z</time>
        <extensions>
          <ns3:TrackPointExtension>
            <ns3:hr>134</ns3:hr>
            <ns3:cad>85</ns3:cad>
          </ns3:TrackPointExtension>
        </extensions>
      </trkpt>
      <trkpt lat="-33.40367945842444896697998046875" lon="-70.53822322748601436614990234375">
        <ele>755.79998779296875</ele>
        <time>2022-10-17T18:27:57.000Z</time>
        <extensions>
          <ns3:TrackPointExtension>
            <ns3:hr>131</ns3:hr>
            <ns3:cad>84</ns3:cad>
          </ns3:TrackPointExtension>
        </extensions>
      </trkpt>
      <trkpt lat="-33.403558172285556793212890625" lon="-70.53803362883627414703369140625">
        <ele>758.20001220703125</ele>
        <time>2022-10-17T18:28:05.000Z</time>
        <extensions>
          <ns3:TrackPointExtension>
            <ns3:hr>130</ns3:hr>
            <ns3:cad>83</ns3:cad>
          </ns3:TrackPointExtension>
        </extensions>
      </trkpt>
      <trkpt lat="-33.40351433493196964263916015625" lon="-70.53799264132976531982421875">
        <ele>758.79998779296875</ele>
        <time>2022-10-17T18:28:08.000Z</time>
        <extensions>
          <ns3:TrackPointExtension>
            <ns3:hr>132</ns3:hr>
            <ns3:cad>80</ns3:cad>
          </ns3:TrackPointExtension>
        </extensions>
      </trkpt>
      <trkpt lat="-33.40341098606586456298828125" lon="-70.53790387697517871856689453125">
        <ele>761</ele>
        <time>2022-10-17T18:28:16.000Z</time>
        <extensions>
          <ns3:TrackPointExtension>
            <ns3:hr>135</ns3:hr>
            <ns3:cad>71</ns3:cad>
          </ns3:TrackPointExtension>
        </extensions>
      </trkpt>
      <trkpt lat="-33.403385840356349945068359375" lon="-70.53787537850439548492431640625">
        <ele>761.5999755859375</ele>
        <time>2022-10-17T18:28:18.000Z</time>
        <extensions>
          <ns3:TrackPointExtension>
            <ns3:hr>138</ns3:hr>
            <ns3:cad>70</ns3:cad>
          </ns3:TrackPointExtension>
        </extensions>
      </trkpt>
      <trkpt lat="-33.40333948843181133270263671875" lon="-70.53778284229338169097900390625">
        <ele>763</ele>
        <time>2022-10-17T18:28:24.000Z</time>
        <extensions>
          <ns3:TrackPointExtension>
            <ns3:hr>141</ns3:hr>
            <ns3:cad>69</ns3:cad>
          </ns3:TrackPointExtension>
        </extensions>
      </trkpt>
      <trkpt lat="-33.40331970714032649993896484375" lon="-70.53772735409438610076904296875">
        <ele>763.79998779296875</ele>
        <time>2022-10-17T18:28:27.000Z</time>
        <extensions>
          <ns3:TrackPointExtension>
            <ns3:hr>144</ns3:hr>
            <ns3:cad>70</ns3:cad>
          </ns3:TrackPointExtension>
        </extensions>
      </trkpt>
      <trkpt lat="-33.40325005352497100830078125" lon="-70.53751897998154163360595703125">
        <ele>766</ele>
        <time>2022-10-17T18:28:37.000Z</time>
        <extensions>
          <ns3:TrackPointExtension>
            <ns3:hr>144</ns3:hr>
            <ns3:cad>74</ns3:cad>
          </ns3:TrackPointExtension>
        </extensions>
      </trkpt>
      <trkpt lat="-33.4030772186815738677978515625" lon="-70.537433065474033355712890625">
        <ele>770.4000244140625</ele>
        <time>2022-10-17T18:28:48.000Z</time>
        <extensions>
          <ns3:TrackPointExtension>
            <ns3:hr>145</ns3:hr>
            <ns3:cad>76</ns3:cad>
          </ns3:TrackPointExtension>
        </extensions>
      </trkpt>
      <trkpt lat="-33.40304511599242687225341796875" lon="-70.537426359951496124267578125">
        <ele>771</ele>
        <time>2022-10-17T18:28:51.000Z</time>
        <extensions>
          <ns3:TrackPointExtension>
            <ns3:hr>148</ns3:hr>
            <ns3:cad>73</ns3:cad>
          </ns3:TrackPointExtension>
        </extensions>
      </trkpt>
      <trkpt lat="-33.40298074297606945037841796875" lon="-70.53740582428872585296630859375">
        <ele>772.5999755859375</ele>
        <time>2022-10-17T18:28:56.000Z</time>
        <extensions>
          <ns3:TrackPointExtension>
            <ns3:hr>148</ns3:hr>
            <ns3:cad>65</ns3:cad>
          </ns3:TrackPointExtension>
        </extensions>
      </trkpt>
      <trkpt lat="-33.402858786284923553466796875" lon="-70.5373561196029186248779296875">
        <ele>775.5999755859375</ele>
        <time>2022-10-17T18:29:05.000Z</time>
        <extensions>
          <ns3:TrackPointExtension>
            <ns3:hr>149</ns3:hr>
            <ns3:cad>72</ns3:cad>
          </ns3:TrackPointExtension>
        </extensions>
      </trkpt>
      <trkpt lat="-33.40278343297541141510009765625" lon="-70.5373696982860565185546875">
        <ele>777.20001220703125</ele>
        <time>2022-10-17T18:29:11.000Z</time>
        <extensions>
          <ns3:TrackPointExtension>
            <ns3:hr>149</ns3:hr>
            <ns3:cad>67</ns3:cad>
          </ns3:TrackPointExtension>
        </extensions>
      </trkpt>
      <trkpt lat="-33.40266273356974124908447265625" lon="-70.537307672202587127685546875">
        <ele>780</ele>
        <time>2022-10-17T18:29:20.000Z</time>
        <extensions>
          <ns3:TrackPointExtension>
            <ns3:hr>150</ns3:hr>
            <ns3:cad>67</ns3:cad>
          </ns3:TrackPointExtension>
        </extensions>
      </trkpt>
      <trkpt lat="-33.4025464765727519989013671875" lon="-70.53721605800092220306396484375">
        <ele>784.20001220703125</ele>
        <time>2022-10-17T18:29:29.000Z</time>
        <extensions>
          <ns3:TrackPointExtension>
            <ns3:hr>151</ns3:hr>
            <ns3:cad>70</ns3:cad>
          </ns3:TrackPointExtension>
        </extensions>
      </trkpt>
      <trkpt lat="-33.402515463531017303466796875" lon="-70.53721622563898563385009765625">
        <ele>785.20001220703125</ele>
        <time>2022-10-17T18:29:32.000Z</time>
        <extensions>
          <ns3:TrackPointExtension>
            <ns3:hr>151</ns3:hr>
            <ns3:cad>70</ns3:cad>
          </ns3:TrackPointExtension>
        </extensions>
      </trkpt>
      <trkpt lat="-33.402382023632526397705078125" lon="-70.53722963668406009674072265625">
        <ele>789.4000244140625</ele>
        <time>2022-10-17T18:29:43.000Z</time>
        <extensions>
          <ns3:TrackPointExtension>
            <ns3:hr>150</ns3:hr>
            <ns3:cad>66</ns3:cad>
          </ns3:TrackPointExtension>
        </extensions>
      </trkpt>
      <trkpt lat="-33.402321338653564453125" lon="-70.5371432192623615264892578125">
        <ele>791</ele>
        <time>2022-10-17T18:29:47.000Z</time>
        <extensions>
          <ns3:TrackPointExtension>
            <ns3:hr>153</ns3:hr>
            <ns3:cad>74</ns3:cad>
          </ns3:TrackPointExtension>
        </extensions>
      </trkpt>
      <trkpt lat="-33.4021686203777790069580078125" lon="-70.53701497614383697509765625">
        <ele>793.20001220703125</ele>
        <time>2022-10-17T18:29:55.000Z</time>
        <extensions>
          <ns3:TrackPointExtension>
            <ns3:hr>151</ns3:hr>
            <ns3:cad>82</ns3:cad>
          </ns3:TrackPointExtension>
        </extensions>
      </trkpt>
      <trkpt lat="-33.40202118270099163055419921875" lon="-70.53687776438891887664794921875">
        <ele>795</ele>
        <time>2022-10-17T18:30:03.000Z</time>
        <extensions>
          <ns3:TrackPointExtension>
            <ns3:hr>149</ns3:hr>
            <ns3:cad>81</ns3:cad>
          </ns3:TrackPointExtension>
        </extensions>
      </trkpt>
      <trkpt lat="-33.40186871588230133056640625" lon="-70.53677852265536785125732421875">
        <ele>797.79998779296875</ele>
        <time>2022-10-17T18:30:13.000Z</time>
        <extensions>
          <ns3:TrackPointExtension>
            <ns3:hr>151</ns3:hr>
            <ns3:cad>72</ns3:cad>
          </ns3:TrackPointExtension>
        </extensions>
      </trkpt>
      <trkpt lat="-33.4017159976065158843994140625" lon="-70.53666469641029834747314453125">
        <ele>799.5999755859375</ele>
        <time>2022-10-17T18:30:23.000Z</time>
        <extensions>
          <ns3:TrackPointExtension>
            <ns3:hr>150</ns3:hr>
            <ns3:cad>73</ns3:cad>
          </ns3:TrackPointExtension>
        </extensions>
      </trkpt>
      <trkpt lat="-33.40156420134007930755615234375" lon="-70.5365283228456974029541015625">
        <ele>800.79998779296875</ele>
        <time>2022-10-17T18:30:32.000Z</time>
        <extensions>
          <ns3:TrackPointExtension>
            <ns3:hr>149</ns3:hr>
            <ns3:cad>79</ns3:cad>
          </ns3:TrackPointExtension>
        </extensions>
      </trkpt>
      <trkpt lat="-33.40140544809401035308837890625" lon="-70.5363906919956207275390625">
        <ele>802</ele>
        <time>2022-10-17T18:30:41.000Z</time>
        <extensions>
          <ns3:TrackPointExtension>
            <ns3:hr>148</ns3:hr>
            <ns3:cad>79</ns3:cad>
          </ns3:TrackPointExtension>
        </extensions>
      </trkpt>
      <trkpt lat="-33.40124434791505336761474609375" lon="-70.5362963117659091949462890625">
        <ele>804.4000244140625</ele>
        <time>2022-10-17T18:30:49.000Z</time>
        <extensions>
          <ns3:TrackPointExtension>
            <ns3:hr>147</ns3:hr>
            <ns3:cad>80</ns3:cad>
          </ns3:TrackPointExtension>
        </extensions>
      </trkpt>
      <trkpt lat="-33.40106212534010410308837890625" lon="-70.53620838560163974761962890625">
        <ele>807.5999755859375</ele>
        <time>2022-10-17T18:30:59.000Z</time>
        <extensions>
          <ns3:TrackPointExtension>
            <ns3:hr>144</ns3:hr>
            <ns3:cad>77</ns3:cad>
          </ns3:TrackPointExtension>
        </extensions>
      </trkpt>
      <trkpt lat="-33.40089465491473674774169921875" lon="-70.5361102335155010223388671875">
        <ele>809.20001220703125</ele>
        <time>2022-10-17T18:31:08.000Z</time>
        <extensions>
          <ns3:TrackPointExtension>
            <ns3:hr>145</ns3:hr>
            <ns3:cad>78</ns3:cad>
          </ns3:TrackPointExtension>
        </extensions>
      </trkpt>
      <trkpt lat="-33.40072869323194026947021484375" lon="-70.53601023741066455841064453125">
        <ele>810</ele>
        <time>2022-10-17T18:31:17.000Z</time>
        <extensions>
          <ns3:TrackPointExtension>
            <ns3:hr>144</ns3:hr>
            <ns3:cad>82</ns3:cad>
          </ns3:TrackPointExtension>
        </extensions>
      </trkpt>
      <trkpt lat="-33.40055577456951141357421875" lon="-70.5359043739736080169677734375">
        <ele>810.79998779296875</ele>
        <time>2022-10-17T18:31:27.000Z</time>
        <extensions>
          <ns3:TrackPointExtension>
            <ns3:hr>143</ns3:hr>
            <ns3:cad>78</ns3:cad>
          </ns3:TrackPointExtension>
        </extensions>
      </trkpt>
      <trkpt lat="-33.40037430636584758758544921875" lon="-70.53585215471684932708740234375">
        <ele>814</ele>
        <time>2022-10-17T18:31:38.000Z</time>
        <extensions>
          <ns3:TrackPointExtension>
            <ns3:hr>143</ns3:hr>
            <ns3:cad>73</ns3:cad>
          </ns3:TrackPointExtension>
        </extensions>
      </trkpt>
      <trkpt lat="-33.400208763778209686279296875" lon="-70.53577219136059284210205078125">
        <ele>816.20001220703125</ele>
        <time>2022-10-17T18:31:48.000Z</time>
        <extensions>
          <ns3:TrackPointExtension>
            <ns3:hr>146</ns3:hr>
            <ns3:cad>73</ns3:cad>
          </ns3:TrackPointExtension>
        </extensions>
      </trkpt>
      <trkpt lat="-33.4000449813902378082275390625" lon="-70.535662136971950531005859375">
        <ele>816.79998779296875</ele>
        <time>2022-10-17T18:31:57.000Z</time>
        <extensions>
          <ns3:TrackPointExtension>
            <ns3:hr>145</ns3:hr>
            <ns3:cad>76</ns3:cad>
          </ns3:TrackPointExtension>
        </extensions>
      </trkpt>
      <trkpt lat="-33.399894945323467254638671875" lon="-70.5355737917125225067138671875">
        <ele>817.4000244140625</ele>
        <time>2022-10-17T18:32:05.000Z</time>
        <extensions>
          <ns3:TrackPointExtension>
            <ns3:hr>148</ns3:hr>
            <ns3:cad>79</ns3:cad>
          </ns3:TrackPointExtension>
        </extensions>
      </trkpt>
      <trkpt lat="-33.39971247129142284393310546875" lon="-70.5355221591889858245849609375">
        <ele>820</ele>
        <time>2022-10-17T18:32:14.000Z</time>
        <extensions>
          <ns3:TrackPointExtension>
            <ns3:hr>147</ns3:hr>
            <ns3:cad>81</ns3:cad>
          </ns3:TrackPointExtension>
        </extensions>
      </trkpt>
      <trkpt lat="-33.3995310030877590179443359375" lon="-70.535516627132892608642578125">
        <ele>823.5999755859375</ele>
        <time>2022-10-17T18:32:23.000Z</time>
        <extensions>
          <ns3:TrackPointExtension>
            <ns3:hr>146</ns3:hr>
            <ns3:cad>77</ns3:cad>
          </ns3:TrackPointExtension>
        </extensions>
      </trkpt>
      <trkpt lat="-33.3993499539792537689208984375" lon="-70.535448230803012847900390625">
        <ele>825.79998779296875</ele>
        <time>2022-10-17T18:32:31.000Z</time>
        <extensions>
          <ns3:TrackPointExtension>
            <ns3:hr>147</ns3:hr>
            <ns3:cad>81</ns3:cad>
          </ns3:TrackPointExtension>
        </extensions>
      </trkpt>
      <trkpt lat="-33.39916211552917957305908203125" lon="-70.53538930602371692657470703125">
        <ele>826.4000244140625</ele>
        <time>2022-10-17T18:32:39.000Z</time>
        <extensions>
          <ns3:TrackPointExtension>
            <ns3:hr>145</ns3:hr>
            <ns3:cad>82</ns3:cad>
          </ns3:TrackPointExtension>
        </extensions>
      </trkpt>
      <trkpt lat="-33.398972265422344207763671875" lon="-70.5353615619242191314697265625">
        <ele>828</ele>
        <time>2022-10-17T18:32:47.000Z</time>
        <extensions>
          <ns3:TrackPointExtension>
            <ns3:hr>144</ns3:hr>
            <ns3:cad>84</ns3:cad>
          </ns3:TrackPointExtension>
        </extensions>
      </trkpt>
      <trkpt lat="-33.3987927250564098358154296875" lon="-70.5353032238781452178955078125">
        <ele>828.4000244140625</ele>
        <time>2022-10-17T18:32:55.000Z</time>
        <extensions>
          <ns3:TrackPointExtension>
            <ns3:hr>143</ns3:hr>
            <ns3:cad>83</ns3:cad>
          </ns3:TrackPointExtension>
        </extensions>
      </trkpt>
      <trkpt lat="-33.39859717525541782379150390625" lon="-70.5353183113038539886474609375">
        <ele>831.20001220703125</ele>
        <time>2022-10-17T18:33:04.000Z</time>
        <extensions>
          <ns3:TrackPointExtension>
            <ns3:hr>143</ns3:hr>
            <ns3:cad>79</ns3:cad>
          </ns3:TrackPointExtension>
        </extensions>
      </trkpt>
      <trkpt lat="-33.398473374545574188232421875" lon="-70.53533859550952911376953125">
        <ele>833.20001220703125</ele>
        <time>2022-10-17T18:33:11.000Z</time>
        <extensions>
          <ns3:TrackPointExtension>
            <ns3:hr>143</ns3:hr>
            <ns3:cad>79</ns3:cad>
          </ns3:TrackPointExtension>
        </extensions>
      </trkpt>
      <trkpt lat="-33.39853213168680667877197265625" lon="-70.53541730158030986785888671875">
        <ele>834.79998779296875</ele>
        <time>2022-10-17T18:33:17.000Z</time>
        <extensions>
          <ns3:TrackPointExtension>
            <ns3:hr>144</ns3:hr>
            <ns3:cad>73</ns3:cad>
          </ns3:TrackPointExtension>
        </extensions>
      </trkpt>
      <trkpt lat="-33.39871443808078765869140625" lon="-70.53546558134257793426513671875">
        <ele>834</ele>
        <time>2022-10-17T18:33:24.000Z</time>
        <extensions>
          <ns3:TrackPointExtension>
            <ns3:hr>146</ns3:hr>
            <ns3:cad>84</ns3:cad>
          </ns3:TrackPointExtension>
        </extensions>
      </trkpt>
      <trkpt lat="-33.3988959901034832000732421875" lon="-70.535506904125213623046875">
        <ele>833</ele>
        <time>2022-10-17T18:33:31.000Z</time>
        <extensions>
          <ns3:TrackPointExtension>
            <ns3:hr>145</ns3:hr>
            <ns3:cad>83</ns3:cad>
          </ns3:TrackPointExtension>
        </extensions>
      </trkpt>
      <trkpt lat="-33.3990810625255107879638671875" lon="-70.53557085804641246795654296875">
        <ele>833</ele>
        <time>2022-10-17T18:33:38.000Z</time>
        <extensions>
          <ns3:TrackPointExtension>
            <ns3:hr>146</ns3:hr>
            <ns3:cad>85</ns3:cad>
          </ns3:TrackPointExtension>
        </extensions>
      </trkpt>
      <trkpt lat="-33.39926320128142833709716796875" lon="-70.53564394824206829071044921875">
        <ele>833.4000244140625</ele>
        <time>2022-10-17T18:33:45.000Z</time>
        <extensions>
          <ns3:TrackPointExtension>
            <ns3:hr>143</ns3:hr>
            <ns3:cad>86</ns3:cad>
          </ns3:TrackPointExtension>
        </extensions>
      </trkpt>
      <trkpt lat="-33.39943905360996723175048828125" lon="-70.5357273481786251068115234375">
        <ele>832.4000244140625</ele>
        <time>2022-10-17T18:33:52.000Z</time>
        <extensions>
          <ns3:TrackPointExtension>
            <ns3:hr>141</ns3:hr>
            <ns3:cad>86</ns3:cad>
          </ns3:TrackPointExtension>
        </extensions>
      </trkpt>
      <trkpt lat="-33.399621360003948211669921875" lon="-70.53582566790282726287841796875">
        <ele>830.79998779296875</ele>
        <time>2022-10-17T18:33:59.000Z</time>
        <extensions>
          <ns3:TrackPointExtension>
            <ns3:hr>139</ns3:hr>
            <ns3:cad>84</ns3:cad>
          </ns3:TrackPointExtension>
        </extensions>
      </trkpt>
      <trkpt lat="-33.39978271164000034332275390625" lon="-70.53593396209180355072021484375">
        <ele>830.20001220703125</ele>
        <time>2022-10-17T18:34:06.000Z</time>
        <extensions>
          <ns3:TrackPointExtension>
            <ns3:hr>138</ns3:hr>
            <ns3:cad>87</ns3:cad>
          </ns3:TrackPointExtension>
        </extensions>
      </trkpt>
      <trkpt lat="-33.39995403774082660675048828125" lon="-70.5360495485365390777587890625">
        <ele>829.79998779296875</ele>
        <time>2022-10-17T18:34:13.000Z</time>
        <extensions>
          <ns3:TrackPointExtension>
            <ns3:hr>137</ns3:hr>
            <ns3:cad>85</ns3:cad>
          </ns3:TrackPointExtension>
        </extensions>
      </trkpt>
      <trkpt lat="-33.40010491199791431427001953125" lon="-70.5361699126660823822021484375">
        <ele>830</ele>
        <time>2022-10-17T18:34:20.000Z</time>
        <extensions>
          <ns3:TrackPointExtension>
            <ns3:hr>137</ns3:hr>
            <ns3:cad>86</ns3:cad>
          </ns3:TrackPointExtension>
        </extensions>
      </trkpt>
      <trkpt lat="-33.40024505741894245147705078125" lon="-70.5363103933632373809814453125">
        <ele>830.5999755859375</ele>
        <time>2022-10-17T18:34:27.000Z</time>
        <extensions>
          <ns3:TrackPointExtension>
            <ns3:hr>135</ns3:hr>
            <ns3:cad>82</ns3:cad>
          </ns3:TrackPointExtension>
        </extensions>
      </trkpt>
      <trkpt lat="-33.400395847856998443603515625" lon="-70.536450035870075225830078125">
        <ele>829.79998779296875</ele>
        <time>2022-10-17T18:34:34.000Z</time>
        <extensions>
          <ns3:TrackPointExtension>
            <ns3:hr>134</ns3:hr>
            <ns3:cad>87</ns3:cad>
          </ns3:TrackPointExtension>
        </extensions>
      </trkpt>
      <trkpt lat="-33.4005421958863735198974609375" lon="-70.53658858872950077056884765625">
        <ele>829</ele>
        <time>2022-10-17T18:34:41.000Z</time>
        <extensions>
          <ns3:TrackPointExtension>
            <ns3:hr>134</ns3:hr>
            <ns3:cad>86</ns3:cad>
          </ns3:TrackPointExtension>
        </extensions>
      </trkpt>
      <trkpt lat="-33.400687538087368011474609375" lon="-70.53674030117690563201904296875">
        <ele>828.4000244140625</ele>
        <time>2022-10-17T18:34:48.000Z</time>
        <extensions>
          <ns3:TrackPointExtension>
            <ns3:hr>134</ns3:hr>
            <ns3:cad>83</ns3:cad>
          </ns3:TrackPointExtension>
        </extensions>
      </trkpt>
      <trkpt lat="-33.40083849616348743438720703125" lon="-70.5368800275027751922607421875">
        <ele>827.4000244140625</ele>
        <time>2022-10-17T18:34:55.000Z</time>
        <extensions>
          <ns3:TrackPointExtension>
            <ns3:hr>134</ns3:hr>
            <ns3:cad>85</ns3:cad>
          </ns3:TrackPointExtension>
        </extensions>
      </trkpt>
      <trkpt lat="-33.4010082297027111053466796875" lon="-70.537017323076725006103515625">
        <ele>826</ele>
        <time>2022-10-17T18:35:03.000Z</time>
        <extensions>
          <ns3:TrackPointExtension>
            <ns3:hr>134</ns3:hr>
            <ns3:cad>83</ns3:cad>
          </ns3:TrackPointExtension>
        </extensions>
      </trkpt>
      <trkpt lat="-33.40115197934210300445556640625" lon="-70.5371633358299732208251953125">
        <ele>825.4000244140625</ele>
        <time>2022-10-17T18:35:10.000Z</time>
        <extensions>
          <ns3:TrackPointExtension>
            <ns3:hr>133</ns3:hr>
            <ns3:cad>82</ns3:cad>
          </ns3:TrackPointExtension>
        </extensions>
      </trkpt>
      <trkpt lat="-33.4012855030596256256103515625" lon="-70.537315718829631805419921875">
        <ele>821</ele>
        <time>2022-10-17T18:35:17.000Z</time>
        <extensions>
          <ns3:TrackPointExtension>
            <ns3:hr>130</ns3:hr>
            <ns3:cad>85</ns3:cad>
          </ns3:TrackPointExtension>
        </extensions>
      </trkpt>
      <trkpt lat="-33.40143310837447643280029296875" lon="-70.53749718703329563140869140625">
        <ele>815.79998779296875</ele>
        <time>2022-10-17T18:35:25.000Z</time>
        <extensions>
          <ns3:TrackPointExtension>
            <ns3:hr>129</ns3:hr>
            <ns3:cad>84</ns3:cad>
          </ns3:TrackPointExtension>
        </extensions>
      </trkpt>
      <trkpt lat="-33.401551879942417144775390625" lon="-70.53766616620123386383056640625">
        <ele>811.4000244140625</ele>
        <time>2022-10-17T18:35:32.000Z</time>
        <extensions>
          <ns3:TrackPointExtension>
            <ns3:hr>132</ns3:hr>
            <ns3:cad>85</ns3:cad>
          </ns3:TrackPointExtension>
        </extensions>
      </trkpt>
      <trkpt lat="-33.4015775285661220550537109375" lon="-70.53769282065331935882568359375">
        <ele>810.5999755859375</ele>
        <time>2022-10-17T18:35:34.000Z</time>
        <extensions>
          <ns3:TrackPointExtension>
            <ns3:hr>132</ns3:hr>
            <ns3:cad>84</ns3:cad>
          </ns3:TrackPointExtension>
        </extensions>
      </trkpt>
      <trkpt lat="-33.40168188326060771942138671875" lon="-70.53778619505465030670166015625">
        <ele>807.20001220703125</ele>
        <time>2022-10-17T18:35:40.000Z</time>
        <extensions>
          <ns3:TrackPointExtension>
            <ns3:hr>132</ns3:hr>
            <ns3:cad>82</ns3:cad>
          </ns3:TrackPointExtension>
        </extensions>
      </trkpt>
      <trkpt lat="-33.4018115513026714324951171875" lon="-70.5379441939294338226318359375">
        <ele>802.5999755859375</ele>
        <time>2022-10-17T18:35:49.000Z</time>
        <extensions>
          <ns3:TrackPointExtension>
            <ns3:hr>133</ns3:hr>
            <ns3:cad>83</ns3:cad>
          </ns3:TrackPointExtension>
        </extensions>
      </trkpt>
      <trkpt lat="-33.4019986353814601898193359375" lon="-70.53794930689036846160888671875">
        <ele>797</ele>
        <time>2022-10-17T18:35:58.000Z</time>
        <extensions>
          <ns3:TrackPointExtension>
            <ns3:hr>135</ns3:hr>
            <ns3:cad>83</ns3:cad>
          </ns3:TrackPointExtension>
        </extensions>
      </trkpt>
      <trkpt lat="-33.4020651876926422119140625" lon="-70.53795265965163707733154296875">
        <ele>795</ele>
        <time>2022-10-17T18:36:01.000Z</time>
        <extensions>
          <ns3:TrackPointExtension>
            <ns3:hr>135</ns3:hr>
            <ns3:cad>83</ns3:cad>
          </ns3:TrackPointExtension>
        </extensions>
      </trkpt>
      <trkpt lat="-33.40214640833437442779541015625" lon="-70.53799943067133426666259765625">
        <ele>792.20001220703125</ele>
        <time>2022-10-17T18:36:05.000Z</time>
        <extensions>
          <ns3:TrackPointExtension>
            <ns3:hr>138</ns3:hr>
            <ns3:cad>83</ns3:cad>
          </ns3:TrackPointExtension>
        </extensions>
      </trkpt>
      <trkpt lat="-33.402301557362079620361328125" lon="-70.53801217116415500640869140625">
        <ele>787.4000244140625</ele>
        <time>2022-10-17T18:36:12.000Z</time>
        <extensions>
          <ns3:TrackPointExtension>
            <ns3:hr>135</ns3:hr>
            <ns3:cad>61</ns3:cad>
          </ns3:TrackPointExtension>
        </extensions>
      </trkpt>
      <trkpt lat="-33.4024888090789318084716796875" lon="-70.5380608700215816497802734375">
        <ele>780.5999755859375</ele>
        <time>2022-10-17T18:36:20.000Z</time>
        <extensions>
          <ns3:TrackPointExtension>
            <ns3:hr>136</ns3:hr>
            <ns3:cad>57</ns3:cad>
          </ns3:TrackPointExtension>
        </extensions>
      </trkpt>
      <trkpt lat="-33.40269123204052448272705078125" lon="-70.5381487123668193817138671875">
        <ele>773.4000244140625</ele>
        <time>2022-10-17T18:36:31.000Z</time>
        <extensions>
          <ns3:TrackPointExtension>
            <ns3:hr>138</ns3:hr>
            <ns3:cad>52</ns3:cad>
          </ns3:TrackPointExtension>
        </extensions>
      </trkpt>
      <trkpt lat="-33.40287680737674236297607421875" lon="-70.5381125025451183319091796875">
        <ele>771</ele>
        <time>2022-10-17T18:36:40.000Z</time>
        <extensions>
          <ns3:TrackPointExtension>
            <ns3:hr>140</ns3:hr>
            <ns3:cad>71</ns3:cad>
          </ns3:TrackPointExtension>
        </extensions>
      </trkpt>
      <trkpt lat="-33.40300052426755428314208984375" lon="-70.53807302378118038177490234375">
        <ele>768.79998779296875</ele>
        <time>2022-10-17T18:36:46.000Z</time>
        <extensions>
          <ns3:TrackPointExtension>
            <ns3:hr>141</ns3:hr>
            <ns3:cad>71</ns3:cad>
          </ns3:TrackPointExtension>
        </extensions>
      </trkpt>
      <trkpt lat="-33.40311015956103801727294921875" lon="-70.53825524635612964630126953125">
        <ele>764.5999755859375</ele>
        <time>2022-10-17T18:36:54.000Z</time>
        <extensions>
          <ns3:TrackPointExtension>
            <ns3:hr>143</ns3:hr>
            <ns3:cad>92</ns3:cad>
          </ns3:TrackPointExtension>
        </extensions>
      </trkpt>
      <trkpt lat="-33.4032207168638706207275390625" lon="-70.5383907817304134368896484375">
        <ele>761</ele>
        <time>2022-10-17T18:37:00.000Z</time>
        <extensions>
          <ns3:TrackPointExtension>
            <ns3:hr>145</ns3:hr>
            <ns3:cad>59</ns3:cad>
          </ns3:TrackPointExtension>
        </extensions>
      </trkpt>
      <trkpt lat="-33.40340503491461277008056640625" lon="-70.53837309591472148895263671875">
        <ele>757.20001220703125</ele>
        <time>2022-10-17T18:37:06.000Z</time>
        <extensions>
          <ns3:TrackPointExtension>
            <ns3:hr>145</ns3:hr>
            <ns3:cad>59</ns3:cad>
          </ns3:TrackPointExtension>
        </extensions>
      </trkpt>
      <trkpt lat="-33.40350343845784664154052734375" lon="-70.5384370498359203338623046875">
        <ele>754.79998779296875</ele>
        <time>2022-10-17T18:37:09.000Z</time>
        <extensions>
          <ns3:TrackPointExtension>
            <ns3:hr>145</ns3:hr>
            <ns3:cad>63</ns3:cad>
          </ns3:TrackPointExtension>
        </extensions>
      </trkpt>
      <trkpt lat="-33.40368515811860561370849609375" lon="-70.538601167500019073486328125">
        <ele>752</ele>
        <time>2022-10-17T18:37:15.000Z</time>
        <extensions>
          <ns3:TrackPointExtension>
            <ns3:hr>144</ns3:hr>
            <ns3:cad>84</ns3:cad>
          </ns3:TrackPointExtension>
        </extensions>
      </trkpt>
      <trkpt lat="-33.403757326304912567138671875" lon="-70.53871281445026397705078125">
        <ele>750.5999755859375</ele>
        <time>2022-10-17T18:37:20.000Z</time>
        <extensions>
          <ns3:TrackPointExtension>
            <ns3:hr>141</ns3:hr>
            <ns3:cad>79</ns3:cad>
          </ns3:TrackPointExtension>
        </extensions>
      </trkpt>
      <trkpt lat="-33.40374760329723358154296875" lon="-70.53871490992605686187744140625">
        <ele>750.5999755859375</ele>
        <time>2022-10-17T18:37:21.000Z</time>
        <extensions>
          <ns3:TrackPointExtension>
            <ns3:hr>141</ns3:hr>
            <ns3:cad>79</ns3:cad>
          </ns3:TrackPointExtension>
        </extensions>
      </trkpt>
      <trkpt lat="-33.40370544232428073883056640625" lon="-70.53873485885560512542724609375">
        <ele>750.5999755859375</ele>
        <time>2022-10-17T18:37:25.000Z</time>
        <extensions>
          <ns3:TrackPointExtension>
            <ns3:hr>140</ns3:hr>
            <ns3:cad>71</ns3:cad>
          </ns3:TrackPointExtension>
        </extensions>
      </trkpt>
      <trkpt lat="-33.403684906661510467529296875" lon="-70.53874324075877666473388671875">
        <ele>750.79998779296875</ele>
        <time>2022-10-17T18:37:29.000Z</time>
        <extensions>
          <ns3:TrackPointExtension>
            <ns3:hr>138</ns3:hr>
            <ns3:cad>0</ns3:cad>
          </ns3:TrackPointExtension>
        </extensions>
      </trkpt>
      <trkpt lat="-33.40367308817803859710693359375" lon="-70.53874173201620578765869140625">
        <ele>750.79998779296875</ele>
        <time>2022-10-17T18:37:34.000Z</time>
        <extensions>
          <ns3:TrackPointExtension>
            <ns3:hr>135</ns3:hr>
            <ns3:cad>0</ns3:cad>
          </ns3:TrackPointExtension>
        </extensions>
      </trkpt>
      <trkpt lat="-33.403670154511928558349609375" lon="-70.5387431569397449493408203125">
        <ele>750.79998779296875</ele>
        <time>2022-10-17T18:37:39.000Z</time>
        <extensions>
          <ns3:TrackPointExtension>
            <ns3:hr>132</ns3:hr>
            <ns3:cad>0</ns3:cad>
          </ns3:TrackPointExtension>
        </extensions>
      </trkpt>
      <trkpt lat="-33.40366772376000881195068359375" lon="-70.538746006786823272705078125">
        <ele>750.79998779296875</ele>
        <time>2022-10-17T18:37:41.000Z</time>
        <extensions>
          <ns3:TrackPointExtension>
            <ns3:hr>129</ns3:hr>
            <ns3:cad>0</ns3:cad>
          </ns3:TrackPointExtension>
        </extensions>
      </trkpt>
      <trkpt lat="-33.40366973541676998138427734375" lon="-70.5387548916041851043701171875">
        <ele>750.5999755859375</ele>
        <time>2022-10-17T18:37:48.000Z</time>
        <extensions>
          <ns3:TrackPointExtension>
            <ns3:hr>126</ns3:hr>
            <ns3:cad>0</ns3:cad>
          </ns3:TrackPointExtension>
        </extensions>
      </trkpt>
      <trkpt lat="-33.403670489788055419921875" lon="-70.53875933401286602020263671875">
        <ele>750.5999755859375</ele>
        <time>2022-10-17T18:37:50.000Z</time>
        <extensions>
          <ns3:TrackPointExtension>
            <ns3:hr>123</ns3:hr>
            <ns3:cad>0</ns3:cad>
          </ns3:TrackPointExtension>
        </extensions>
      </trkpt>
      <trkpt lat="-33.40366847813129425048828125" lon="-70.5387659557163715362548828125">
        <ele>750.5999755859375</ele>
        <time>2022-10-17T18:37:54.000Z</time>
        <extensions>
          <ns3:TrackPointExtension>
            <ns3:hr>120</ns3:hr>
            <ns3:cad>0</ns3:cad>
          </ns3:TrackPointExtension>
        </extensions>
      </trkpt>
      <trkpt lat="-33.40365766547620296478271484375" lon="-70.53876117803156375885009765625">
        <ele>750.79998779296875</ele>
        <time>2022-10-17T18:38:09.000Z</time>
        <extensions>
          <ns3:TrackPointExtension>
            <ns3:hr>117</ns3:hr>
            <ns3:cad>0</ns3:cad>
          </ns3:TrackPointExtension>
        </extensions>
      </trkpt>
      <trkpt lat="-33.4036461822688579559326171875" lon="-70.5387535504996776580810546875">
        <ele>750.79998779296875</ele>
        <time>2022-10-17T18:38:15.000Z</time>
        <extensions>
          <ns3:TrackPointExtension>
            <ns3:hr>114</ns3:hr>
            <ns3:cad>0</ns3:cad>
          </ns3:TrackPointExtension>
        </extensions>
      </trkpt>
      <trkpt lat="-33.4036475233733654022216796875" lon="-70.53875966928899288177490234375">
        <ele>750.79998779296875</ele>
        <time>2022-10-17T18:38:20.000Z</time>
        <extensions>
          <ns3:TrackPointExtension>
            <ns3:hr>111</ns3:hr>
            <ns3:cad>60</ns3:cad>
          </ns3:TrackPointExtension>
        </extensions>
      </trkpt>
      <trkpt lat="-33.40364567935466766357421875" lon="-70.5387656204402446746826171875">
        <ele>750.79998779296875</ele>
        <time>2022-10-17T18:38:31.000Z</time>
        <extensions>
          <ns3:TrackPointExtension>
            <ns3:hr>108</ns3:hr>
            <ns3:cad>0</ns3:cad>
          </ns3:TrackPointExtension>
        </extensions>
      </trkpt>
      <trkpt lat="-33.4036495350301265716552734375" lon="-70.5387776903808116912841796875">
        <ele>750.5999755859375</ele>
        <time>2022-10-17T18:38:52.000Z</time>
        <extensions>
          <ns3:TrackPointExtension>
            <ns3:hr>105</ns3:hr>
            <ns3:cad>0</ns3:cad>
          </ns3:TrackPointExtension>
        </extensions>
      </trkpt>
      <trkpt lat="-33.4035952202975749969482421875" lon="-70.53860041312873363494873046875">
        <ele>752.5999755859375</ele>
        <time>2022-10-17T18:39:04.000Z</time>
        <extensions>
          <ns3:TrackPointExtension>
            <ns3:hr>108</ns3:hr>
            <ns3:cad>61</ns3:cad>
          </ns3:TrackPointExtension>
        </extensions>
      </trkpt>
      <trkpt lat="-33.40359949506819248199462890625" lon="-70.538597144186496734619140625">
        <ele>752.5999755859375</ele>
        <time>2022-10-17T18:39:06.000Z</time>
        <extensions>
          <ns3:TrackPointExtension>
            <ns3:hr>111</ns3:hr>
            <ns3:cad>0</ns3:cad>
          </ns3:TrackPointExtension>
        </extensions>
      </trkpt>
      <trkpt lat="-33.4036344476044178009033203125" lon="-70.53865254856646060943603515625">
        <ele>751.79998779296875</ele>
        <time>2022-10-17T18:39:15.000Z</time>
        <extensions>
          <ns3:TrackPointExtension>
            <ns3:hr>109</ns3:hr>
            <ns3:cad>0</ns3:cad>
          </ns3:TrackPointExtension>
        </extensions>
      </trkpt>
      <trkpt lat="-33.40363386087119579315185546875" lon="-70.538656823337078094482421875">
        <ele>751.79998779296875</ele>
        <time>2022-10-17T18:39:17.000Z</time>
        <extensions>
          <ns3:TrackPointExtension>
            <ns3:hr>106</ns3:hr>
            <ns3:cad>0</ns3:cad>
          </ns3:TrackPointExtension>
        </extensions>
      </trkpt>
      <trkpt lat="-33.40349907986819744110107421875" lon="-70.538478791713714599609375">
        <ele>754.4000244140625</ele>
        <time>2022-10-17T18:39:30.000Z</time>
        <extensions>
          <ns3:TrackPointExtension>
            <ns3:hr>108</ns3:hr>
            <ns3:cad>58</ns3:cad>
          </ns3:TrackPointExtension>
        </extensions>
      </trkpt>
      <trkpt lat="-33.40344158001244068145751953125" lon="-70.5384390614926815032958984375">
        <ele>755.79998779296875</ele>
        <time>2022-10-17T18:39:33.000Z</time>
        <extensions>
          <ns3:TrackPointExtension>
            <ns3:hr>111</ns3:hr>
            <ns3:cad>79</ns3:cad>
          </ns3:TrackPointExtension>
        </extensions>
      </trkpt>
      <trkpt lat="-33.40340553782880306243896484375" lon="-70.5384162627160549163818359375">
        <ele>756.79998779296875</ele>
        <time>2022-10-17T18:39:35.000Z</time>
        <extensions>
          <ns3:TrackPointExtension>
            <ns3:hr>116</ns3:hr>
            <ns3:cad>79</ns3:cad>
          </ns3:TrackPointExtension>
        </extensions>
      </trkpt>
      <trkpt lat="-33.40329137630760669708251953125" lon="-70.5383341200649738311767578125">
        <ele>760</ele>
        <time>2022-10-17T18:39:44.000Z</time>
        <extensions>
          <ns3:TrackPointExtension>
            <ns3:hr>117</ns3:hr>
            <ns3:cad>18</ns3:cad>
          </ns3:TrackPointExtension>
        </extensions>
      </trkpt>
      <trkpt lat="-33.40324695222079753875732421875" lon="-70.53829648531973361968994140625">
        <ele>761.4000244140625</ele>
        <time>2022-10-17T18:39:49.000Z</time>
        <extensions>
          <ns3:TrackPointExtension>
            <ns3:hr>121</ns3:hr>
            <ns3:cad>60</ns3:cad>
          </ns3:TrackPointExtension>
        </extensions>
      </trkpt>
      <trkpt lat="-33.403202109038829803466796875" lon="-70.5382583476603031158447265625">
        <ele>762.5999755859375</ele>
        <time>2022-10-17T18:39:54.000Z</time>
        <extensions>
          <ns3:TrackPointExtension>
            <ns3:hr>125</ns3:hr>
            <ns3:cad>0</ns3:cad>
          </ns3:TrackPointExtension>
        </extensions>
      </trkpt>
      <trkpt lat="-33.40318492613732814788818359375" lon="-70.5382435955107212066650390625">
        <ele>763.20001220703125</ele>
        <time>2022-10-17T18:39:56.000Z</time>
        <extensions>
          <ns3:TrackPointExtension>
            <ns3:hr>128</ns3:hr>
            <ns3:cad>0</ns3:cad>
          </ns3:TrackPointExtension>
        </extensions>
      </trkpt>
      <trkpt lat="-33.4031754545867443084716796875" lon="-70.5382360517978668212890625">
        <ele>763.4000244140625</ele>
        <time>2022-10-17T18:39:57.000Z</time>
        <extensions>
          <ns3:TrackPointExtension>
            <ns3:hr>131</ns3:hr>
            <ns3:cad>0</ns3:cad>
          </ns3:TrackPointExtension>
        </extensions>
      </trkpt>
      <trkpt lat="-33.40315374545753002166748046875" lon="-70.53822171874344348907470703125">
        <ele>764</ele>
        <time>2022-10-17T18:40:00.000Z</time>
        <extensions>
          <ns3:TrackPointExtension>
            <ns3:hr>134</ns3:hr>
            <ns3:cad>0</ns3:cad>
          </ns3:TrackPointExtension>
        </extensions>
      </trkpt>
      <trkpt lat="-33.4031389094889163970947265625" lon="-70.53820830769836902618408203125">
        <ele>764.5999755859375</ele>
        <time>2022-10-17T18:40:02.000Z</time>
        <extensions>
          <ns3:TrackPointExtension>
            <ns3:hr>138</ns3:hr>
            <ns3:cad>0</ns3:cad>
          </ns3:TrackPointExtension>
        </extensions>
      </trkpt>
      <trkpt lat="-33.40309842489659786224365234375" lon="-70.53818282671272754669189453125">
        <ele>765.5999755859375</ele>
        <time>2022-10-17T18:40:07.000Z</time>
        <extensions>
          <ns3:TrackPointExtension>
            <ns3:hr>140</ns3:hr>
            <ns3:cad>56</ns3:cad>
          </ns3:TrackPointExtension>
        </extensions>
      </trkpt>
      <trkpt lat="-33.40306674130260944366455078125" lon="-70.53816690109670162200927734375">
        <ele>766.4000244140625</ele>
        <time>2022-10-17T18:40:12.000Z</time>
        <extensions>
          <ns3:TrackPointExtension>
            <ns3:hr>143</ns3:hr>
            <ns3:cad>0</ns3:cad>
          </ns3:TrackPointExtension>
        </extensions>
      </trkpt>
      <trkpt lat="-33.40289491228759288787841796875" lon="-70.53814041428267955780029296875">
        <ele>770.4000244140625</ele>
        <time>2022-10-17T18:40:36.000Z</time>
        <extensions>
          <ns3:TrackPointExtension>
            <ns3:hr>146</ns3:hr>
            <ns3:cad>0</ns3:cad>
          </ns3:TrackPointExtension>
        </extensions>
      </trkpt>
      <trkpt lat="-33.40271604247391223907470703125" lon="-70.5381741933524608612060546875">
        <ele>772.5999755859375</ele>
        <time>2022-10-17T18:40:58.000Z</time>
        <extensions>
          <ns3:TrackPointExtension>
            <ns3:hr>147</ns3:hr>
            <ns3:cad>0</ns3:cad>
          </ns3:TrackPointExtension>
        </extensions>
      </trkpt>
      <trkpt lat="-33.40255712158977985382080078125" lon="-70.5381379835307598114013671875">
        <ele>776.79998779296875</ele>
        <time>2022-10-17T18:41:21.000Z</time>
        <extensions>
          <ns3:TrackPointExtension>
            <ns3:hr>145</ns3:hr>
            <ns3:cad>0</ns3:cad>
          </ns3:TrackPointExtension>
        </extensions>
      </trkpt>
      <trkpt lat="-33.40237540192902088165283203125" lon="-70.53808827884495258331298828125">
        <ele>783.4000244140625</ele>
        <time>2022-10-17T18:41:45.000Z</time>
        <extensions>
          <ns3:TrackPointExtension>
            <ns3:hr>144</ns3:hr>
            <ns3:cad>0</ns3:cad>
          </ns3:TrackPointExtension>
        </extensions>
      </trkpt>
      <trkpt lat="-33.40218831785023212432861328125" lon="-70.5380544997751712799072265625">
        <ele>789.79998779296875</ele>
        <time>2022-10-17T18:42:10.000Z</time>
        <extensions>
          <ns3:TrackPointExtension>
            <ns3:hr>141</ns3:hr>
            <ns3:cad>0</ns3:cad>
          </ns3:TrackPointExtension>
        </extensions>
      </trkpt>
      <trkpt lat="-33.402022607624530792236328125" lon="-70.5380045436322689056396484375">
        <ele>795.79998779296875</ele>
        <time>2022-10-17T18:42:31.000Z</time>
        <extensions>
          <ns3:TrackPointExtension>
            <ns3:hr>142</ns3:hr>
            <ns3:cad>0</ns3:cad>
          </ns3:TrackPointExtension>
        </extensions>
      </trkpt>
      <trkpt lat="-33.40200710110366344451904296875" lon="-70.53800798021256923675537109375">
        <ele>796.20001220703125</ele>
        <time>2022-10-17T18:42:33.000Z</time>
        <extensions>
          <ns3:TrackPointExtension>
            <ns3:hr>142</ns3:hr>
            <ns3:cad>0</ns3:cad>
          </ns3:TrackPointExtension>
        </extensions>
      </trkpt>
      <trkpt lat="-33.4019892476499080657958984375" lon="-70.53801451809704303741455078125">
        <ele>796.5999755859375</ele>
        <time>2022-10-17T18:42:35.000Z</time>
        <extensions>
          <ns3:TrackPointExtension>
            <ns3:hr>141</ns3:hr>
            <ns3:cad>0</ns3:cad>
          </ns3:TrackPointExtension>
        </extensions>
      </trkpt>
      <trkpt lat="-33.4017713181674480438232421875" lon="-70.53799540735781192779541015625">
        <ele>803</ele>
        <time>2022-10-17T18:43:00.000Z</time>
        <extensions>
          <ns3:TrackPointExtension>
            <ns3:hr>141</ns3:hr>
            <ns3:cad>0</ns3:cad>
          </ns3:TrackPointExtension>
        </extensions>
      </trkpt>
      <trkpt lat="-33.401614911854267120361328125" lon="-70.53788267076015472412109375">
        <ele>807.5999755859375</ele>
        <time>2022-10-17T18:43:17.000Z</time>
        <extensions>
          <ns3:TrackPointExtension>
            <ns3:hr>143</ns3:hr>
            <ns3:cad>61</ns3:cad>
          </ns3:TrackPointExtension>
        </extensions>
      </trkpt>
      <trkpt lat="-33.4015614353120326995849609375" lon="-70.53779013454914093017578125">
        <ele>810</ele>
        <time>2022-10-17T18:43:22.000Z</time>
        <extensions>
          <ns3:TrackPointExtension>
            <ns3:hr>140</ns3:hr>
            <ns3:cad>61</ns3:cad>
          </ns3:TrackPointExtension>
        </extensions>
      </trkpt>
      <trkpt lat="-33.401476442813873291015625" lon="-70.53772450424730777740478515625">
        <ele>812.5999755859375</ele>
        <time>2022-10-17T18:43:29.000Z</time>
        <extensions>
          <ns3:TrackPointExtension>
            <ns3:hr>143</ns3:hr>
            <ns3:cad>50</ns3:cad>
          </ns3:TrackPointExtension>
        </extensions>
      </trkpt>
      <trkpt lat="-33.40146697126328945159912109375" lon="-70.5377197265625">
        <ele>812.79998779296875</ele>
        <time>2022-10-17T18:43:30.000Z</time>
        <extensions>
          <ns3:TrackPointExtension>
            <ns3:hr>143</ns3:hr>
            <ns3:cad>50</ns3:cad>
          </ns3:TrackPointExtension>
        </extensions>
      </trkpt>
      <trkpt lat="-33.4014440886676311492919921875" lon="-70.537705980241298675537109375">
        <ele>813.4000244140625</ele>
        <time>2022-10-17T18:43:32.000Z</time>
        <extensions>
          <ns3:TrackPointExtension>
            <ns3:hr>144</ns3:hr>
            <ns3:cad>50</ns3:cad>
          </ns3:TrackPointExtension>
        </extensions>
      </trkpt>
      <trkpt lat="-33.40133051387965679168701171875" lon="-70.5375623144209384918212890625">
        <ele>817.5999755859375</ele>
        <time>2022-10-17T18:43:39.000Z</time>
        <extensions>
          <ns3:TrackPointExtension>
            <ns3:hr>144</ns3:hr>
            <ns3:cad>50</ns3:cad>
          </ns3:TrackPointExtension>
        </extensions>
      </trkpt>
      <trkpt lat="-33.40120478533208370208740234375" lon="-70.537399537861347198486328125">
        <ele>822.4000244140625</ele>
        <time>2022-10-17T18:43:46.000Z</time>
        <extensions>
          <ns3:TrackPointExtension>
            <ns3:hr>145</ns3:hr>
            <ns3:cad>83</ns3:cad>
          </ns3:TrackPointExtension>
        </extensions>
      </trkpt>
      <trkpt lat="-33.401061035692691802978515625" lon="-70.53724187426269054412841796875">
        <ele>827.4000244140625</ele>
        <time>2022-10-17T18:43:53.000Z</time>
        <extensions>
          <ns3:TrackPointExtension>
            <ns3:hr>143</ns3:hr>
            <ns3:cad>81</ns3:cad>
          </ns3:TrackPointExtension>
        </extensions>
      </trkpt>
      <trkpt lat="-33.400910161435604095458984375" lon="-70.5370842106640338897705078125">
        <ele>830</ele>
        <time>2022-10-17T18:44:00.000Z</time>
        <extensions>
          <ns3:TrackPointExtension>
            <ns3:hr>143</ns3:hr>
            <ns3:cad>83</ns3:cad>
          </ns3:TrackPointExtension>
        </extensions>
      </trkpt>
      <trkpt lat="-33.400759957730770111083984375" lon="-70.5369316600263118743896484375">
        <ele>830.5999755859375</ele>
        <time>2022-10-17T18:44:07.000Z</time>
        <extensions>
          <ns3:TrackPointExtension>
            <ns3:hr>141</ns3:hr>
            <ns3:cad>83</ns3:cad>
          </ns3:TrackPointExtension>
        </extensions>
      </trkpt>
      <trkpt lat="-33.400607071816921234130859375" lon="-70.53680065087974071502685546875">
        <ele>831.79998779296875</ele>
        <time>2022-10-17T18:44:14.000Z</time>
        <extensions>
          <ns3:TrackPointExtension>
            <ns3:hr>139</ns3:hr>
            <ns3:cad>86</ns3:cad>
          </ns3:TrackPointExtension>
        </extensions>
      </trkpt>
      <trkpt lat="-33.40045158751308917999267578125" lon="-70.53665564395487308502197265625">
        <ele>832.79998779296875</ele>
        <time>2022-10-17T18:44:21.000Z</time>
        <extensions>
          <ns3:TrackPointExtension>
            <ns3:hr>137</ns3:hr>
            <ns3:cad>85</ns3:cad>
          </ns3:TrackPointExtension>
        </extensions>
      </trkpt>
      <trkpt lat="-33.40029031969606876373291015625" lon="-70.5365209467709064483642578125">
        <ele>834</ele>
        <time>2022-10-17T18:44:28.000Z</time>
        <extensions>
          <ns3:TrackPointExtension>
            <ns3:hr>135</ns3:hr>
            <ns3:cad>83</ns3:cad>
          </ns3:TrackPointExtension>
        </extensions>
      </trkpt>
      <trkpt lat="-33.40010893531143665313720703125" lon="-70.53635708056390285491943359375">
        <ele>835.4000244140625</ele>
        <time>2022-10-17T18:44:36.000Z</time>
        <extensions>
          <ns3:TrackPointExtension>
            <ns3:hr>134</ns3:hr>
            <ns3:cad>86</ns3:cad>
          </ns3:TrackPointExtension>
        </extensions>
      </trkpt>
      <trkpt lat="-33.39996929280459880828857421875" lon="-70.53620134480297565460205078125">
        <ele>834.20001220703125</ele>
        <time>2022-10-17T18:44:43.000Z</time>
        <extensions>
          <ns3:TrackPointExtension>
            <ns3:hr>131</ns3:hr>
            <ns3:cad>86</ns3:cad>
          </ns3:TrackPointExtension>
        </extensions>
      </trkpt>
      <trkpt lat="-33.39982755482196807861328125" lon="-70.53608215413987636566162109375">
        <ele>834</ele>
        <time>2022-10-17T18:44:49.000Z</time>
        <extensions>
          <ns3:TrackPointExtension>
            <ns3:hr>128</ns3:hr>
            <ns3:cad>86</ns3:cad>
          </ns3:TrackPointExtension>
        </extensions>
      </trkpt>
      <trkpt lat="-33.39965580962598323822021484375" lon="-70.53595843724906444549560546875">
        <ele>834.4000244140625</ele>
        <time>2022-10-17T18:44:56.000Z</time>
        <extensions>
          <ns3:TrackPointExtension>
            <ns3:hr>130</ns3:hr>
            <ns3:cad>83</ns3:cad>
          </ns3:TrackPointExtension>
        </extensions>
      </trkpt>
      <trkpt lat="-33.39947626926004886627197265625" lon="-70.5358413420617580413818359375">
        <ele>835.20001220703125</ele>
        <time>2022-10-17T18:45:03.000Z</time>
        <extensions>
          <ns3:TrackPointExtension>
            <ns3:hr>130</ns3:hr>
            <ns3:cad>84</ns3:cad>
          </ns3:TrackPointExtension>
        </extensions>
      </trkpt>
      <trkpt lat="-33.39929421432316303253173828125" lon="-70.53574838675558567047119140625">
        <ele>836.79998779296875</ele>
        <time>2022-10-17T18:45:10.000Z</time>
        <extensions>
          <ns3:TrackPointExtension>
            <ns3:hr>130</ns3:hr>
            <ns3:cad>81</ns3:cad>
          </ns3:TrackPointExtension>
        </extensions>
      </trkpt>
      <trkpt lat="-33.39910830371081829071044921875" lon="-70.5356659926474094390869140625">
        <ele>836</ele>
        <time>2022-10-17T18:45:17.000Z</time>
        <extensions>
          <ns3:TrackPointExtension>
            <ns3:hr>129</ns3:hr>
            <ns3:cad>84</ns3:cad>
          </ns3:TrackPointExtension>
        </extensions>
      </trkpt>
      <trkpt lat="-33.39892457239329814910888671875" lon="-70.535576976835727691650390625">
        <ele>835.20001220703125</ele>
        <time>2022-10-17T18:45:24.000Z</time>
        <extensions>
          <ns3:TrackPointExtension>
            <ns3:hr>129</ns3:hr>
            <ns3:cad>84</ns3:cad>
          </ns3:TrackPointExtension>
        </extensions>
      </trkpt>
      <trkpt lat="-33.39870882220566272735595703125" lon="-70.5355017073452472686767578125">
        <ele>835.20001220703125</ele>
        <time>2022-10-17T18:45:32.000Z</time>
        <extensions>
          <ns3:TrackPointExtension>
            <ns3:hr>130</ns3:hr>
            <ns3:cad>84</ns3:cad>
          </ns3:TrackPointExtension>
        </extensions>
      </trkpt>
      <trkpt lat="-33.3985219895839691162109375" lon="-70.53543373011052608489990234375">
        <ele>835.4000244140625</ele>
        <time>2022-10-17T18:45:39.000Z</time>
        <extensions>
          <ns3:TrackPointExtension>
            <ns3:hr>132</ns3:hr>
            <ns3:cad>85</ns3:cad>
          </ns3:TrackPointExtension>
        </extensions>
      </trkpt>
      <trkpt lat="-33.3984388411045074462890625" lon="-70.53537606261670589447021484375">
        <ele>834.5999755859375</ele>
        <time>2022-10-17T18:45:43.000Z</time>
        <extensions>
          <ns3:TrackPointExtension>
            <ns3:hr>130</ns3:hr>
            <ns3:cad>85</ns3:cad>
          </ns3:TrackPointExtension>
        </extensions>
      </trkpt>
      <trkpt lat="-33.39858510531485080718994140625" lon="-70.53530096076428890228271484375">
        <ele>830.79998779296875</ele>
        <time>2022-10-17T18:45:50.000Z</time>
        <extensions>
          <ns3:TrackPointExtension>
            <ns3:hr>128</ns3:hr>
            <ns3:cad>85</ns3:cad>
          </ns3:TrackPointExtension>
        </extensions>
      </trkpt>
      <trkpt lat="-33.3986783958971500396728515625" lon="-70.53530230186879634857177734375">
        <ele>829.79998779296875</ele>
        <time>2022-10-17T18:45:53.000Z</time>
        <extensions>
          <ns3:TrackPointExtension>
            <ns3:hr>129</ns3:hr>
            <ns3:cad>85</ns3:cad>
          </ns3:TrackPointExtension>
        </extensions>
      </trkpt>
      <trkpt lat="-33.39888651855289936065673828125" lon="-70.535313785076141357421875">
        <ele>827.5999755859375</ele>
        <time>2022-10-17T18:46:00.000Z</time>
        <extensions>
          <ns3:TrackPointExtension>
            <ns3:hr>128</ns3:hr>
            <ns3:cad>85</ns3:cad>
          </ns3:TrackPointExtension>
        </extensions>
      </trkpt>
      <trkpt lat="-33.398995734751224517822265625" lon="-70.53534504957497119903564453125">
        <ele>827.20001220703125</ele>
        <time>2022-10-17T18:46:04.000Z</time>
        <extensions>
          <ns3:TrackPointExtension>
            <ns3:hr>127</ns3:hr>
            <ns3:cad>85</ns3:cad>
          </ns3:TrackPointExtension>
        </extensions>
      </trkpt>
      <trkpt lat="-33.39917351491749286651611328125" lon="-70.5353766493499279022216796875">
        <ele>826</ele>
        <time>2022-10-17T18:46:10.000Z</time>
        <extensions>
          <ns3:TrackPointExtension>
            <ns3:hr>124</ns3:hr>
            <ns3:cad>85</ns3:cad>
          </ns3:TrackPointExtension>
        </extensions>
      </trkpt>
      <trkpt lat="-33.3993824757635593414306640625" lon="-70.53543725050985813140869140625">
        <ele>824.79998779296875</ele>
        <time>2022-10-17T18:46:18.000Z</time>
        <extensions>
          <ns3:TrackPointExtension>
            <ns3:hr>125</ns3:hr>
            <ns3:cad>85</ns3:cad>
          </ns3:TrackPointExtension>
        </extensions>
      </trkpt>
      <trkpt lat="-33.399556316435337066650390625" lon="-70.5355000309646129608154296875">
        <ele>822.5999755859375</ele>
        <time>2022-10-17T18:46:25.000Z</time>
        <extensions>
          <ns3:TrackPointExtension>
            <ns3:hr>126</ns3:hr>
            <ns3:cad>85</ns3:cad>
          </ns3:TrackPointExtension>
        </extensions>
      </trkpt>
      <trkpt lat="-33.399740718305110931396484375" lon="-70.53551671095192432403564453125">
        <ele>819.20001220703125</ele>
        <time>2022-10-17T18:46:32.000Z</time>
        <extensions>
          <ns3:TrackPointExtension>
            <ns3:hr>127</ns3:hr>
            <ns3:cad>85</ns3:cad>
          </ns3:TrackPointExtension>
        </extensions>
      </trkpt>
      <trkpt lat="-33.3999313227832317352294921875" lon="-70.5355845205485820770263671875">
        <ele>817</ele>
        <time>2022-10-17T18:46:39.000Z</time>
        <extensions>
          <ns3:TrackPointExtension>
            <ns3:hr>126</ns3:hr>
            <ns3:cad>0</ns3:cad>
          </ns3:TrackPointExtension>
        </extensions>
      </trkpt>
      <trkpt lat="-33.4001098573207855224609375" lon="-70.5356854386627674102783203125">
        <ele>816</ele>
        <time>2022-10-17T18:46:46.000Z</time>
        <extensions>
          <ns3:TrackPointExtension>
            <ns3:hr>125</ns3:hr>
            <ns3:cad>43</ns3:cad>
          </ns3:TrackPointExtension>
        </extensions>
      </trkpt>
      <trkpt lat="-33.4002734720706939697265625" lon="-70.53579993546009063720703125">
        <ele>815.20001220703125</ele>
        <time>2022-10-17T18:46:53.000Z</time>
        <extensions>
          <ns3:TrackPointExtension>
            <ns3:hr>125</ns3:hr>
            <ns3:cad>42</ns3:cad>
          </ns3:TrackPointExtension>
        </extensions>
      </trkpt>
      <trkpt lat="-33.40045007877051830291748046875" lon="-70.53586640395224094390869140625">
        <ele>812.4000244140625</ele>
        <time>2022-10-17T18:47:00.000Z</time>
        <extensions>
          <ns3:TrackPointExtension>
            <ns3:hr>123</ns3:hr>
            <ns3:cad>41</ns3:cad>
          </ns3:TrackPointExtension>
        </extensions>
      </trkpt>
      <trkpt lat="-33.4006397612392902374267578125" lon="-70.5359177850186824798583984375">
        <ele>809.79998779296875</ele>
        <time>2022-10-17T18:47:07.000Z</time>
        <extensions>
          <ns3:TrackPointExtension>
            <ns3:hr>122</ns3:hr>
            <ns3:cad>42</ns3:cad>
          </ns3:TrackPointExtension>
        </extensions>
      </trkpt>
      <trkpt lat="-33.40086498297750949859619140625" lon="-70.5360324494540691375732421875">
        <ele>808.4000244140625</ele>
        <time>2022-10-17T18:47:16.000Z</time>
        <extensions>
          <ns3:TrackPointExtension>
            <ns3:hr>120</ns3:hr>
            <ns3:cad>42</ns3:cad>
          </ns3:TrackPointExtension>
        </extensions>
      </trkpt>
      <trkpt lat="-33.4010387398302555084228515625" lon="-70.5361410789191722869873046875">
        <ele>807</ele>
        <time>2022-10-17T18:47:23.000Z</time>
        <extensions>
          <ns3:TrackPointExtension>
            <ns3:hr>122</ns3:hr>
            <ns3:cad>44</ns3:cad>
          </ns3:TrackPointExtension>
        </extensions>
      </trkpt>
      <trkpt lat="-33.40121484361588954925537109375" lon="-70.53623386658728122711181640625">
        <ele>804</ele>
        <time>2022-10-17T18:47:30.000Z</time>
        <extensions>
          <ns3:TrackPointExtension>
            <ns3:hr>122</ns3:hr>
            <ns3:cad>41</ns3:cad>
          </ns3:TrackPointExtension>
        </extensions>
      </trkpt>
      <trkpt lat="-33.40129740536212921142578125" lon="-70.5362661369144916534423828125">
        <ele>802.4000244140625</ele>
        <time>2022-10-17T18:47:33.000Z</time>
        <extensions>
          <ns3:TrackPointExtension>
            <ns3:hr>123</ns3:hr>
            <ns3:cad>42</ns3:cad>
          </ns3:TrackPointExtension>
        </extensions>
      </trkpt>
      <trkpt lat="-33.40143428184092044830322265625" lon="-70.5363690666854381561279296875">
        <ele>800.79998779296875</ele>
        <time>2022-10-17T18:47:39.000Z</time>
        <extensions>
          <ns3:TrackPointExtension>
            <ns3:hr>124</ns3:hr>
            <ns3:cad>42</ns3:cad>
          </ns3:TrackPointExtension>
        </extensions>
      </trkpt>
      <trkpt lat="-33.4016011655330657958984375" lon="-70.53649068810045719146728515625">
        <ele>799</ele>
        <time>2022-10-17T18:47:46.000Z</time>
        <extensions>
          <ns3:TrackPointExtension>
            <ns3:hr>124</ns3:hr>
            <ns3:cad>41</ns3:cad>
          </ns3:TrackPointExtension>
        </extensions>
      </trkpt>
      <trkpt lat="-33.4017515368759632110595703125" lon="-70.5366295762360095977783203125">
        <ele>798</ele>
        <time>2022-10-17T18:47:53.000Z</time>
        <extensions>
          <ns3:TrackPointExtension>
            <ns3:hr>121</ns3:hr>
            <ns3:cad>43</ns3:cad>
          </ns3:TrackPointExtension>
        </extensions>
      </trkpt>
      <trkpt lat="-33.4019302390515804290771484375" lon="-70.5367482639849185943603515625">
        <ele>795.20001220703125</ele>
        <time>2022-10-17T18:48:01.000Z</time>
        <extensions>
          <ns3:TrackPointExtension>
            <ns3:hr>122</ns3:hr>
            <ns3:cad>43</ns3:cad>
          </ns3:TrackPointExtension>
        </extensions>
      </trkpt>
      <trkpt lat="-33.40207499451935291290283203125" lon="-70.53683635778725147247314453125">
        <ele>792.4000244140625</ele>
        <time>2022-10-17T18:48:07.000Z</time>
        <extensions>
          <ns3:TrackPointExtension>
            <ns3:hr>125</ns3:hr>
            <ns3:cad>43</ns3:cad>
          </ns3:TrackPointExtension>
        </extensions>
      </trkpt>
      <trkpt lat="-33.402219749987125396728515625" lon="-70.536992847919464111328125">
        <ele>791</ele>
        <time>2022-10-17T18:48:14.000Z</time>
        <extensions>
          <ns3:TrackPointExtension>
            <ns3:hr>125</ns3:hr>
            <ns3:cad>42</ns3:cad>
          </ns3:TrackPointExtension>
        </extensions>
      </trkpt>
      <trkpt lat="-33.40237724594771862030029296875" lon="-70.5371174030005931854248046875">
        <ele>788.5999755859375</ele>
        <time>2022-10-17T18:48:21.000Z</time>
        <extensions>
          <ns3:TrackPointExtension>
            <ns3:hr>125</ns3:hr>
            <ns3:cad>42</ns3:cad>
          </ns3:TrackPointExtension>
        </extensions>
      </trkpt>
      <trkpt lat="-33.40244178660213947296142578125" lon="-70.537207089364528656005859375">
        <ele>787.5999755859375</ele>
        <time>2022-10-17T18:48:25.000Z</time>
        <extensions>
          <ns3:TrackPointExtension>
            <ns3:hr>126</ns3:hr>
            <ns3:cad>43</ns3:cad>
          </ns3:TrackPointExtension>
        </extensions>
      </trkpt>
      <trkpt lat="-33.40252543799579143524169921875" lon="-70.53722645156085491180419921875">
        <ele>784.79998779296875</ele>
        <time>2022-10-17T18:48:29.000Z</time>
        <extensions>
          <ns3:TrackPointExtension>
            <ns3:hr>122</ns3:hr>
            <ns3:cad>42</ns3:cad>
          </ns3:TrackPointExtension>
        </extensions>
      </trkpt>
      <trkpt lat="-33.4025748074054718017578125" lon="-70.53721991367638111114501953125">
        <ele>783.20001220703125</ele>
        <time>2022-10-17T18:48:31.000Z</time>
        <extensions>
          <ns3:TrackPointExtension>
            <ns3:hr>122</ns3:hr>
            <ns3:cad>42</ns3:cad>
          </ns3:TrackPointExtension>
        </extensions>
      </trkpt>
      <trkpt lat="-33.40276683680713176727294921875" lon="-70.537298955023288726806640625">
        <ele>777.79998779296875</ele>
        <time>2022-10-17T18:48:39.000Z</time>
        <extensions>
          <ns3:TrackPointExtension>
            <ns3:hr>121</ns3:hr>
            <ns3:cad>42</ns3:cad>
          </ns3:TrackPointExtension>
        </extensions>
      </trkpt>
      <trkpt lat="-33.40296951122581958770751953125" lon="-70.53732552565634250640869140625">
        <ele>773.20001220703125</ele>
        <time>2022-10-17T18:48:47.000Z</time>
        <extensions>
          <ns3:TrackPointExtension>
            <ns3:hr>122</ns3:hr>
            <ns3:cad>45</ns3:cad>
          </ns3:TrackPointExtension>
        </extensions>
      </trkpt>
      <trkpt lat="-33.40314150787889957427978515625" lon="-70.5374070815742015838623046875">
        <ele>769</ele>
        <time>2022-10-17T18:48:54.000Z</time>
        <extensions>
          <ns3:TrackPointExtension>
            <ns3:hr>124</ns3:hr>
            <ns3:cad>45</ns3:cad>
          </ns3:TrackPointExtension>
        </extensions>
      </trkpt>
      <trkpt lat="-33.403284251689910888671875" lon="-70.53744840435683727264404296875">
        <ele>765.5999755859375</ele>
        <time>2022-10-17T18:48:59.000Z</time>
        <extensions>
          <ns3:TrackPointExtension>
            <ns3:hr>127</ns3:hr>
            <ns3:cad>43</ns3:cad>
          </ns3:TrackPointExtension>
        </extensions>
      </trkpt>
      <trkpt lat="-33.40339355170726776123046875" lon="-70.53762744180858135223388671875">
        <ele>762.4000244140625</ele>
        <time>2022-10-17T18:49:05.000Z</time>
        <extensions>
          <ns3:TrackPointExtension>
            <ns3:hr>126</ns3:hr>
            <ns3:cad>41</ns3:cad>
          </ns3:TrackPointExtension>
        </extensions>
      </trkpt>
      <trkpt lat="-33.40348072350025177001953125" lon="-70.5378499813377857208251953125">
        <ele>759.5999755859375</ele>
        <time>2022-10-17T18:49:12.000Z</time>
        <extensions>
          <ns3:TrackPointExtension>
            <ns3:hr>125</ns3:hr>
            <ns3:cad>41</ns3:cad>
          </ns3:TrackPointExtension>
        </extensions>
      </trkpt>
      <trkpt lat="-33.40356160886585712432861328125" lon="-70.53794444538652896881103515625">
        <ele>758.5999755859375</ele>
        <time>2022-10-17T18:49:16.000Z</time>
        <extensions>
          <ns3:TrackPointExtension>
            <ns3:hr>122</ns3:hr>
            <ns3:cad>44</ns3:cad>
          </ns3:TrackPointExtension>
        </extensions>
      </trkpt>
      <trkpt lat="-33.40370594523847103118896484375" lon="-70.53812867961823940277099609375">
        <ele>756.20001220703125</ele>
        <time>2022-10-17T18:49:23.000Z</time>
        <extensions>
          <ns3:TrackPointExtension>
            <ns3:hr>125</ns3:hr>
            <ns3:cad>44</ns3:cad>
          </ns3:TrackPointExtension>
        </extensions>
      </trkpt>
      <trkpt lat="-33.4037541411817073822021484375" lon="-70.5383294261991977691650390625">
        <ele>754.20001220703125</ele>
        <time>2022-10-17T18:49:29.000Z</time>
        <extensions>
          <ns3:TrackPointExtension>
            <ns3:hr>127</ns3:hr>
            <ns3:cad>44</ns3:cad>
          </ns3:TrackPointExtension>
        </extensions>
      </trkpt>
      <trkpt lat="-33.40369320474565029144287109375" lon="-70.538568980991840362548828125">
        <ele>752.4000244140625</ele>
        <time>2022-10-17T18:49:36.000Z</time>
        <extensions>
          <ns3:TrackPointExtension>
            <ns3:hr>128</ns3:hr>
            <ns3:cad>44</ns3:cad>
          </ns3:TrackPointExtension>
        </extensions>
      </trkpt>
      <trkpt lat="-33.40371902100741863250732421875" lon="-70.53873485885560512542724609375">
        <ele>750.5999755859375</ele>
        <time>2022-10-17T18:49:43.000Z</time>
        <extensions>
          <ns3:TrackPointExtension>
            <ns3:hr>127</ns3:hr>
            <ns3:cad>42</ns3:cad>
          </ns3:TrackPointExtension>
        </extensions>
      </trkpt>
      <trkpt lat="-33.40368197299540042877197265625" lon="-70.53860125131905078887939453125">
        <ele>752</ele>
        <time>2022-10-17T18:49:49.000Z</time>
        <extensions>
          <ns3:TrackPointExtension>
            <ns3:hr>124</ns3:hr>
            <ns3:cad>0</ns3:cad>
          </ns3:TrackPointExtension>
        </extensions>
      </trkpt>
      <trkpt lat="-33.4036988206207752227783203125" lon="-70.53837929852306842803955078125">
        <ele>754.20001220703125</ele>
        <time>2022-10-17T18:49:58.000Z</time>
        <extensions>
          <ns3:TrackPointExtension>
            <ns3:hr>122</ns3:hr>
            <ns3:cad>76</ns3:cad>
          </ns3:TrackPointExtension>
        </extensions>
      </trkpt>
      <trkpt lat="-33.40370376594364643096923828125" lon="-70.53825759328901767730712890625">
        <ele>755.20001220703125</ele>
        <time>2022-10-17T18:50:03.000Z</time>
        <extensions>
          <ns3:TrackPointExtension>
            <ns3:hr>125</ns3:hr>
            <ns3:cad>82</ns3:cad>
          </ns3:TrackPointExtension>
        </extensions>
      </trkpt>
      <trkpt lat="-33.40362765826284885406494140625" lon="-70.5381114967167377471923828125">
        <ele>757</ele>
        <time>2022-10-17T18:50:09.000Z</time>
        <extensions>
          <ns3:TrackPointExtension>
            <ns3:hr>128</ns3:hr>
            <ns3:cad>79</ns3:cad>
          </ns3:TrackPointExtension>
        </extensions>
      </trkpt>
      <trkpt lat="-33.403480388224124908447265625" lon="-70.53796305321156978607177734375">
        <ele>759.20001220703125</ele>
        <time>2022-10-17T18:50:22.000Z</time>
        <extensions>
          <ns3:TrackPointExtension>
            <ns3:hr>128</ns3:hr>
            <ns3:cad>72</ns3:cad>
          </ns3:TrackPointExtension>
        </extensions>
      </trkpt>
      <trkpt lat="-33.403454236686229705810546875" lon="-70.53793773986399173736572265625">
        <ele>760</ele>
        <time>2022-10-17T18:50:25.000Z</time>
        <extensions>
          <ns3:TrackPointExtension>
            <ns3:hr>129</ns3:hr>
            <ns3:cad>62</ns3:cad>
          </ns3:TrackPointExtension>
        </extensions>
      </trkpt>
      <trkpt lat="-33.4034148417413234710693359375" lon="-70.53787152282893657684326171875">
        <ele>761</ele>
        <time>2022-10-17T18:50:30.000Z</time>
        <extensions>
          <ns3:TrackPointExtension>
            <ns3:hr>131</ns3:hr>
            <ns3:cad>0</ns3:cad>
          </ns3:TrackPointExtension>
        </extensions>
      </trkpt>
      <trkpt lat="-33.40336698107421398162841796875" lon="-70.537776388227939605712890625">
        <ele>762.4000244140625</ele>
        <time>2022-10-17T18:50:38.000Z</time>
        <extensions>
          <ns3:TrackPointExtension>
            <ns3:hr>134</ns3:hr>
            <ns3:cad>0</ns3:cad>
          </ns3:TrackPointExtension>
        </extensions>
      </trkpt>
      <trkpt lat="-33.4033471159636974334716796875" lon="-70.5377302877604961395263671875">
        <ele>763.20001220703125</ele>
        <time>2022-10-17T18:50:41.000Z</time>
        <extensions>
          <ns3:TrackPointExtension>
            <ns3:hr>137</ns3:hr>
            <ns3:cad>62</ns3:cad>
          </ns3:TrackPointExtension>
        </extensions>
      </trkpt>
      <trkpt lat="-33.403273522853851318359375" lon="-70.53752400912344455718994140625">
        <ele>765.5999755859375</ele>
        <time>2022-10-17T18:50:53.000Z</time>
        <extensions>
          <ns3:TrackPointExtension>
            <ns3:hr>139</ns3:hr>
            <ns3:cad>56</ns3:cad>
          </ns3:TrackPointExtension>
        </extensions>
      </trkpt>
      <trkpt lat="-33.4031191281974315643310546875" lon="-70.5374245159327983856201171875">
        <ele>769.4000244140625</ele>
        <time>2022-10-17T18:51:04.000Z</time>
        <extensions>
          <ns3:TrackPointExtension>
            <ns3:hr>140</ns3:hr>
            <ns3:cad>56</ns3:cad>
          </ns3:TrackPointExtension>
        </extensions>
      </trkpt>
      <trkpt lat="-33.40292944572865962982177734375" lon="-70.5373403616249561309814453125">
        <ele>774</ele>
        <time>2022-10-17T18:51:20.000Z</time>
        <extensions>
          <ns3:TrackPointExtension>
            <ns3:hr>137</ns3:hr>
            <ns3:cad>0</ns3:cad>
          </ns3:TrackPointExtension>
        </extensions>
      </trkpt>
      <trkpt lat="-33.4027530066668987274169921875" lon="-70.5373088456690311431884765625">
        <ele>778.20001220703125</ele>
        <time>2022-10-17T18:51:35.000Z</time>
        <extensions>
          <ns3:TrackPointExtension>
            <ns3:hr>140</ns3:hr>
            <ns3:cad>0</ns3:cad>
          </ns3:TrackPointExtension>
        </extensions>
      </trkpt>
      <trkpt lat="-33.40258327312767505645751953125" lon="-70.5372092686593532562255859375">
        <ele>783</ele>
        <time>2022-10-17T18:51:49.000Z</time>
        <extensions>
          <ns3:TrackPointExtension>
            <ns3:hr>140</ns3:hr>
            <ns3:cad>61</ns3:cad>
          </ns3:TrackPointExtension>
        </extensions>
      </trkpt>
      <trkpt lat="-33.4025273658335208892822265625" lon="-70.5372012220323085784912109375">
        <ele>784.79998779296875</ele>
        <time>2022-10-17T18:51:54.000Z</time>
        <extensions>
          <ns3:TrackPointExtension>
            <ns3:hr>141</ns3:hr>
            <ns3:cad>60</ns3:cad>
          </ns3:TrackPointExtension>
        </extensions>
      </trkpt>
      <trkpt lat="-33.40247514657676219940185546875" lon="-70.5372142978012561798095703125">
        <ele>786.4000244140625</ele>
        <time>2022-10-17T18:51:59.000Z</time>
        <extensions>
          <ns3:TrackPointExtension>
            <ns3:hr>139</ns3:hr>
            <ns3:cad>60</ns3:cad>
          </ns3:TrackPointExtension>
        </extensions>
      </trkpt>
      <trkpt lat="-33.402426280081272125244140625" lon="-70.53721538744866847991943359375">
        <ele>788</ele>
        <time>2022-10-17T18:52:03.000Z</time>
        <extensions>
          <ns3:TrackPointExtension>
            <ns3:hr>139</ns3:hr>
            <ns3:cad>62</ns3:cad>
          </ns3:TrackPointExtension>
        </extensions>
      </trkpt>
      <trkpt lat="-33.40238504111766815185546875" lon="-70.53719426505267620086669921875">
        <ele>789.4000244140625</ele>
        <time>2022-10-17T18:52:06.000Z</time>
        <extensions>
          <ns3:TrackPointExtension>
            <ns3:hr>139</ns3:hr>
            <ns3:cad>62</ns3:cad>
          </ns3:TrackPointExtension>
        </extensions>
      </trkpt>
      <trkpt lat="-33.402245901525020599365234375" lon="-70.5370255373418331146240234375">
        <ele>791</ele>
        <time>2022-10-17T18:52:15.000Z</time>
        <extensions>
          <ns3:TrackPointExtension>
            <ns3:hr>139</ns3:hr>
            <ns3:cad>62</ns3:cad>
          </ns3:TrackPointExtension>
        </extensions>
      </trkpt>
      <trkpt lat="-33.4021910838782787322998046875" lon="-70.5369876511394977569580078125">
        <ele>791.79998779296875</ele>
        <time>2022-10-17T18:52:18.000Z</time>
        <extensions>
          <ns3:TrackPointExtension>
            <ns3:hr>142</ns3:hr>
            <ns3:cad>62</ns3:cad>
          </ns3:TrackPointExtension>
        </extensions>
      </trkpt>
      <trkpt lat="-33.4020371921360492706298828125" lon="-70.53683786652982234954833984375">
        <ele>793.5999755859375</ele>
        <time>2022-10-17T18:52:27.000Z</time>
        <extensions>
          <ns3:TrackPointExtension>
            <ns3:hr>142</ns3:hr>
            <ns3:cad>40</ns3:cad>
          </ns3:TrackPointExtension>
        </extensions>
      </trkpt>
      <trkpt lat="-33.40193870477378368377685546875" lon="-70.536783300340175628662109375">
        <ele>795.5999755859375</ele>
        <time>2022-10-17T18:52:33.000Z</time>
        <extensions>
          <ns3:TrackPointExtension>
            <ns3:hr>145</ns3:hr>
            <ns3:cad>73</ns3:cad>
          </ns3:TrackPointExtension>
        </extensions>
      </trkpt>
      <trkpt lat="-33.40181549079716205596923828125" lon="-70.53669906221330165863037109375">
        <ele>797.79998779296875</ele>
        <time>2022-10-17T18:52:42.000Z</time>
        <extensions>
          <ns3:TrackPointExtension>
            <ns3:hr>141</ns3:hr>
            <ns3:cad>74</ns3:cad>
          </ns3:TrackPointExtension>
        </extensions>
      </trkpt>
      <trkpt lat="-33.40164315886795520782470703125" lon="-70.53656612522900104522705078125">
        <ele>799.4000244140625</ele>
        <time>2022-10-17T18:52:53.000Z</time>
        <extensions>
          <ns3:TrackPointExtension>
            <ns3:hr>142</ns3:hr>
            <ns3:cad>74</ns3:cad>
          </ns3:TrackPointExtension>
        </extensions>
      </trkpt>
      <trkpt lat="-33.40148054994642734527587890625" lon="-70.53642916493117809295654296875">
        <ele>800.79998779296875</ele>
        <time>2022-10-17T18:53:02.000Z</time>
        <extensions>
          <ns3:TrackPointExtension>
            <ns3:hr>143</ns3:hr>
            <ns3:cad>74</ns3:cad>
          </ns3:TrackPointExtension>
        </extensions>
      </trkpt>
      <trkpt lat="-33.4013168513774871826171875" lon="-70.5363402329385280609130859375">
        <ele>803.20001220703125</ele>
        <time>2022-10-17T18:53:10.000Z</time>
        <extensions>
          <ns3:TrackPointExtension>
            <ns3:hr>142</ns3:hr>
            <ns3:cad>74</ns3:cad>
          </ns3:TrackPointExtension>
        </extensions>
      </trkpt>
      <trkpt lat="-33.401152230799198150634765625" lon="-70.53623453713953495025634765625">
        <ele>805.5999755859375</ele>
        <time>2022-10-17T18:53:19.000Z</time>
        <extensions>
          <ns3:TrackPointExtension>
            <ns3:hr>140</ns3:hr>
            <ns3:cad>74</ns3:cad>
          </ns3:TrackPointExtension>
        </extensions>
      </trkpt>
      <trkpt lat="-33.40098224580287933349609375" lon="-70.5361439287662506103515625">
        <ele>808.4000244140625</ele>
        <time>2022-10-17T18:53:28.000Z</time>
        <extensions>
          <ns3:TrackPointExtension>
            <ns3:hr>140</ns3:hr>
            <ns3:cad>40</ns3:cad>
          </ns3:TrackPointExtension>
        </extensions>
      </trkpt>
      <trkpt lat="-33.400814943015575408935546875" lon="-70.53603705950081348419189453125">
        <ele>809.20001220703125</ele>
        <time>2022-10-17T18:53:37.000Z</time>
        <extensions>
          <ns3:TrackPointExtension>
            <ns3:hr>140</ns3:hr>
            <ns3:cad>40</ns3:cad>
          </ns3:TrackPointExtension>
        </extensions>
      </trkpt>
      <trkpt lat="-33.4006655775010585784912109375" lon="-70.53597872145473957061767578125">
        <ele>810.4000244140625</ele>
        <time>2022-10-17T18:53:46.000Z</time>
        <extensions>
          <ns3:TrackPointExtension>
            <ns3:hr>140</ns3:hr>
            <ns3:cad>40</ns3:cad>
          </ns3:TrackPointExtension>
        </extensions>
      </trkpt>
      <trkpt lat="-33.40061738155782222747802734375" lon="-70.53593530319631099700927734375">
        <ele>810.4000244140625</ele>
        <time>2022-10-17T18:53:49.000Z</time>
        <extensions>
          <ns3:TrackPointExtension>
            <ns3:hr>137</ns3:hr>
            <ns3:cad>40</ns3:cad>
          </ns3:TrackPointExtension>
        </extensions>
      </trkpt>
      <trkpt lat="-33.40040213428437709808349609375" lon="-70.53587009198963642120361328125">
        <ele>813.79998779296875</ele>
        <time>2022-10-17T18:54:02.000Z</time>
        <extensions>
          <ns3:TrackPointExtension>
            <ns3:hr>136</ns3:hr>
            <ns3:cad>52</ns3:cad>
          </ns3:TrackPointExtension>
        </extensions>
      </trkpt>
      <trkpt lat="-33.40021873824298381805419921875" lon="-70.53578459657728672027587890625">
        <ele>816.20001220703125</ele>
        <time>2022-10-17T18:54:14.000Z</time>
        <extensions>
          <ns3:TrackPointExtension>
            <ns3:hr>137</ns3:hr>
            <ns3:cad>64</ns3:cad>
          </ns3:TrackPointExtension>
        </extensions>
      </trkpt>
      <trkpt lat="-33.40018562972545623779296875" lon="-70.53576347418129444122314453125">
        <ele>816.4000244140625</ele>
        <time>2022-10-17T18:54:16.000Z</time>
        <extensions>
          <ns3:TrackPointExtension>
            <ns3:hr>140</ns3:hr>
            <ns3:cad>64</ns3:cad>
          </ns3:TrackPointExtension>
        </extensions>
      </trkpt>
      <trkpt lat="-33.400105498731136322021484375" lon="-70.5357152782380580902099609375">
        <ele>817</ele>
        <time>2022-10-17T18:54:21.000Z</time>
        <extensions>
          <ns3:TrackPointExtension>
            <ns3:hr>143</ns3:hr>
            <ns3:cad>64</ns3:cad>
          </ns3:TrackPointExtension>
        </extensions>
      </trkpt>
      <trkpt lat="-33.399925120174884796142578125" lon="-70.53561218082904815673828125">
        <ele>818</ele>
        <time>2022-10-17T18:54:32.000Z</time>
        <extensions>
          <ns3:TrackPointExtension>
            <ns3:hr>143</ns3:hr>
            <ns3:cad>64</ns3:cad>
          </ns3:TrackPointExtension>
        </extensions>
      </trkpt>
      <trkpt lat="-33.39975236915051937103271484375" lon="-70.53554068319499492645263671875">
        <ele>819.5999755859375</ele>
        <time>2022-10-17T18:54:41.000Z</time>
        <extensions>
          <ns3:TrackPointExtension>
            <ns3:hr>142</ns3:hr>
            <ns3:cad>64</ns3:cad>
          </ns3:TrackPointExtension>
        </extensions>
      </trkpt>
      <trkpt lat="-33.39955774135887622833251953125" lon="-70.53552056662738323211669921875">
        <ele>823.20001220703125</ele>
        <time>2022-10-17T18:54:51.000Z</time>
        <extensions>
          <ns3:TrackPointExtension>
            <ns3:hr>141</ns3:hr>
            <ns3:cad>64</ns3:cad>
          </ns3:TrackPointExtension>
        </extensions>
      </trkpt>
      <trkpt lat="-33.3993264846503734588623046875" lon="-70.5354336462914943695068359375">
        <ele>825.79998779296875</ele>
        <time>2022-10-17T18:55:01.000Z</time>
        <extensions>
          <ns3:TrackPointExtension>
            <ns3:hr>140</ns3:hr>
            <ns3:cad>42</ns3:cad>
          </ns3:TrackPointExtension>
        </extensions>
      </trkpt>
      <trkpt lat="-33.39914719574153423309326171875" lon="-70.53537304513156414031982421875">
        <ele>826.20001220703125</ele>
        <time>2022-10-17T18:55:09.000Z</time>
        <extensions>
          <ns3:TrackPointExtension>
            <ns3:hr>139</ns3:hr>
            <ns3:cad>42</ns3:cad>
          </ns3:TrackPointExtension>
        </extensions>
      </trkpt>
      <trkpt lat="-33.3989672362804412841796875" lon="-70.5353521741926670074462890625">
        <ele>827.79998779296875</ele>
        <time>2022-10-17T18:55:17.000Z</time>
        <extensions>
          <ns3:TrackPointExtension>
            <ns3:hr>138</ns3:hr>
            <ns3:cad>42</ns3:cad>
          </ns3:TrackPointExtension>
        </extensions>
      </trkpt>
      <trkpt lat="-33.398778140544891357421875" lon="-70.53530582226812839508056640625">
        <ele>828.5999755859375</ele>
        <time>2022-10-17T18:55:26.000Z</time>
        <extensions>
          <ns3:TrackPointExtension>
            <ns3:hr>137</ns3:hr>
            <ns3:cad>42</ns3:cad>
          </ns3:TrackPointExtension>
        </extensions>
      </trkpt>
      <trkpt lat="-33.39859784580767154693603515625" lon="-70.5353173054754734039306640625">
        <ele>831.20001220703125</ele>
        <time>2022-10-17T18:55:35.000Z</time>
        <extensions>
          <ns3:TrackPointExtension>
            <ns3:hr>136</ns3:hr>
            <ns3:cad>60</ns3:cad>
          </ns3:TrackPointExtension>
        </extensions>
      </trkpt>
      <trkpt lat="-33.39851654134690761566162109375" lon="-70.53531370125710964202880859375">
        <ele>832</ele>
        <time>2022-10-17T18:55:40.000Z</time>
        <extensions>
          <ns3:TrackPointExtension>
            <ns3:hr>136</ns3:hr>
            <ns3:cad>60</ns3:cad>
          </ns3:TrackPointExtension>
        </extensions>
      </trkpt>
      <trkpt lat="-33.39848318137228488922119140625" lon="-70.53535527549684047698974609375">
        <ele>833.5999755859375</ele>
        <time>2022-10-17T18:55:45.000Z</time>
        <extensions>
          <ns3:TrackPointExtension>
            <ns3:hr>136</ns3:hr>
            <ns3:cad>17</ns3:cad>
          </ns3:TrackPointExtension>
        </extensions>
      </trkpt>
      <trkpt lat="-33.398580662906169891357421875" lon="-70.5354135297238826751708984375">
        <ele>834.20001220703125</ele>
        <time>2022-10-17T18:55:50.000Z</time>
        <extensions>
          <ns3:TrackPointExtension>
            <ns3:hr>136</ns3:hr>
            <ns3:cad>17</ns3:cad>
          </ns3:TrackPointExtension>
        </extensions>
      </trkpt>
      <trkpt lat="-33.39877420105040073394775390625" lon="-70.5354685150086879730224609375">
        <ele>833.4000244140625</ele>
        <time>2022-10-17T18:55:57.000Z</time>
        <extensions>
          <ns3:TrackPointExtension>
            <ns3:hr>138</ns3:hr>
            <ns3:cad>86</ns3:cad>
          </ns3:TrackPointExtension>
        </extensions>
      </trkpt>
      <trkpt lat="-33.398965895175933837890625" lon="-70.53553783334791660308837890625">
        <ele>833.4000244140625</ele>
        <time>2022-10-17T18:56:04.000Z</time>
        <extensions>
          <ns3:TrackPointExtension>
            <ns3:hr>139</ns3:hr>
            <ns3:cad>86</ns3:cad>
          </ns3:TrackPointExtension>
        </extensions>
      </trkpt>
      <trkpt lat="-33.399199582636356353759765625" lon="-70.53562785498797893524169921875">
        <ele>833.5999755859375</ele>
        <time>2022-10-17T18:56:13.000Z</time>
        <extensions>
          <ns3:TrackPointExtension>
            <ns3:hr>140</ns3:hr>
            <ns3:cad>84</ns3:cad>
          </ns3:TrackPointExtension>
        </extensions>
      </trkpt>
      <trkpt lat="-33.39937384240329265594482421875" lon="-70.53571720607578754425048828125">
        <ele>833.79998779296875</ele>
        <time>2022-10-17T18:56:20.000Z</time>
        <extensions>
          <ns3:TrackPointExtension>
            <ns3:hr>142</ns3:hr>
            <ns3:cad>85</ns3:cad>
          </ns3:TrackPointExtension>
        </extensions>
      </trkpt>
      <trkpt lat="-33.39954969473183155059814453125" lon="-70.535821057856082916259765625">
        <ele>832.5999755859375</ele>
        <time>2022-10-17T18:56:27.000Z</time>
        <extensions>
          <ns3:TrackPointExtension>
            <ns3:hr>143</ns3:hr>
            <ns3:cad>85</ns3:cad>
          </ns3:TrackPointExtension>
        </extensions>
      </trkpt>
      <trkpt lat="-33.39972026646137237548828125" lon="-70.5359224788844585418701171875">
        <ele>831.4000244140625</ele>
        <time>2022-10-17T18:56:34.000Z</time>
        <extensions>
          <ns3:TrackPointExtension>
            <ns3:hr>142</ns3:hr>
            <ns3:cad>86</ns3:cad>
          </ns3:TrackPointExtension>
        </extensions>
      </trkpt>
      <trkpt lat="-33.3997921831905841827392578125" lon="-70.5359754525125026702880859375">
        <ele>831.20001220703125</ele>
        <time>2022-10-17T18:56:37.000Z</time>
        <extensions>
          <ns3:TrackPointExtension>
            <ns3:hr>139</ns3:hr>
            <ns3:cad>86</ns3:cad>
          </ns3:TrackPointExtension>
        </extensions>
      </trkpt>
      <trkpt lat="-33.3999601565301418304443359375" lon="-70.53610629402101039886474609375">
        <ele>831.4000244140625</ele>
        <time>2022-10-17T18:56:44.000Z</time>
        <extensions>
          <ns3:TrackPointExtension>
            <ns3:hr>137</ns3:hr>
            <ns3:cad>86</ns3:cad>
          </ns3:TrackPointExtension>
        </extensions>
      </trkpt>
      <trkpt lat="-33.40011614374816417694091796875" lon="-70.53625230677425861358642578125">
        <ele>832.20001220703125</ele>
        <time>2022-10-17T18:56:51.000Z</time>
        <extensions>
          <ns3:TrackPointExtension>
            <ns3:hr>135</ns3:hr>
            <ns3:cad>87</ns3:cad>
          </ns3:TrackPointExtension>
        </extensions>
      </trkpt>
      <trkpt lat="-33.40025310404598712921142578125" lon="-70.53637485019862651824951171875">
        <ele>832</ele>
        <time>2022-10-17T18:56:57.000Z</time>
        <extensions>
          <ns3:TrackPointExtension>
            <ns3:hr>132</ns3:hr>
            <ns3:cad>86</ns3:cad>
          </ns3:TrackPointExtension>
        </extensions>
      </trkpt>
      <trkpt lat="-33.4004049003124237060546875" lon="-70.53651273250579833984375">
        <ele>831</ele>
        <time>2022-10-17T18:57:04.000Z</time>
        <extensions>
          <ns3:TrackPointExtension>
            <ns3:hr>132</ns3:hr>
            <ns3:cad>87</ns3:cad>
          </ns3:TrackPointExtension>
        </extensions>
      </trkpt>
      <trkpt lat="-33.40057480148971080780029296875" lon="-70.53667274303734302520751953125">
        <ele>830</ele>
        <time>2022-10-17T18:57:12.000Z</time>
        <extensions>
          <ns3:TrackPointExtension>
            <ns3:hr>134</ns3:hr>
            <ns3:cad>83</ns3:cad>
          </ns3:TrackPointExtension>
        </extensions>
      </trkpt>
      <trkpt lat="-33.40073506347835063934326171875" lon="-70.536826550960540771484375">
        <ele>829</ele>
        <time>2022-10-17T18:57:19.000Z</time>
        <extensions>
          <ns3:TrackPointExtension>
            <ns3:hr>133</ns3:hr>
            <ns3:cad>84</ns3:cad>
          </ns3:TrackPointExtension>
        </extensions>
      </trkpt>
      <trkpt lat="-33.40088325552642345428466796875" lon="-70.5369698815047740936279296875">
        <ele>828.20001220703125</ele>
        <time>2022-10-17T18:57:26.000Z</time>
        <extensions>
          <ns3:TrackPointExtension>
            <ns3:hr>135</ns3:hr>
            <ns3:cad>83</ns3:cad>
          </ns3:TrackPointExtension>
        </extensions>
      </trkpt>
      <trkpt lat="-33.40102340094745159149169921875" lon="-70.537105165421962738037109375">
        <ele>827.4000244140625</ele>
        <time>2022-10-17T18:57:33.000Z</time>
        <extensions>
          <ns3:TrackPointExtension>
            <ns3:hr>134</ns3:hr>
            <ns3:cad>86</ns3:cad>
          </ns3:TrackPointExtension>
        </extensions>
      </trkpt>
      <trkpt lat="-33.4011746942996978759765625" lon="-70.5372548662126064300537109375">
        <ele>824.4000244140625</ele>
        <time>2022-10-17T18:57:40.000Z</time>
        <extensions>
          <ns3:TrackPointExtension>
            <ns3:hr>132</ns3:hr>
            <ns3:cad>83</ns3:cad>
          </ns3:TrackPointExtension>
        </extensions>
      </trkpt>
      <trkpt lat="-33.4013133309781551361083984375" lon="-70.53740716539323329925537109375">
        <ele>819.5999755859375</ele>
        <time>2022-10-17T18:57:47.000Z</time>
        <extensions>
          <ns3:TrackPointExtension>
            <ns3:hr>131</ns3:hr>
            <ns3:cad>84</ns3:cad>
          </ns3:TrackPointExtension>
        </extensions>
      </trkpt>
      <trkpt lat="-33.40143981389701366424560546875" lon="-70.53757061250507831573486328125">
        <ele>815</ele>
        <time>2022-10-17T18:57:54.000Z</time>
        <extensions>
          <ns3:TrackPointExtension>
            <ns3:hr>133</ns3:hr>
            <ns3:cad>84</ns3:cad>
          </ns3:TrackPointExtension>
        </extensions>
      </trkpt>
      <trkpt lat="-33.40154659934341907501220703125" lon="-70.53770137019455432891845703125">
        <ele>811.4000244140625</ele>
        <time>2022-10-17T18:58:01.000Z</time>
        <extensions>
          <ns3:TrackPointExtension>
            <ns3:hr>133</ns3:hr>
            <ns3:cad>80</ns3:cad>
          </ns3:TrackPointExtension>
        </extensions>
      </trkpt>
      <trkpt lat="-33.40163796208798885345458984375" lon="-70.537760294973850250244140625">
        <ele>808.4000244140625</ele>
        <time>2022-10-17T18:58:06.000Z</time>
        <extensions>
          <ns3:TrackPointExtension>
            <ns3:hr>130</ns3:hr>
            <ns3:cad>80</ns3:cad>
          </ns3:TrackPointExtension>
        </extensions>
      </trkpt>
      <trkpt lat="-33.4016516245901584625244140625" lon="-70.53778418339788913726806640625">
        <ele>808</ele>
        <time>2022-10-17T18:58:07.000Z</time>
        <extensions>
          <ns3:TrackPointExtension>
            <ns3:hr>130</ns3:hr>
            <ns3:cad>80</ns3:cad>
          </ns3:TrackPointExtension>
        </extensions>
      </trkpt>
      <trkpt lat="-33.40171792544424533843994140625" lon="-70.5378806591033935546875">
        <ele>805.5999755859375</ele>
        <time>2022-10-17T18:58:12.000Z</time>
        <extensions>
          <ns3:TrackPointExtension>
            <ns3:hr>129</ns3:hr>
            <ns3:cad>43</ns3:cad>
          </ns3:TrackPointExtension>
        </extensions>
      </trkpt>
      <trkpt lat="-33.4018940292298793792724609375" lon="-70.53797244094312191009521484375">
        <ele>800</ele>
        <time>2022-10-17T18:58:22.000Z</time>
        <extensions>
          <ns3:TrackPointExtension>
            <ns3:hr>128</ns3:hr>
            <ns3:cad>56</ns3:cad>
          </ns3:TrackPointExtension>
        </extensions>
      </trkpt>
      <trkpt lat="-33.40194792486727237701416015625" lon="-70.53797244094312191009521484375">
        <ele>798.4000244140625</ele>
        <time>2022-10-17T18:58:25.000Z</time>
        <extensions>
          <ns3:TrackPointExtension>
            <ns3:hr>122</ns3:hr>
            <ns3:cad>56</ns3:cad>
          </ns3:TrackPointExtension>
        </extensions>
      </trkpt>
      <trkpt lat="-33.402085639536380767822265625" lon="-70.53798920474946498870849609375">
        <ele>794</ele>
        <time>2022-10-17T18:58:32.000Z</time>
        <extensions>
          <ns3:TrackPointExtension>
            <ns3:hr>123</ns3:hr>
            <ns3:cad>68</ns3:cad>
          </ns3:TrackPointExtension>
        </extensions>
      </trkpt>
      <trkpt lat="-33.4021474979817867279052734375" lon="-70.5380300246179103851318359375">
        <ele>791.5999755859375</ele>
        <time>2022-10-17T18:58:36.000Z</time>
        <extensions>
          <ns3:TrackPointExtension>
            <ns3:hr>125</ns3:hr>
            <ns3:cad>19</ns3:cad>
          </ns3:TrackPointExtension>
        </extensions>
      </trkpt>
      <trkpt lat="-33.40233852155506610870361328125" lon="-70.53805123083293437957763671875">
        <ele>785.4000244140625</ele>
        <time>2022-10-17T18:58:47.000Z</time>
        <extensions>
          <ns3:TrackPointExtension>
            <ns3:hr>123</ns3:hr>
            <ns3:cad>62</ns3:cad>
          </ns3:TrackPointExtension>
        </extensions>
      </trkpt>
      <trkpt lat="-33.40240624733269214630126953125" lon="-70.538072101771831512451171875">
        <ele>782.79998779296875</ele>
        <time>2022-10-17T18:58:51.000Z</time>
        <extensions>
          <ns3:TrackPointExtension>
            <ns3:hr>120</ns3:hr>
            <ns3:cad>62</ns3:cad>
          </ns3:TrackPointExtension>
        </extensions>
      </trkpt>
      <trkpt lat="-33.40259517543017864227294921875" lon="-70.53809783421456813812255859375">
        <ele>776.5999755859375</ele>
        <time>2022-10-17T18:59:01.000Z</time>
        <extensions>
          <ns3:TrackPointExtension>
            <ns3:hr>119</ns3:hr>
            <ns3:cad>62</ns3:cad>
          </ns3:TrackPointExtension>
        </extensions>
      </trkpt>
      <trkpt lat="-33.40261126868426799774169921875" lon="-70.538100264966487884521484375">
        <ele>776</ele>
        <time>2022-10-17T18:59:02.000Z</time>
        <extensions>
          <ns3:TrackPointExtension>
            <ns3:hr>120</ns3:hr>
            <ns3:cad>62</ns3:cad>
          </ns3:TrackPointExtension>
        </extensions>
      </trkpt>
      <trkpt lat="-33.4026983566582202911376953125" lon="-70.5381497181951999664306640625">
        <ele>773.4000244140625</ele>
        <time>2022-10-17T18:59:08.000Z</time>
        <extensions>
          <ns3:TrackPointExtension>
            <ns3:hr>120</ns3:hr>
            <ns3:cad>62</ns3:cad>
          </ns3:TrackPointExtension>
        </extensions>
      </trkpt>
      <trkpt lat="-33.40291854925453662872314453125" lon="-70.53810906596481800079345703125">
        <ele>770.20001220703125</ele>
        <time>2022-10-17T18:59:20.000Z</time>
        <extensions>
          <ns3:TrackPointExtension>
            <ns3:hr>118</ns3:hr>
            <ns3:cad>54</ns3:cad>
          </ns3:TrackPointExtension>
        </extensions>
      </trkpt>
      <trkpt lat="-33.40299080125987529754638671875" lon="-70.538081489503383636474609375">
        <ele>769</ele>
        <time>2022-10-17T18:59:24.000Z</time>
        <extensions>
          <ns3:TrackPointExtension>
            <ns3:hr>115</ns3:hr>
            <ns3:cad>54</ns3:cad>
          </ns3:TrackPointExtension>
        </extensions>
      </trkpt>
      <trkpt lat="-33.40303991921246051788330078125" lon="-70.5381000973284244537353515625">
        <ele>767.5999755859375</ele>
        <time>2022-10-17T18:59:27.000Z</time>
        <extensions>
          <ns3:TrackPointExtension>
            <ns3:hr>115</ns3:hr>
            <ns3:cad>54</ns3:cad>
          </ns3:TrackPointExtension>
        </extensions>
      </trkpt>
      <trkpt lat="-33.403123319149017333984375" lon="-70.53825122304260730743408203125">
        <ele>764.4000244140625</ele>
        <time>2022-10-17T18:59:34.000Z</time>
        <extensions>
          <ns3:TrackPointExtension>
            <ns3:hr>118</ns3:hr>
            <ns3:cad>54</ns3:cad>
          </ns3:TrackPointExtension>
        </extensions>
      </trkpt>
      <trkpt lat="-33.4031704254448413848876953125" lon="-70.53830939345061779022216796875">
        <ele>762.79998779296875</ele>
        <time>2022-10-17T18:59:37.000Z</time>
        <extensions>
          <ns3:TrackPointExtension>
            <ns3:hr>127</ns3:hr>
            <ns3:cad>54</ns3:cad>
          </ns3:TrackPointExtension>
        </extensions>
      </trkpt>
      <trkpt lat="-33.40318626724183559417724609375" lon="-70.53833319805562496185302734375">
        <ele>762.20001220703125</ele>
        <time>2022-10-17T18:59:38.000Z</time>
        <extensions>
          <ns3:TrackPointExtension>
            <ns3:hr>127</ns3:hr>
            <ns3:cad>54</ns3:cad>
          </ns3:TrackPointExtension>
        </extensions>
      </trkpt>
      <trkpt lat="-33.40326212346553802490234375" lon="-70.5383854173123836517333984375">
        <ele>760.20001220703125</ele>
        <time>2022-10-17T18:59:42.000Z</time>
        <extensions>
          <ns3:TrackPointExtension>
            <ns3:hr>130</ns3:hr>
            <ns3:cad>48</ns3:cad>
          </ns3:TrackPointExtension>
        </extensions>
      </trkpt>
      <trkpt lat="-33.40334669686853885650634765625" lon="-70.5383589304983615875244140625">
        <ele>758.5999755859375</ele>
        <time>2022-10-17T18:59:45.000Z</time>
        <extensions>
          <ns3:TrackPointExtension>
            <ns3:hr>131</ns3:hr>
            <ns3:cad>46</ns3:cad>
          </ns3:TrackPointExtension>
        </extensions>
      </trkpt>
      <trkpt lat="-33.4033794701099395751953125" lon="-70.538353733718395233154296875">
        <ele>758</ele>
        <time>2022-10-17T18:59:46.000Z</time>
        <extensions>
          <ns3:TrackPointExtension>
            <ns3:hr>131</ns3:hr>
            <ns3:cad>46</ns3:cad>
          </ns3:TrackPointExtension>
        </extensions>
      </trkpt>
      <trkpt lat="-33.40350679121911525726318359375" lon="-70.5384222976863384246826171875">
        <ele>754.79998779296875</ele>
        <time>2022-10-17T18:59:50.000Z</time>
        <extensions>
          <ns3:TrackPointExtension>
            <ns3:hr>131</ns3:hr>
            <ns3:cad>81</ns3:cad>
          </ns3:TrackPointExtension>
        </extensions>
      </trkpt>
      <trkpt lat="-33.403628580272197723388671875" lon="-70.53852480836212635040283203125">
        <ele>753.20001220703125</ele>
        <time>2022-10-17T18:59:54.000Z</time>
        <extensions>
          <ns3:TrackPointExtension>
            <ns3:hr>135</ns3:hr>
            <ns3:cad>82</ns3:cad>
          </ns3:TrackPointExtension>
        </extensions>
      </trkpt>
      <trkpt lat="-33.40365364216268062591552734375" lon="-70.5385530553758144378662109375">
        <ele>752.79998779296875</ele>
        <time>2022-10-17T18:59:55.000Z</time>
        <extensions>
          <ns3:TrackPointExtension>
            <ns3:hr>139</ns3:hr>
            <ns3:cad>82</ns3:cad>
          </ns3:TrackPointExtension>
        </extensions>
      </trkpt>
      <trkpt lat="-33.40375908650457859039306640625" lon="-70.53871306590735912322998046875">
        <ele>750.5999755859375</ele>
        <time>2022-10-17T19:00:02.000Z</time>
        <extensions>
          <ns3:TrackPointExtension>
            <ns3:hr>140</ns3:hr>
            <ns3:cad>82</ns3:cad>
          </ns3:TrackPointExtension>
        </extensions>
      </trkpt>
      <trkpt lat="-33.40370091609656810760498046875" lon="-70.5386831425130367279052734375">
        <ele>751.20001220703125</ele>
        <time>2022-10-17T19:00:10.000Z</time>
        <extensions>
          <ns3:TrackPointExtension>
            <ns3:hr>135</ns3:hr>
            <ns3:cad>62</ns3:cad>
          </ns3:TrackPointExtension>
        </extensions>
      </trkpt>
      <trkpt lat="-33.403702341020107269287109375" lon="-70.53868389688432216644287109375">
        <ele>751.20001220703125</ele>
        <time>2022-10-17T19:00:11.000Z</time>
        <extensions>
          <ns3:TrackPointExtension>
            <ns3:hr>132</ns3:hr>
            <ns3:cad>62</ns3:cad>
          </ns3:TrackPointExtension>
        </extensions>
      </trkpt>
      <trkpt lat="-33.4037001617252826690673828125" lon="-70.538685321807861328125">
        <ele>751.20001220703125</ele>
        <time>2022-10-17T19:00:12.000Z</time>
        <extensions>
          <ns3:TrackPointExtension>
            <ns3:hr>129</ns3:hr>
            <ns3:cad>62</ns3:cad>
          </ns3:TrackPointExtension>
        </extensions>
      </trkpt>
      <trkpt lat="-33.40369722805917263031005859375" lon="-70.53868825547397136688232421875">
        <ele>751.20001220703125</ele>
        <time>2022-10-17T19:00:13.000Z</time>
        <extensions>
          <ns3:TrackPointExtension>
            <ns3:hr>126</ns3:hr>
            <ns3:cad>0</ns3:cad>
          </ns3:TrackPointExtension>
        </extensions>
      </trkpt>
      <trkpt lat="-33.40368214063346385955810546875" lon="-70.53868867456912994384765625">
        <ele>751.20001220703125</ele>
        <time>2022-10-17T19:00:15.000Z</time>
        <extensions>
          <ns3:TrackPointExtension>
            <ns3:hr>123</ns3:hr>
            <ns3:cad>0</ns3:cad>
          </ns3:TrackPointExtension>
        </extensions>
      </trkpt>
      <trkpt lat="-33.4036676399409770965576171875" lon="-70.53866746835410594940185546875">
        <ele>751.5999755859375</ele>
        <time>2022-10-17T19:00:19.000Z</time>
        <extensions>
          <ns3:TrackPointExtension>
            <ns3:hr>120</ns3:hr>
            <ns3:cad>0</ns3:cad>
          </ns3:TrackPointExtension>
        </extensions>
      </trkpt>
      <trkpt lat="-33.40367359109222888946533203125" lon="-70.5386638641357421875">
        <ele>751.5999755859375</ele>
        <time>2022-10-17T19:00:24.000Z</time>
        <extensions>
          <ns3:TrackPointExtension>
            <ns3:hr>116</ns3:hr>
            <ns3:cad>0</ns3:cad>
          </ns3:TrackPointExtension>
        </extensions>
      </trkpt>
      <trkpt lat="-33.40368079952895641326904296875" lon="-70.53866445086896419525146484375">
        <ele>751.4000244140625</ele>
        <time>2022-10-17T19:00:28.000Z</time>
        <extensions>
          <ns3:TrackPointExtension>
            <ns3:hr>121</ns3:hr>
            <ns3:cad>0</ns3:cad>
          </ns3:TrackPointExtension>
        </extensions>
      </trkpt>
      <trkpt lat="-33.4036847390234470367431640625" lon="-70.53865917026996612548828125">
        <ele>751.5999755859375</ele>
        <time>2022-10-17T19:00:43.000Z</time>
        <extensions>
          <ns3:TrackPointExtension>
            <ns3:hr>116</ns3:hr>
            <ns3:cad>0</ns3:cad>
          </ns3:TrackPointExtension>
        </extensions>
      </trkpt>
      <trkpt lat="-33.40368398465216159820556640625" lon="-70.5386573262512683868408203125">
        <ele>751.5999755859375</ele>
        <time>2022-10-17T19:00:46.000Z</time>
        <extensions>
          <ns3:TrackPointExtension>
            <ns3:hr>113</ns3:hr>
            <ns3:cad>0</ns3:cad>
          </ns3:TrackPointExtension>
        </extensions>
      </trkpt>
      <trkpt lat="-33.40368054807186126708984375" lon="-70.53865204565227031707763671875">
        <ele>751.5999755859375</ele>
        <time>2022-10-17T19:00:57.000Z</time>
        <extensions>
          <ns3:TrackPointExtension>
            <ns3:hr>110</ns3:hr>
            <ns3:cad>0</ns3:cad>
          </ns3:TrackPointExtension>
        </extensions>
      </trkpt>
      <trkpt lat="-33.40367979370057582855224609375" lon="-70.538644082844257354736328125">
        <ele>751.5999755859375</ele>
        <time>2022-10-17T19:01:12.000Z</time>
        <extensions>
          <ns3:TrackPointExtension>
            <ns3:hr>106</ns3:hr>
            <ns3:cad>0</ns3:cad>
          </ns3:TrackPointExtension>
        </extensions>
      </trkpt>
      <trkpt lat="-33.40367241762578487396240234375" lon="-70.53864433430135250091552734375">
        <ele>751.79998779296875</ele>
        <time>2022-10-17T19:01:20.000Z</time>
        <extensions>
          <ns3:TrackPointExtension>
            <ns3:hr>103</ns3:hr>
            <ns3:cad>0</ns3:cad>
          </ns3:TrackPointExtension>
        </extensions>
      </trkpt>
      <trkpt lat="-33.40367292053997516632080078125" lon="-70.5386452563107013702392578125">
        <ele>751.79998779296875</ele>
        <time>2022-10-17T19:01:23.000Z</time>
        <extensions>
          <ns3:TrackPointExtension>
            <ns3:hr>94</ns3:hr>
            <ns3:cad>0</ns3:cad>
          </ns3:TrackPointExtension>
        </extensions>
      </trkpt>
      <trkpt lat="-33.40367250144481658935546875" lon="-70.5386464297771453857421875">
        <ele>751.79998779296875</ele>
        <time>2022-10-17T19:01:24.000Z</time>
        <extensions>
          <ns3:TrackPointExtension>
            <ns3:hr>91</ns3:hr>
            <ns3:cad>0</ns3:cad>
          </ns3:TrackPointExtension>
        </extensions>
      </trkpt>
      <trkpt lat="-33.4036716632544994354248046875" lon="-70.5386482737958431243896484375">
        <ele>751.79998779296875</ele>
        <time>2022-10-17T19:01:25.000Z</time>
        <extensions>
          <ns3:TrackPointExtension>
            <ns3:hr>91</ns3:hr>
            <ns3:cad>0</ns3:cad>
          </ns3:TrackPointExtension>
        </extensions>
      </trkpt>
      <trkpt lat="-33.40366713702678680419921875" lon="-70.53865254856646060943603515625">
        <ele>751.5999755859375</ele>
        <time>2022-10-17T19:01:33.000Z</time>
        <extensions>
          <ns3:TrackPointExtension>
            <ns3:hr>94</ns3:hr>
            <ns3:cad>0</ns3:cad>
          </ns3:TrackPointExtension>
        </extensions>
      </trkpt>
      <trkpt lat="-33.4036652930080890655517578125" lon="-70.53865673951804637908935546875">
        <ele>751.5999755859375</ele>
        <time>2022-10-17T19:01:38.000Z</time>
        <extensions>
          <ns3:TrackPointExtension>
            <ns3:hr>97</ns3:hr>
            <ns3:cad>0</ns3:cad>
          </ns3:TrackPointExtension>
        </extensions>
      </trkpt>
      <trkpt lat="-33.4036624431610107421875" lon="-70.53866051137447357177734375">
        <ele>751.5999755859375</ele>
        <time>2022-10-17T19:01:46.000Z</time>
        <extensions>
          <ns3:TrackPointExtension>
            <ns3:hr>100</ns3:hr>
            <ns3:cad>0</ns3:cad>
          </ns3:TrackPointExtension>
        </extensions>
      </trkpt>
      <trkpt lat="-33.403660096228122711181640625" lon="-70.53866143338382244110107421875">
        <ele>751.5999755859375</ele>
        <time>2022-10-17T19:01:54.000Z</time>
        <extensions>
          <ns3:TrackPointExtension>
            <ns3:hr>103</ns3:hr>
            <ns3:cad>0</ns3:cad>
          </ns3:TrackPointExtension>
        </extensions>
      </trkpt>
      <trkpt lat="-33.40366018004715442657470703125" lon="-70.53866294212639331817626953125">
        <ele>751.5999755859375</ele>
        <time>2022-10-17T19:02:14.000Z</time>
        <extensions>
          <ns3:TrackPointExtension>
            <ns3:hr>100</ns3:hr>
            <ns3:cad>0</ns3:cad>
          </ns3:TrackPointExtension>
        </extensions>
      </trkpt>
      <trkpt lat="-33.4036582522094249725341796875" lon="-70.538664869964122772216796875">
        <ele>751.5999755859375</ele>
        <time>2022-10-17T19:02:16.000Z</time>
        <extensions>
          <ns3:TrackPointExtension>
            <ns3:hr>97</ns3:hr>
            <ns3:cad>0</ns3:cad>
          </ns3:TrackPointExtension>
        </extensions>
      </trkpt>
      <trkpt lat="-33.403654731810092926025390625" lon="-70.5386710725724697113037109375">
        <ele>751.5999755859375</ele>
        <time>2022-10-17T19:02:23.000Z</time>
        <extensions>
          <ns3:TrackPointExtension>
            <ns3:hr>100</ns3:hr>
            <ns3:cad>0</ns3:cad>
          </ns3:TrackPointExtension>
        </extensions>
      </trkpt>
      <trkpt lat="-33.40365028940141201019287109375" lon="-70.53867517970502376556396484375">
        <ele>751.5999755859375</ele>
        <time>2022-10-17T19:02:28.000Z</time>
        <extensions>
          <ns3:TrackPointExtension>
            <ns3:hr>97</ns3:hr>
            <ns3:cad>0</ns3:cad>
          </ns3:TrackPointExtension>
        </extensions>
      </trkpt>
      <trkpt lat="-33.403650708496570587158203125" lon="-70.5386767722666263580322265625">
        <ele>751.5999755859375</ele>
        <time>2022-10-17T19:02:30.000Z</time>
        <extensions>
          <ns3:TrackPointExtension>
            <ns3:hr>93</ns3:hr>
            <ns3:cad>0</ns3:cad>
          </ns3:TrackPointExtension>
        </extensions>
      </trkpt>
      <trkpt lat="-33.4036548994481563568115234375" lon="-70.53868322633206844329833984375">
        <ele>751.4000244140625</ele>
        <time>2022-10-17T19:02:37.000Z</time>
        <extensions>
          <ns3:TrackPointExtension>
            <ns3:hr>96</ns3:hr>
            <ns3:cad>0</ns3:cad>
          </ns3:TrackPointExtension>
        </extensions>
      </trkpt>
      <trkpt lat="-33.403652720153331756591796875" lon="-70.53868138231337070465087890625">
        <ele>751.5999755859375</ele>
        <time>2022-10-17T19:02:44.000Z</time>
        <extensions>
          <ns3:TrackPointExtension>
            <ns3:hr>91</ns3:hr>
            <ns3:cad>0</ns3:cad>
          </ns3:TrackPointExtension>
        </extensions>
      </trkpt>
      <trkpt lat="-33.40365163050591945648193359375" lon="-70.53867987357079982757568359375">
        <ele>751.5999755859375</ele>
        <time>2022-10-17T19:02:46.000Z</time>
        <extensions>
          <ns3:TrackPointExtension>
            <ns3:hr>88</ns3:hr>
            <ns3:cad>0</ns3:cad>
          </ns3:TrackPointExtension>
        </extensions>
      </trkpt>
      <trkpt lat="-33.403654396533966064453125" lon="-70.53866964764893054962158203125">
        <ele>751.5999755859375</ele>
        <time>2022-10-17T19:02:49.000Z</time>
        <extensions>
          <ns3:TrackPointExtension>
            <ns3:hr>91</ns3:hr>
            <ns3:cad>0</ns3:cad>
          </ns3:TrackPointExtension>
        </extensions>
      </trkpt>
      <trkpt lat="-33.40366311371326446533203125" lon="-70.538659505546092987060546875">
        <ele>751.5999755859375</ele>
        <time>2022-10-17T19:02:52.000Z</time>
        <extensions>
          <ns3:TrackPointExtension>
            <ns3:hr>94</ns3:hr>
            <ns3:cad>0</ns3:cad>
          </ns3:TrackPointExtension>
        </extensions>
      </trkpt>
      <trkpt lat="-33.403685577213764190673828125" lon="-70.5386593379080295562744140625">
        <ele>751.5999755859375</ele>
        <time>2022-10-17T19:02:59.000Z</time>
        <extensions>
          <ns3:TrackPointExtension>
            <ns3:hr>98</ns3:hr>
            <ns3:cad>0</ns3:cad>
          </ns3:TrackPointExtension>
        </extensions>
      </trkpt>
      <trkpt lat="-33.40369069017469882965087890625" lon="-70.5386566556990146636962890625">
        <ele>751.5999755859375</ele>
        <time>2022-10-17T19:03:05.000Z</time>
        <extensions>
          <ns3:TrackPointExtension>
            <ns3:hr>95</ns3:hr>
            <ns3:cad>0</ns3:cad>
          </ns3:TrackPointExtension>
        </extensions>
      </trkpt>
      <trkpt lat="-33.40369823388755321502685546875" lon="-70.53865640424191951751708984375">
        <ele>751.4000244140625</ele>
        <time>2022-10-17T19:03:24.000Z</time>
        <extensions>
          <ns3:TrackPointExtension>
            <ns3:hr>98</ns3:hr>
            <ns3:cad>0</ns3:cad>
          </ns3:TrackPointExtension>
        </extensions>
      </trkpt>
      <trkpt lat="-33.40376327745616436004638671875" lon="-70.53877182304859161376953125">
        <ele>750</ele>
        <time>2022-10-17T19:03:43.000Z</time>
        <extensions>
          <ns3:TrackPointExtension>
            <ns3:hr>98</ns3:hr>
            <ns3:cad>0</ns3:cad>
          </ns3:TrackPointExtension>
        </extensions>
      </trkpt>
      <trkpt lat="-33.40375833213329315185546875" lon="-70.5387766845524311065673828125">
        <ele>750</ele>
        <time>2022-10-17T19:03:49.000Z</time>
        <extensions>
          <ns3:TrackPointExtension>
            <ns3:hr>95</ns3:hr>
            <ns3:cad>0</ns3:cad>
          </ns3:TrackPointExtension>
        </extensions>
      </trkpt>
      <trkpt lat="-33.40375489555299282073974609375" lon="-70.5387810431420803070068359375">
        <ele>750</ele>
        <time>2022-10-17T19:04:02.000Z</time>
        <extensions>
          <ns3:TrackPointExtension>
            <ns3:hr>92</ns3:hr>
            <ns3:cad>0</ns3:cad>
          </ns3:TrackPointExtension>
        </extensions>
      </trkpt>
      <trkpt lat="-33.4037549793720245361328125" lon="-70.5387847311794757843017578125">
        <ele>749.79998779296875</ele>
        <time>2022-10-17T19:04:11.000Z</time>
        <extensions>
          <ns3:TrackPointExtension>
            <ns3:hr>88</ns3:hr>
            <ns3:cad>0</ns3:cad>
          </ns3:TrackPointExtension>
        </extensions>
      </trkpt>
      <trkpt lat="-33.40375942178070545196533203125" lon="-70.53879990242421627044677734375">
        <ele>749.79998779296875</ele>
        <time>2022-10-17T19:04:35.000Z</time>
        <extensions>
          <ns3:TrackPointExtension>
            <ns3:hr>79</ns3:hr>
            <ns3:cad>0</ns3:cad>
          </ns3:TrackPointExtension>
        </extensions>
      </trkpt>
      <trkpt lat="-33.40376059524714946746826171875" lon="-70.53879990242421627044677734375">
        <ele>749.79998779296875</ele>
        <time>2022-10-17T19:04:36.000Z</time>
        <extensions>
          <ns3:TrackPointExtension>
            <ns3:hr>79</ns3:hr>
            <ns3:cad>0</ns3:cad>
          </ns3:TrackPointExtension>
        </extensions>
      </trkpt>
      <trkpt lat="-33.4037657082080841064453125" lon="-70.53879864513874053955078125">
        <ele>749.79998779296875</ele>
        <time>2022-10-17T19:04:41.000Z</time>
        <extensions>
          <ns3:TrackPointExtension>
            <ns3:hr>76</ns3:hr>
            <ns3:cad>0</ns3:cad>
          </ns3:TrackPointExtension>
        </extensions>
      </trkpt>
      <trkpt lat="-33.403755314648151397705078125" lon="-70.53878632374107837677001953125">
        <ele>749.79998779296875</ele>
        <time>2022-10-17T19:04:55.000Z</time>
        <extensions>
          <ns3:TrackPointExtension>
            <ns3:hr>80</ns3:hr>
            <ns3:cad>0</ns3:cad>
          </ns3:TrackPointExtension>
        </extensions>
      </trkpt>
      <trkpt lat="-33.40375506319105625152587890625" lon="-70.538784563541412353515625">
        <ele>749.79998779296875</ele>
        <time>2022-10-17T19:04:56.000Z</time>
        <extensions>
          <ns3:TrackPointExtension>
            <ns3:hr>83</ns3:hr>
            <ns3:cad>0</ns3:cad>
          </ns3:TrackPointExtension>
        </extensions>
      </trkpt>
      <trkpt lat="-33.40375657193362712860107421875" lon="-70.53878330625593662261962890625">
        <ele>750</ele>
        <time>2022-10-17T19:04:58.000Z</time>
        <extensions>
          <ns3:TrackPointExtension>
            <ns3:hr>88</ns3:hr>
            <ns3:cad>0</ns3:cad>
          </ns3:TrackPointExtension>
        </extensions>
      </trkpt>
      <trkpt lat="-33.40375841595232486724853515625" lon="-70.538781546056270599365234375">
        <ele>750</ele>
        <time>2022-10-17T19:04:59.000Z</time>
        <extensions>
          <ns3:TrackPointExtension>
            <ns3:hr>88</ns3:hr>
            <ns3:cad>0</ns3:cad>
          </ns3:TrackPointExtension>
        </extensions>
      </trkpt>
      <trkpt lat="-33.4037603437900543212890625" lon="-70.5387807078659534454345703125">
        <ele>750</ele>
        <time>2022-10-17T19:05:00.000Z</time>
        <extensions>
          <ns3:TrackPointExtension>
            <ns3:hr>91</ns3:hr>
            <ns3:cad>0</ns3:cad>
          </ns3:TrackPointExtension>
        </extensions>
      </trkpt>
      <trkpt lat="-33.403764031827449798583984375" lon="-70.538784563541412353515625">
        <ele>749.79998779296875</ele>
        <time>2022-10-17T19:05:07.000Z</time>
        <extensions>
          <ns3:TrackPointExtension>
            <ns3:hr>86</ns3:hr>
            <ns3:cad>60</ns3:cad>
          </ns3:TrackPointExtension>
        </extensions>
      </trkpt>
      <trkpt lat="-33.40376176871359348297119140625" lon="-70.5387911014258861541748046875">
        <ele>749.79998779296875</ele>
        <time>2022-10-17T19:05:08.000Z</time>
        <extensions>
          <ns3:TrackPointExtension>
            <ns3:hr>86</ns3:hr>
            <ns3:cad>60</ns3:cad>
          </ns3:TrackPointExtension>
        </extensions>
      </trkpt>
      <trkpt lat="-33.40367359109222888946533203125" lon="-70.53893719799816608428955078125">
        <ele>749.20001220703125</ele>
        <time>2022-10-17T19:05:15.000Z</time>
        <extensions>
          <ns3:TrackPointExtension>
            <ns3:hr>89</ns3:hr>
            <ns3:cad>78</ns3:cad>
          </ns3:TrackPointExtension>
        </extensions>
      </trkpt>
      <trkpt lat="-33.40362112037837505340576171875" lon="-70.53898681886494159698486328125">
        <ele>749</ele>
        <time>2022-10-17T19:05:17.000Z</time>
        <extensions>
          <ns3:TrackPointExtension>
            <ns3:hr>92</ns3:hr>
            <ns3:cad>79</ns3:cad>
          </ns3:TrackPointExtension>
        </extensions>
      </trkpt>
      <trkpt lat="-33.4034718386828899383544921875" lon="-70.53907114081084728240966796875">
        <ele>748.79998779296875</ele>
        <time>2022-10-17T19:05:22.000Z</time>
        <extensions>
          <ns3:TrackPointExtension>
            <ns3:hr>95</ns3:hr>
            <ns3:cad>84</ns3:cad>
          </ns3:TrackPointExtension>
        </extensions>
      </trkpt>
      <trkpt lat="-33.40341341681778430938720703125" lon="-70.53909544833004474639892578125">
        <ele>749.20001220703125</ele>
        <time>2022-10-17T19:05:24.000Z</time>
        <extensions>
          <ns3:TrackPointExtension>
            <ns3:hr>98</ns3:hr>
            <ns3:cad>84</ns3:cad>
          </ns3:TrackPointExtension>
        </extensions>
      </trkpt>
      <trkpt lat="-33.40338475070893764495849609375" lon="-70.53910869173705577850341796875">
        <ele>749.20001220703125</ele>
        <time>2022-10-17T19:05:25.000Z</time>
        <extensions>
          <ns3:TrackPointExtension>
            <ns3:hr>104</ns3:hr>
            <ns3:cad>85</ns3:cad>
          </ns3:TrackPointExtension>
        </extensions>
      </trkpt>
      <trkpt lat="-33.40327343903481960296630859375" lon="-70.5391676165163516998291015625">
        <ele>749.5999755859375</ele>
        <time>2022-10-17T19:05:29.000Z</time>
        <extensions>
          <ns3:TrackPointExtension>
            <ns3:hr>107</ns3:hr>
            <ns3:cad>86</ns3:cad>
          </ns3:TrackPointExtension>
        </extensions>
      </trkpt>
      <trkpt lat="-33.4032458625733852386474609375" lon="-70.53918614052236080169677734375">
        <ele>749.5999755859375</ele>
        <time>2022-10-17T19:05:30.000Z</time>
        <extensions>
          <ns3:TrackPointExtension>
            <ns3:hr>112</ns3:hr>
            <ns3:cad>86</ns3:cad>
          </ns3:TrackPointExtension>
        </extensions>
      </trkpt>
      <trkpt lat="-33.40321694500744342803955078125" lon="-70.53920743055641651153564453125">
        <ele>749.79998779296875</ele>
        <time>2022-10-17T19:05:31.000Z</time>
        <extensions>
          <ns3:TrackPointExtension>
            <ns3:hr>112</ns3:hr>
            <ns3:cad>86</ns3:cad>
          </ns3:TrackPointExtension>
        </extensions>
      </trkpt>
      <trkpt lat="-33.40312776155769824981689453125" lon="-70.53926057182252407073974609375">
        <ele>750</ele>
        <time>2022-10-17T19:05:34.000Z</time>
        <extensions>
          <ns3:TrackPointExtension>
            <ns3:hr>115</ns3:hr>
            <ns3:cad>84</ns3:cad>
          </ns3:TrackPointExtension>
        </extensions>
      </trkpt>
      <trkpt lat="-33.40298091061413288116455078125" lon="-70.5393319018185138702392578125">
        <ele>750</ele>
        <time>2022-10-17T19:05:39.000Z</time>
        <extensions>
          <ns3:TrackPointExtension>
            <ns3:hr>118</ns3:hr>
            <ns3:cad>84</ns3:cad>
          </ns3:TrackPointExtension>
        </extensions>
      </trkpt>
      <trkpt lat="-33.40289105661213397979736328125" lon="-70.53937708027660846710205078125">
        <ele>749.79998779296875</ele>
        <time>2022-10-17T19:05:42.000Z</time>
        <extensions>
          <ns3:TrackPointExtension>
            <ns3:hr>122</ns3:hr>
            <ns3:cad>86</ns3:cad>
          </ns3:TrackPointExtension>
        </extensions>
      </trkpt>
      <trkpt lat="-33.40278527699410915374755859375" lon="-70.539430640637874603271484375">
        <ele>749.5999755859375</ele>
        <time>2022-10-17T19:05:46.000Z</time>
        <extensions>
          <ns3:TrackPointExtension>
            <ns3:hr>125</ns3:hr>
            <ns3:cad>86</ns3:cad>
          </ns3:TrackPointExtension>
        </extensions>
      </trkpt>
      <trkpt lat="-33.4026195667684078216552734375" lon="-70.53951856680214405059814453125">
        <ele>749.5999755859375</ele>
        <time>2022-10-17T19:05:52.000Z</time>
        <extensions>
          <ns3:TrackPointExtension>
            <ns3:hr>127</ns3:hr>
            <ns3:cad>87</ns3:cad>
          </ns3:TrackPointExtension>
        </extensions>
      </trkpt>
      <trkpt lat="-33.40244681574404239654541015625" lon="-70.53960590623319149017333984375">
        <ele>749.4000244140625</ele>
        <time>2022-10-17T19:05:58.000Z</time>
        <extensions>
          <ns3:TrackPointExtension>
            <ns3:hr>127</ns3:hr>
            <ns3:cad>85</ns3:cad>
          </ns3:TrackPointExtension>
        </extensions>
      </trkpt>
      <trkpt lat="-33.40227448381483554840087890625" lon="-70.539675056934356689453125">
        <ele>748.4000244140625</ele>
        <time>2022-10-17T19:06:04.000Z</time>
        <extensions>
          <ns3:TrackPointExtension>
            <ns3:hr>127</ns3:hr>
            <ns3:cad>85</ns3:cad>
          </ns3:TrackPointExtension>
        </extensions>
      </trkpt>
      <trkpt lat="-33.40210399590432643890380859375" lon="-70.53974521346390247344970703125">
        <ele>748.20001220703125</ele>
        <time>2022-10-17T19:06:10.000Z</time>
        <extensions>
          <ns3:TrackPointExtension>
            <ns3:hr>129</ns3:hr>
            <ns3:cad>87</ns3:cad>
          </ns3:TrackPointExtension>
        </extensions>
      </trkpt>
      <trkpt lat="-33.40192973613739013671875" lon="-70.539803467690944671630859375">
        <ele>748</ele>
        <time>2022-10-17T19:06:16.000Z</time>
        <extensions>
          <ns3:TrackPointExtension>
            <ns3:hr>131</ns3:hr>
            <ns3:cad>86</ns3:cad>
          </ns3:TrackPointExtension>
        </extensions>
      </trkpt>
      <trkpt lat="-33.4017558954656124114990234375" lon="-70.53986457176506519317626953125">
        <ele>747.5999755859375</ele>
        <time>2022-10-17T19:06:22.000Z</time>
        <extensions>
          <ns3:TrackPointExtension>
            <ns3:hr>130</ns3:hr>
            <ns3:cad>86</ns3:cad>
          </ns3:TrackPointExtension>
        </extensions>
      </trkpt>
      <trkpt lat="-33.401567973196506500244140625" lon="-70.5398934893310070037841796875">
        <ele>747.4000244140625</ele>
        <time>2022-10-17T19:06:28.000Z</time>
        <extensions>
          <ns3:TrackPointExtension>
            <ns3:hr>131</ns3:hr>
            <ns3:cad>84</ns3:cad>
          </ns3:TrackPointExtension>
        </extensions>
      </trkpt>
      <trkpt lat="-33.40138583444058895111083984375" lon="-70.5399263463914394378662109375">
        <ele>747.20001220703125</ele>
        <time>2022-10-17T19:06:34.000Z</time>
        <extensions>
          <ns3:TrackPointExtension>
            <ns3:hr>129</ns3:hr>
            <ns3:cad>81</ns3:cad>
          </ns3:TrackPointExtension>
        </extensions>
      </trkpt>
      <trkpt lat="-33.401196487247943878173828125" lon="-70.53993648849427700042724609375">
        <ele>747.20001220703125</ele>
        <time>2022-10-17T19:06:40.000Z</time>
        <extensions>
          <ns3:TrackPointExtension>
            <ns3:hr>130</ns3:hr>
            <ns3:cad>82</ns3:cad>
          </ns3:TrackPointExtension>
        </extensions>
      </trkpt>
      <trkpt lat="-33.40098819695413112640380859375" lon="-70.53994637914001941680908203125">
        <ele>747.4000244140625</ele>
        <time>2022-10-17T19:06:47.000Z</time>
        <extensions>
          <ns3:TrackPointExtension>
            <ns3:hr>133</ns3:hr>
            <ns3:cad>81</ns3:cad>
          </ns3:TrackPointExtension>
        </extensions>
      </trkpt>
      <trkpt lat="-33.400877304375171661376953125" lon="-70.539980493485927581787109375">
        <ele>747</ele>
        <time>2022-10-17T19:06:51.000Z</time>
        <extensions>
          <ns3:TrackPointExtension>
            <ns3:hr>130</ns3:hr>
            <ns3:cad>85</ns3:cad>
          </ns3:TrackPointExtension>
        </extensions>
      </trkpt>
      <trkpt lat="-33.400692902505397796630859375" lon="-70.540010668337345123291015625">
        <ele>746.5999755859375</ele>
        <time>2022-10-17T19:06:57.000Z</time>
        <extensions>
          <ns3:TrackPointExtension>
            <ns3:hr>128</ns3:hr>
            <ns3:cad>83</ns3:cad>
          </ns3:TrackPointExtension>
        </extensions>
      </trkpt>
      <trkpt lat="-33.40048595331609249114990234375" lon="-70.540008656680583953857421875">
        <ele>746.5999755859375</ele>
        <time>2022-10-17T19:07:04.000Z</time>
        <extensions>
          <ns3:TrackPointExtension>
            <ns3:hr>127</ns3:hr>
            <ns3:cad>84</ns3:cad>
          </ns3:TrackPointExtension>
        </extensions>
      </trkpt>
      <trkpt lat="-33.400284536182880401611328125" lon="-70.5400128476321697235107421875">
        <ele>746.79998779296875</ele>
        <time>2022-10-17T19:07:11.000Z</time>
        <extensions>
          <ns3:TrackPointExtension>
            <ns3:hr>126</ns3:hr>
            <ns3:cad>84</ns3:cad>
          </ns3:TrackPointExtension>
        </extensions>
      </trkpt>
      <trkpt lat="-33.40007591061294078826904296875" lon="-70.54002684541046619415283203125">
        <ele>746.79998779296875</ele>
        <time>2022-10-17T19:07:18.000Z</time>
        <extensions>
          <ns3:TrackPointExtension>
            <ns3:hr>127</ns3:hr>
            <ns3:cad>85</ns3:cad>
          </ns3:TrackPointExtension>
        </extensions>
      </trkpt>
      <trkpt lat="-33.39987306855618953704833984375" lon="-70.5400292761623859405517578125">
        <ele>746.79998779296875</ele>
        <time>2022-10-17T19:07:25.000Z</time>
        <extensions>
          <ns3:TrackPointExtension>
            <ns3:hr>128</ns3:hr>
            <ns3:cad>85</ns3:cad>
          </ns3:TrackPointExtension>
        </extensions>
      </trkpt>
      <trkpt lat="-33.39966787956655025482177734375" lon="-70.540036149322986602783203125">
        <ele>746.5999755859375</ele>
        <time>2022-10-17T19:07:32.000Z</time>
        <extensions>
          <ns3:TrackPointExtension>
            <ns3:hr>130</ns3:hr>
            <ns3:cad>84</ns3:cad>
          </ns3:TrackPointExtension>
        </extensions>
      </trkpt>
      <trkpt lat="-33.3994689770042896270751953125" lon="-70.54004545323550701141357421875">
        <ele>746.5999755859375</ele>
        <time>2022-10-17T19:07:39.000Z</time>
        <extensions>
          <ns3:TrackPointExtension>
            <ns3:hr>131</ns3:hr>
            <ns3:cad>85</ns3:cad>
          </ns3:TrackPointExtension>
        </extensions>
      </trkpt>
      <trkpt lat="-33.3992782048881053924560546875" lon="-70.54002868942916393280029296875">
        <ele>746.5999755859375</ele>
        <time>2022-10-17T19:07:46.000Z</time>
        <extensions>
          <ns3:TrackPointExtension>
            <ns3:hr>132</ns3:hr>
            <ns3:cad>80</ns3:cad>
          </ns3:TrackPointExtension>
        </extensions>
      </trkpt>
      <trkpt lat="-33.399080894887447357177734375" lon="-70.5400423519313335418701171875">
        <ele>746.20001220703125</ele>
        <time>2022-10-17T19:07:53.000Z</time>
        <extensions>
          <ns3:TrackPointExtension>
            <ns3:hr>131</ns3:hr>
            <ns3:cad>84</ns3:cad>
          </ns3:TrackPointExtension>
        </extensions>
      </trkpt>
      <trkpt lat="-33.39886053465306758880615234375" lon="-70.54003438912332057952880859375">
        <ele>746.20001220703125</ele>
        <time>2022-10-17T19:08:01.000Z</time>
        <extensions>
          <ns3:TrackPointExtension>
            <ns3:hr>129</ns3:hr>
            <ns3:cad>80</ns3:cad>
          </ns3:TrackPointExtension>
        </extensions>
      </trkpt>
      <trkpt lat="-33.3986911363899707794189453125" lon="-70.54003120400011539459228515625">
        <ele>746.5999755859375</ele>
        <time>2022-10-17T19:08:07.000Z</time>
        <extensions>
          <ns3:TrackPointExtension>
            <ns3:hr>132</ns3:hr>
            <ns3:cad>85</ns3:cad>
          </ns3:TrackPointExtension>
        </extensions>
      </trkpt>
      <trkpt lat="-33.398499526083469390869140625" lon="-70.54002265445888042449951171875">
        <ele>747.4000244140625</ele>
        <time>2022-10-17T19:08:14.000Z</time>
        <extensions>
          <ns3:TrackPointExtension>
            <ns3:hr>133</ns3:hr>
            <ns3:cad>84</ns3:cad>
          </ns3:TrackPointExtension>
        </extensions>
      </trkpt>
      <trkpt lat="-33.39830514974892139434814453125" lon="-70.54002030752599239349365234375">
        <ele>748.20001220703125</ele>
        <time>2022-10-17T19:08:21.000Z</time>
        <extensions>
          <ns3:TrackPointExtension>
            <ns3:hr>133</ns3:hr>
            <ns3:cad>83</ns3:cad>
          </ns3:TrackPointExtension>
        </extensions>
      </trkpt>
      <trkpt lat="-33.39811052195727825164794921875" lon="-70.5400118418037891387939453125">
        <ele>749</ele>
        <time>2022-10-17T19:08:28.000Z</time>
        <extensions>
          <ns3:TrackPointExtension>
            <ns3:hr>132</ns3:hr>
            <ns3:cad>85</ns3:cad>
          </ns3:TrackPointExtension>
        </extensions>
      </trkpt>
      <trkpt lat="-33.39791924692690372467041015625" lon="-70.539995245635509490966796875">
        <ele>749.79998779296875</ele>
        <time>2022-10-17T19:08:35.000Z</time>
        <extensions>
          <ns3:TrackPointExtension>
            <ns3:hr>131</ns3:hr>
            <ns3:cad>84</ns3:cad>
          </ns3:TrackPointExtension>
        </extensions>
      </trkpt>
      <trkpt lat="-33.39772277511656284332275390625" lon="-70.5399863608181476593017578125">
        <ele>750.4000244140625</ele>
        <time>2022-10-17T19:08:42.000Z</time>
        <extensions>
          <ns3:TrackPointExtension>
            <ns3:hr>131</ns3:hr>
            <ns3:cad>84</ns3:cad>
          </ns3:TrackPointExtension>
        </extensions>
      </trkpt>
      <trkpt lat="-33.39752898551523685455322265625" lon="-70.539969094097614288330078125">
        <ele>751</ele>
        <time>2022-10-17T19:08:49.000Z</time>
        <extensions>
          <ns3:TrackPointExtension>
            <ns3:hr>131</ns3:hr>
            <ns3:cad>85</ns3:cad>
          </ns3:TrackPointExtension>
        </extensions>
      </trkpt>
      <trkpt lat="-33.39734005741775035858154296875" lon="-70.53996012546122074127197265625">
        <ele>751.4000244140625</ele>
        <time>2022-10-17T19:08:56.000Z</time>
        <extensions>
          <ns3:TrackPointExtension>
            <ns3:hr>132</ns3:hr>
            <ns3:cad>82</ns3:cad>
          </ns3:TrackPointExtension>
        </extensions>
      </trkpt>
      <trkpt lat="-33.39715540409088134765625" lon="-70.5399602092802524566650390625">
        <ele>751.5999755859375</ele>
        <time>2022-10-17T19:09:03.000Z</time>
        <extensions>
          <ns3:TrackPointExtension>
            <ns3:hr>132</ns3:hr>
            <ns3:cad>84</ns3:cad>
          </ns3:TrackPointExtension>
        </extensions>
      </trkpt>
      <trkpt lat="-33.39696253649890422821044921875" lon="-70.53995333611965179443359375">
        <ele>751.79998779296875</ele>
        <time>2022-10-17T19:09:10.000Z</time>
        <extensions>
          <ns3:TrackPointExtension>
            <ns3:hr>132</ns3:hr>
            <ns3:cad>83</ns3:cad>
          </ns3:TrackPointExtension>
        </extensions>
      </trkpt>
      <trkpt lat="-33.3967532403767108917236328125" lon="-70.5399685911834239959716796875">
        <ele>751.79998779296875</ele>
        <time>2022-10-17T19:09:17.000Z</time>
        <extensions>
          <ns3:TrackPointExtension>
            <ns3:hr>132</ns3:hr>
            <ns3:cad>85</ns3:cad>
          </ns3:TrackPointExtension>
        </extensions>
      </trkpt>
      <trkpt lat="-33.396570347249507904052734375" lon="-70.5399773083627223968505859375">
        <ele>751.5999755859375</ele>
        <time>2022-10-17T19:09:23.000Z</time>
        <extensions>
          <ns3:TrackPointExtension>
            <ns3:hr>132</ns3:hr>
            <ns3:cad>86</ns3:cad>
          </ns3:TrackPointExtension>
        </extensions>
      </trkpt>
      <trkpt lat="-33.3963663317263126373291015625" lon="-70.53998954594135284423828125">
        <ele>751.20001220703125</ele>
        <time>2022-10-17T19:09:30.000Z</time>
        <extensions>
          <ns3:TrackPointExtension>
            <ns3:hr>133</ns3:hr>
            <ns3:cad>83</ns3:cad>
          </ns3:TrackPointExtension>
        </extensions>
      </trkpt>
      <trkpt lat="-33.39618788100779056549072265625" lon="-70.5400695092976093292236328125">
        <ele>750.5999755859375</ele>
        <time>2022-10-17T19:09:37.000Z</time>
        <extensions>
          <ns3:TrackPointExtension>
            <ns3:hr>131</ns3:hr>
            <ns3:cad>86</ns3:cad>
          </ns3:TrackPointExtension>
        </extensions>
      </trkpt>
      <trkpt lat="-33.39599065482616424560546875" lon="-70.54005282931029796600341796875">
        <ele>750.79998779296875</ele>
        <time>2022-10-17T19:09:45.000Z</time>
        <extensions>
          <ns3:TrackPointExtension>
            <ns3:hr>132</ns3:hr>
            <ns3:cad>82</ns3:cad>
          </ns3:TrackPointExtension>
        </extensions>
      </trkpt>
      <trkpt lat="-33.39583047665655612945556640625" lon="-70.540035478770732879638671875">
        <ele>751.5999755859375</ele>
        <time>2022-10-17T19:09:51.000Z</time>
        <extensions>
          <ns3:TrackPointExtension>
            <ns3:hr>135</ns3:hr>
            <ns3:cad>85</ns3:cad>
          </ns3:TrackPointExtension>
        </extensions>
      </trkpt>
      <trkpt lat="-33.39563299901783466339111328125" lon="-70.5400208942592144012451171875">
        <ele>752.5999755859375</ele>
        <time>2022-10-17T19:09:58.000Z</time>
        <extensions>
          <ns3:TrackPointExtension>
            <ns3:hr>135</ns3:hr>
            <ns3:cad>83</ns3:cad>
          </ns3:TrackPointExtension>
        </extensions>
      </trkpt>
      <trkpt lat="-33.39544348418712615966796875" lon="-70.54000991396605968475341796875">
        <ele>753.4000244140625</ele>
        <time>2022-10-17T19:10:05.000Z</time>
        <extensions>
          <ns3:TrackPointExtension>
            <ns3:hr>134</ns3:hr>
            <ns3:cad>84</ns3:cad>
          </ns3:TrackPointExtension>
        </extensions>
      </trkpt>
      <trkpt lat="-33.39524759911000728607177734375" lon="-70.5399652384221553802490234375">
        <ele>754</ele>
        <time>2022-10-17T19:10:12.000Z</time>
        <extensions>
          <ns3:TrackPointExtension>
            <ns3:hr>134</ns3:hr>
            <ns3:cad>85</ns3:cad>
          </ns3:TrackPointExtension>
        </extensions>
      </trkpt>
      <trkpt lat="-33.39505984447896480560302734375" lon="-70.5399156175553798675537109375">
        <ele>754.5999755859375</ele>
        <time>2022-10-17T19:10:19.000Z</time>
        <extensions>
          <ns3:TrackPointExtension>
            <ns3:hr>135</ns3:hr>
            <ns3:cad>84</ns3:cad>
          </ns3:TrackPointExtension>
        </extensions>
      </trkpt>
      <trkpt lat="-33.39485851116478443145751953125" lon="-70.53986641578376293182373046875">
        <ele>754.79998779296875</ele>
        <time>2022-10-17T19:10:26.000Z</time>
        <extensions>
          <ns3:TrackPointExtension>
            <ns3:hr>134</ns3:hr>
            <ns3:cad>84</ns3:cad>
          </ns3:TrackPointExtension>
        </extensions>
      </trkpt>
      <trkpt lat="-33.3946671523153781890869140625" lon="-70.53983842022716999053955078125">
        <ele>754.79998779296875</ele>
        <time>2022-10-17T19:10:33.000Z</time>
        <extensions>
          <ns3:TrackPointExtension>
            <ns3:hr>133</ns3:hr>
            <ns3:cad>82</ns3:cad>
          </ns3:TrackPointExtension>
        </extensions>
      </trkpt>
      <trkpt lat="-33.3944894559681415557861328125" lon="-70.53976633585989475250244140625">
        <ele>755.4000244140625</ele>
        <time>2022-10-17T19:10:40.000Z</time>
        <extensions>
          <ns3:TrackPointExtension>
            <ns3:hr>132</ns3:hr>
            <ns3:cad>85</ns3:cad>
          </ns3:TrackPointExtension>
        </extensions>
      </trkpt>
      <trkpt lat="-33.3943003602325916290283203125" lon="-70.53967949934303760528564453125">
        <ele>756</ele>
        <time>2022-10-17T19:10:48.000Z</time>
        <extensions>
          <ns3:TrackPointExtension>
            <ns3:hr>132</ns3:hr>
            <ns3:cad>84</ns3:cad>
          </ns3:TrackPointExtension>
        </extensions>
      </trkpt>
      <trkpt lat="-33.39417471550405025482177734375" lon="-70.539623759686946868896484375">
        <ele>756.20001220703125</ele>
        <time>2022-10-17T19:10:53.000Z</time>
        <extensions>
          <ns3:TrackPointExtension>
            <ns3:hr>129</ns3:hr>
            <ns3:cad>83</ns3:cad>
          </ns3:TrackPointExtension>
        </extensions>
      </trkpt>
      <trkpt lat="-33.393993414938449859619140625" lon="-70.53953650407493114471435546875">
        <ele>756.79998779296875</ele>
        <time>2022-10-17T19:11:00.000Z</time>
        <extensions>
          <ns3:TrackPointExtension>
            <ns3:hr>129</ns3:hr>
            <ns3:cad>83</ns3:cad>
          </ns3:TrackPointExtension>
        </extensions>
      </trkpt>
      <trkpt lat="-33.39382234029471874237060546875" lon="-70.5394301377236843109130859375">
        <ele>757.20001220703125</ele>
        <time>2022-10-17T19:11:07.000Z</time>
        <extensions>
          <ns3:TrackPointExtension>
            <ns3:hr>131</ns3:hr>
            <ns3:cad>85</ns3:cad>
          </ns3:TrackPointExtension>
        </extensions>
      </trkpt>
      <trkpt lat="-33.3936671912670135498046875" lon="-70.53931036032736301422119140625">
        <ele>757.5999755859375</ele>
        <time>2022-10-17T19:11:14.000Z</time>
        <extensions>
          <ns3:TrackPointExtension>
            <ns3:hr>130</ns3:hr>
            <ns3:cad>83</ns3:cad>
          </ns3:TrackPointExtension>
        </extensions>
      </trkpt>
      <trkpt lat="-33.393479771912097930908203125" lon="-70.5392011441290378570556640625">
        <ele>758.20001220703125</ele>
        <time>2022-10-17T19:11:21.000Z</time>
        <extensions>
          <ns3:TrackPointExtension>
            <ns3:hr>132</ns3:hr>
            <ns3:cad>86</ns3:cad>
          </ns3:TrackPointExtension>
        </extensions>
      </trkpt>
      <trkpt lat="-33.39330936782062053680419921875" lon="-70.539084635674953460693359375">
        <ele>758.20001220703125</ele>
        <time>2022-10-17T19:11:28.000Z</time>
        <extensions>
          <ns3:TrackPointExtension>
            <ns3:hr>132</ns3:hr>
            <ns3:cad>85</ns3:cad>
          </ns3:TrackPointExtension>
        </extensions>
      </trkpt>
      <trkpt lat="-33.39313351549208164215087890625" lon="-70.538981370627880096435546875">
        <ele>758.20001220703125</ele>
        <time>2022-10-17T19:11:35.000Z</time>
        <extensions>
          <ns3:TrackPointExtension>
            <ns3:hr>130</ns3:hr>
            <ns3:cad>84</ns3:cad>
          </ns3:TrackPointExtension>
        </extensions>
      </trkpt>
      <trkpt lat="-33.39296906255185604095458984375" lon="-70.53886838257312774658203125">
        <ele>758.4000244140625</ele>
        <time>2022-10-17T19:11:42.000Z</time>
        <extensions>
          <ns3:TrackPointExtension>
            <ns3:hr>129</ns3:hr>
            <ns3:cad>83</ns3:cad>
          </ns3:TrackPointExtension>
        </extensions>
      </trkpt>
      <trkpt lat="-33.39280419051647186279296875" lon="-70.53875145502388477325439453125">
        <ele>758.20001220703125</ele>
        <time>2022-10-17T19:11:49.000Z</time>
        <extensions>
          <ns3:TrackPointExtension>
            <ns3:hr>130</ns3:hr>
            <ns3:cad>87</ns3:cad>
          </ns3:TrackPointExtension>
        </extensions>
      </trkpt>
      <trkpt lat="-33.39262842200696468353271484375" lon="-70.538634695112705230712890625">
        <ele>758.20001220703125</ele>
        <time>2022-10-17T19:11:56.000Z</time>
        <extensions>
          <ns3:TrackPointExtension>
            <ns3:hr>130</ns3:hr>
            <ns3:cad>86</ns3:cad>
          </ns3:TrackPointExtension>
        </extensions>
      </trkpt>
      <trkpt lat="-33.39246329851448535919189453125" lon="-70.53850620053708553314208984375">
        <ele>758.20001220703125</ele>
        <time>2022-10-17T19:12:03.000Z</time>
        <extensions>
          <ns3:TrackPointExtension>
            <ns3:hr>130</ns3:hr>
            <ns3:cad>87</ns3:cad>
          </ns3:TrackPointExtension>
        </extensions>
      </trkpt>
      <trkpt lat="-33.39230890385806560516357421875" lon="-70.53838566876947879791259765625">
        <ele>758.20001220703125</ele>
        <time>2022-10-17T19:12:10.000Z</time>
        <extensions>
          <ns3:TrackPointExtension>
            <ns3:hr>128</ns3:hr>
            <ns3:cad>83</ns3:cad>
          </ns3:TrackPointExtension>
        </extensions>
      </trkpt>
      <trkpt lat="-33.39214160107076168060302734375" lon="-70.53825826384127140045166015625">
        <ele>758</ele>
        <time>2022-10-17T19:12:17.000Z</time>
        <extensions>
          <ns3:TrackPointExtension>
            <ns3:hr>129</ns3:hr>
            <ns3:cad>84</ns3:cad>
          </ns3:TrackPointExtension>
        </extensions>
      </trkpt>
      <trkpt lat="-33.391971699893474578857421875" lon="-70.538149215281009674072265625">
        <ele>758</ele>
        <time>2022-10-17T19:12:24.000Z</time>
        <extensions>
          <ns3:TrackPointExtension>
            <ns3:hr>130</ns3:hr>
            <ns3:cad>85</ns3:cad>
          </ns3:TrackPointExtension>
        </extensions>
      </trkpt>
      <trkpt lat="-33.39180800132453441619873046875" lon="-70.538038574159145355224609375">
        <ele>758</ele>
        <time>2022-10-17T19:12:31.000Z</time>
        <extensions>
          <ns3:TrackPointExtension>
            <ns3:hr>129</ns3:hr>
            <ns3:cad>85</ns3:cad>
          </ns3:TrackPointExtension>
        </extensions>
      </trkpt>
      <trkpt lat="-33.3916416205465793609619140625" lon="-70.53793254308402538299560546875">
        <ele>758.4000244140625</ele>
        <time>2022-10-17T19:12:38.000Z</time>
        <extensions>
          <ns3:TrackPointExtension>
            <ns3:hr>131</ns3:hr>
            <ns3:cad>86</ns3:cad>
          </ns3:TrackPointExtension>
        </extensions>
      </trkpt>
      <trkpt lat="-33.3914790116250514984130859375" lon="-70.537809915840625762939453125">
        <ele>759</ele>
        <time>2022-10-17T19:12:45.000Z</time>
        <extensions>
          <ns3:TrackPointExtension>
            <ns3:hr>132</ns3:hr>
            <ns3:cad>85</ns3:cad>
          </ns3:TrackPointExtension>
        </extensions>
      </trkpt>
      <trkpt lat="-33.3913019858300685882568359375" lon="-70.53767790086567401885986328125">
        <ele>759.5999755859375</ele>
        <time>2022-10-17T19:12:53.000Z</time>
        <extensions>
          <ns3:TrackPointExtension>
            <ns3:hr>134</ns3:hr>
            <ns3:cad>83</ns3:cad>
          </ns3:TrackPointExtension>
        </extensions>
      </trkpt>
      <trkpt lat="-33.391146920621395111083984375" lon="-70.5375586263835430145263671875">
        <ele>760.20001220703125</ele>
        <time>2022-10-17T19:13:00.000Z</time>
        <extensions>
          <ns3:TrackPointExtension>
            <ns3:hr>134</ns3:hr>
            <ns3:cad>85</ns3:cad>
          </ns3:TrackPointExtension>
        </extensions>
      </trkpt>
      <trkpt lat="-33.3909796178340911865234375" lon="-70.53744169883430004119873046875">
        <ele>760.79998779296875</ele>
        <time>2022-10-17T19:13:07.000Z</time>
        <extensions>
          <ns3:TrackPointExtension>
            <ns3:hr>134</ns3:hr>
            <ns3:cad>84</ns3:cad>
          </ns3:TrackPointExtension>
        </extensions>
      </trkpt>
      <trkpt lat="-33.39081340469419956207275390625" lon="-70.5373241007328033447265625">
        <ele>761.20001220703125</ele>
        <time>2022-10-17T19:13:14.000Z</time>
        <extensions>
          <ns3:TrackPointExtension>
            <ns3:hr>133</ns3:hr>
            <ns3:cad>85</ns3:cad>
          </ns3:TrackPointExtension>
        </extensions>
      </trkpt>
      <trkpt lat="-33.39073863811790943145751953125" lon="-70.53730675019323825836181640625">
        <ele>761.4000244140625</ele>
        <time>2022-10-17T19:13:17.000Z</time>
        <extensions>
          <ns3:TrackPointExtension>
            <ns3:hr>132</ns3:hr>
            <ns3:cad>85</ns3:cad>
          </ns3:TrackPointExtension>
        </extensions>
      </trkpt>
      <trkpt lat="-33.390671499073505401611328125" lon="-70.53719334304332733154296875">
        <ele>762</ele>
        <time>2022-10-17T19:13:21.000Z</time>
        <extensions>
          <ns3:TrackPointExtension>
            <ns3:hr>131</ns3:hr>
            <ns3:cad>83</ns3:cad>
          </ns3:TrackPointExtension>
        </extensions>
      </trkpt>
      <trkpt lat="-33.39053998701274394989013671875" lon="-70.53702059201896190643310546875">
        <ele>762.20001220703125</ele>
        <time>2022-10-17T19:13:28.000Z</time>
        <extensions>
          <ns3:TrackPointExtension>
            <ns3:hr>133</ns3:hr>
            <ns3:cad>83</ns3:cad>
          </ns3:TrackPointExtension>
        </extensions>
      </trkpt>
      <trkpt lat="-33.39041727595031261444091796875" lon="-70.5368572287261486053466796875">
        <ele>762.4000244140625</ele>
        <time>2022-10-17T19:13:35.000Z</time>
        <extensions>
          <ns3:TrackPointExtension>
            <ns3:hr>134</ns3:hr>
            <ns3:cad>81</ns3:cad>
          </ns3:TrackPointExtension>
        </extensions>
      </trkpt>
      <trkpt lat="-33.3902374841272830963134765625" lon="-70.53679562173783779144287109375">
        <ele>762.4000244140625</ele>
        <time>2022-10-17T19:13:42.000Z</time>
        <extensions>
          <ns3:TrackPointExtension>
            <ns3:hr>134</ns3:hr>
            <ns3:cad>82</ns3:cad>
          </ns3:TrackPointExtension>
        </extensions>
      </trkpt>
      <trkpt lat="-33.39006423018872737884521484375" lon="-70.53676125593483448028564453125">
        <ele>762.5999755859375</ele>
        <time>2022-10-17T19:13:53.000Z</time>
        <extensions>
          <ns3:TrackPointExtension>
            <ns3:hr>131</ns3:hr>
            <ns3:cad>76</ns3:cad>
          </ns3:TrackPointExtension>
        </extensions>
      </trkpt>
      <trkpt lat="-33.39004042558372020721435546875" lon="-70.53675119765102863311767578125">
        <ele>762.79998779296875</ele>
        <time>2022-10-17T19:13:56.000Z</time>
        <extensions>
          <ns3:TrackPointExtension>
            <ns3:hr>129</ns3:hr>
            <ns3:cad>76</ns3:cad>
          </ns3:TrackPointExtension>
        </extensions>
      </trkpt>
      <trkpt lat="-33.390023745596408843994140625" lon="-70.5367827974259853363037109375">
        <ele>762.79998779296875</ele>
        <time>2022-10-17T19:14:00.000Z</time>
        <extensions>
          <ns3:TrackPointExtension>
            <ns3:hr>125</ns3:hr>
            <ns3:cad>53</ns3:cad>
          </ns3:TrackPointExtension>
        </extensions>
      </trkpt>
      <trkpt lat="-33.39001846499741077423095703125" lon="-70.53679528646171092987060546875">
        <ele>762.79998779296875</ele>
        <time>2022-10-17T19:14:01.000Z</time>
        <extensions>
          <ns3:TrackPointExtension>
            <ns3:hr>124</ns3:hr>
            <ns3:cad>53</ns3:cad>
          </ns3:TrackPointExtension>
        </extensions>
      </trkpt>
      <trkpt lat="-33.39000153355300426483154296875" lon="-70.53685136139392852783203125">
        <ele>762.79998779296875</ele>
        <time>2022-10-17T19:14:06.000Z</time>
        <extensions>
          <ns3:TrackPointExtension>
            <ns3:hr>119</ns3:hr>
            <ns3:cad>53</ns3:cad>
          </ns3:TrackPointExtension>
        </extensions>
      </trkpt>
      <trkpt lat="-33.389987535774707794189453125" lon="-70.53688413463532924652099609375">
        <ele>762.79998779296875</ele>
        <time>2022-10-17T19:14:09.000Z</time>
        <extensions>
          <ns3:TrackPointExtension>
            <ns3:hr>116</ns3:hr>
            <ns3:cad>53</ns3:cad>
          </ns3:TrackPointExtension>
        </extensions>
      </trkpt>
      <trkpt lat="-33.38996230624616146087646484375" lon="-70.53694448433816432952880859375">
        <ele>762.79998779296875</ele>
        <time>2022-10-17T19:14:14.000Z</time>
        <extensions>
          <ns3:TrackPointExtension>
            <ns3:hr>112</ns3:hr>
            <ns3:cad>53</ns3:cad>
          </ns3:TrackPointExtension>
        </extensions>
      </trkpt>
      <trkpt lat="-33.38993296958506107330322265625" lon="-70.53701757453382015228271484375">
        <ele>762.5999755859375</ele>
        <time>2022-10-17T19:14:19.000Z</time>
        <extensions>
          <ns3:TrackPointExtension>
            <ns3:hr>112</ns3:hr>
            <ns3:cad>53</ns3:cad>
          </ns3:TrackPointExtension>
        </extensions>
      </trkpt>
      <trkpt lat="-33.389922492206096649169921875" lon="-70.53702964447438716888427734375">
        <ele>762.5999755859375</ele>
        <time>2022-10-17T19:14:20.000Z</time>
        <extensions>
          <ns3:TrackPointExtension>
            <ns3:hr>106</ns3:hr>
            <ns3:cad>53</ns3:cad>
          </ns3:TrackPointExtension>
        </extensions>
      </trkpt>
      <trkpt lat="-33.3899022080004215240478515625" lon="-70.5370634235441684722900390625">
        <ele>762.5999755859375</ele>
        <time>2022-10-17T19:14:23.000Z</time>
        <extensions>
          <ns3:TrackPointExtension>
            <ns3:hr>103</ns3:hr>
            <ns3:cad>53</ns3:cad>
          </ns3:TrackPointExtension>
        </extensions>
      </trkpt>
      <trkpt lat="-33.38988058269023895263671875" lon="-70.5371090210974216461181640625">
        <ele>762.4000244140625</ele>
        <time>2022-10-17T19:14:27.000Z</time>
        <extensions>
          <ns3:TrackPointExtension>
            <ns3:hr>101</ns3:hr>
            <ns3:cad>53</ns3:cad>
          </ns3:TrackPointExtension>
        </extensions>
      </trkpt>
      <trkpt lat="-33.389868177473545074462890625" lon="-70.53715319372713565826416015625">
        <ele>762.4000244140625</ele>
        <time>2022-10-17T19:14:31.000Z</time>
        <extensions>
          <ns3:TrackPointExtension>
            <ns3:hr>98</ns3:hr>
            <ns3:cad>53</ns3:cad>
          </ns3:TrackPointExtension>
        </extensions>
      </trkpt>
      <trkpt lat="-33.38986071757972240447998046875" lon="-70.53716543130576610565185546875">
        <ele>762.4000244140625</ele>
        <time>2022-10-17T19:14:32.000Z</time>
        <extensions>
          <ns3:TrackPointExtension>
            <ns3:hr>94</ns3:hr>
            <ns3:cad>0</ns3:cad>
          </ns3:TrackPointExtension>
        </extensions>
      </trkpt>
      <trkpt lat="-33.3897573687136173248291015625" lon="-70.53734346292912960052490234375">
        <ele>761.79998779296875</ele>
        <time>2022-10-17T19:14:46.000Z</time>
        <extensions>
          <ns3:TrackPointExtension>
            <ns3:hr>95</ns3:hr>
            <ns3:cad>0</ns3:cad>
          </ns3:TrackPointExtension>
        </extensions>
      </trkpt>
      <trkpt lat="-33.389680422842502593994140625" lon="-70.5374748073518276214599609375">
        <ele>761.4000244140625</ele>
        <time>2022-10-17T19:14:56.000Z</time>
        <extensions>
          <ns3:TrackPointExtension>
            <ns3:hr>95</ns3:hr>
            <ns3:cad>62</ns3:cad>
          </ns3:TrackPointExtension>
        </extensions>
      </trkpt>
      <trkpt lat="-33.38964245282113552093505859375" lon="-70.53759743459522724151611328125">
        <ele>761</ele>
        <time>2022-10-17T19:15:05.000Z</time>
        <extensions>
          <ns3:TrackPointExtension>
            <ns3:hr>94</ns3:hr>
            <ns3:cad>62</ns3:cad>
          </ns3:TrackPointExtension>
        </extensions>
      </trkpt>
      <trkpt lat="-33.389627449214458465576171875" lon="-70.53765024058520793914794921875">
        <ele>760.79998779296875</ele>
        <time>2022-10-17T19:15:09.000Z</time>
        <extensions>
          <ns3:TrackPointExtension>
            <ns3:hr>97</ns3:hr>
            <ns3:cad>62</ns3:cad>
          </ns3:TrackPointExtension>
        </extensions>
      </trkpt>
      <trkpt lat="-33.3896249346435070037841796875" lon="-70.5376622267067432403564453125">
        <ele>760.5999755859375</ele>
        <time>2022-10-17T19:15:10.000Z</time>
        <extensions>
          <ns3:TrackPointExtension>
            <ns3:hr>97</ns3:hr>
            <ns3:cad>62</ns3:cad>
          </ns3:TrackPointExtension>
        </extensions>
      </trkpt>
      <trkpt lat="-33.38960540480911731719970703125" lon="-70.537724755704402923583984375">
        <ele>760.4000244140625</ele>
        <time>2022-10-17T19:15:14.000Z</time>
        <extensions>
          <ns3:TrackPointExtension>
            <ns3:hr>94</ns3:hr>
            <ns3:cad>62</ns3:cad>
          </ns3:TrackPointExtension>
        </extensions>
      </trkpt>
      <trkpt lat="-33.389599956572055816650390625" lon="-70.5377447046339511871337890625">
        <ele>760.20001220703125</ele>
        <time>2022-10-17T19:15:16.000Z</time>
        <extensions>
          <ns3:TrackPointExtension>
            <ns3:hr>90</ns3:hr>
            <ns3:cad>54</ns3:cad>
          </ns3:TrackPointExtension>
        </extensions>
      </trkpt>
      <trkpt lat="-33.3895500004291534423828125" lon="-70.53787856362760066986083984375">
        <ele>759.5999755859375</ele>
        <time>2022-10-17T19:15:28.000Z</time>
        <extensions>
          <ns3:TrackPointExtension>
            <ns3:hr>87</ns3:hr>
            <ns3:cad>0</ns3:cad>
          </ns3:TrackPointExtension>
        </extensions>
      </trkpt>
      <trkpt lat="-33.38950901292264461517333984375" lon="-70.53794704377651214599609375">
        <ele>759.20001220703125</ele>
        <time>2022-10-17T19:15:33.000Z</time>
        <extensions>
          <ns3:TrackPointExtension>
            <ns3:hr>83</ns3:hr>
            <ns3:cad>52</ns3:cad>
          </ns3:TrackPointExtension>
        </extensions>
      </trkpt>
      <trkpt lat="-33.389444053173065185546875" lon="-70.5380751192569732666015625">
        <ele>759</ele>
        <time>2022-10-17T19:15:42.000Z</time>
        <extensions>
          <ns3:TrackPointExtension>
            <ns3:hr>86</ns3:hr>
            <ns3:cad>51</ns3:cad>
          </ns3:TrackPointExtension>
        </extensions>
      </trkpt>
      <trkpt lat="-33.38942267931997776031494140625" lon="-70.53811728022992610931396484375">
        <ele>758.79998779296875</ele>
        <time>2022-10-17T19:15:46.000Z</time>
        <extensions>
          <ns3:TrackPointExtension>
            <ns3:hr>89</ns3:hr>
            <ns3:cad>51</ns3:cad>
          </ns3:TrackPointExtension>
        </extensions>
      </trkpt>
      <trkpt lat="-33.38940105400979518890380859375" lon="-70.5381537415087223052978515625">
        <ele>758.79998779296875</ele>
        <time>2022-10-17T19:15:50.000Z</time>
        <extensions>
          <ns3:TrackPointExtension>
            <ns3:hr>86</ns3:hr>
            <ns3:cad>51</ns3:cad>
          </ns3:TrackPointExtension>
        </extensions>
      </trkpt>
      <trkpt lat="-33.3893731422722339630126953125" lon="-70.53826597519218921661376953125">
        <ele>759</ele>
        <time>2022-10-17T19:15:58.000Z</time>
        <extensions>
          <ns3:TrackPointExtension>
            <ns3:hr>83</ns3:hr>
            <ns3:cad>0</ns3:cad>
          </ns3:TrackPointExtension>
        </extensions>
      </trkpt>
      <trkpt lat="-33.3893329091370105743408203125" lon="-70.5383334495127201080322265625">
        <ele>759</ele>
        <time>2022-10-17T19:16:05.000Z</time>
        <extensions>
          <ns3:TrackPointExtension>
            <ns3:hr>81</ns3:hr>
            <ns3:cad>0</ns3:cad>
          </ns3:TrackPointExtension>
        </extensions>
      </trkpt>
      <trkpt lat="-33.38928706012666225433349609375" lon="-70.53833571262657642364501953125">
        <ele>759</ele>
        <time>2022-10-17T19:16:09.000Z</time>
        <extensions>
          <ns3:TrackPointExtension>
            <ns3:hr>80</ns3:hr>
            <ns3:cad>0</ns3:cad>
          </ns3:TrackPointExtension>
        </extensions>
      </trkpt>
    </trkseg>
  </trk>
</gpx>
