<?xml version="1.0" encoding="UTF-8"?>
<TrainingCenterDatabase
  xsi:schemaLocation="http://www.garmin.com/xmlschemas/TrainingCenterDatabase/v2 http://www.garmin.com/xmlschemas/TrainingCenterDatabasev2.xsd"
  xmlns:ns5="http://www.garmin.com/xmlschemas/ActivityGoals/v1"
  xmlns:ns3="http://www.garmin.com/xmlschemas/ActivityExtension/v2"
  xmlns:ns2="http://www.garmin.com/xmlschemas/UserProfile/v2"
  xmlns="http://www.garmin.com/xmlschemas/TrainingCenterDatabase/v2"
  xmlns:xsi="http://www.w3.org/2001/XMLSchema-instance" xmlns:ns4="http://www.garmin.com/xmlschemas/ProfileExtension/v1">
  <Activities>
    <Activity Sport="Running">
      <Id>2022-10-17T17:42:14.000Z</Id>
      <Lap StartTime="2022-10-17T17:42:14.000Z">
        <TotalTimeSeconds>5634.845</TotalTimeSeconds>
        <DistanceMeters>12144.37</DistanceMeters>
        <MaximumSpeed>4.050000190734863</MaximumSpeed>
        <Calories>721</Calories>
        <AverageHeartRateBpm>
          <Value>130</Value>
        </AverageHeartRateBpm>
        <MaximumHeartRateBpm>
          <Value>165</Value>
        </MaximumHeartRateBpm>
        <Intensity>Active</Intensity>
        <TriggerMethod>Manual</TriggerMethod>
        <Track>
          <Trackpoint>
            <Time>2022-10-17T17:42:14.000Z</Time>
            <Position>
              <LatitudeDegrees>-33.388977935537696</LatitudeDegrees>
              <LongitudeDegrees>-70.53821375593543</LongitudeDegrees>
            </Position>
            <AltitudeMeters>759.4000244140625</AltitudeMeters>
            <DistanceMeters>0.0</DistanceMeters>
            <HeartRateBpm>
              <Value>79</Value>
            </HeartRateBpm>
            <Extensions>
              <ns3:TPX>
                <ns3:Speed>0.0</ns3:Speed>
                <ns3:RunCadence>61</ns3:RunCadence>
              </ns3:TPX>
            </Extensions>
          </Trackpoint>
          <Trackpoint>
            <Time>2022-10-17T17:42:21.000Z</Time>
            <Position>
              <LatitudeDegrees>-33.38899872265756</LatitudeDegrees>
              <LongitudeDegrees>-70.53824502043426</LongitudeDegrees>
            </Position>
            <AltitudeMeters>759.4000244140625</AltitudeMeters>
            <DistanceMeters>3.8499999046325684</DistanceMeters>
            <HeartRateBpm>
              <Value>76</Value>
            </HeartRateBpm>
            <Extensions>
              <ns3:TPX>
                <ns3:Speed>0.7739999890327454</ns3:Speed>
                <ns3:RunCadence>0</ns3:RunCadence>
              </ns3:TPX>
            </Extensions>
          </Trackpoint>
          <Trackpoint>
            <Time>2022-10-17T17:42:31.000Z</Time>
            <Position>
              <LatitudeDegrees>-33.3890625089407</LatitudeDegrees>
              <LongitudeDegrees>-70.53829237818718</LongitudeDegrees>
            </Position>
            <AltitudeMeters>759.4000244140625</AltitudeMeters>
            <DistanceMeters>10.600000381469727</DistanceMeters>
            <HeartRateBpm>
              <Value>79</Value>
            </HeartRateBpm>
            <Extensions>
              <ns3:TPX>
                <ns3:Speed>0.9700000286102295</ns3:Speed>
                <ns3:RunCadence>61</ns3:RunCadence>
              </ns3:TPX>
            </Extensions>
          </Trackpoint>
          <Trackpoint>
            <Time>2022-10-17T17:42:36.000Z</Time>
            <Position>
              <LatitudeDegrees>-33.389139203354716</LatitudeDegrees>
              <LongitudeDegrees>-70.53834007121623</LongitudeDegrees>
            </Position>
            <AltitudeMeters>759.2000122070312</AltitudeMeters>
            <DistanceMeters>20.209999084472656</DistanceMeters>
            <HeartRateBpm>
              <Value>83</Value>
            </HeartRateBpm>
            <Extensions>
              <ns3:TPX>
                <ns3:Speed>1.1480000019073486</ns3:Speed>
                <ns3:RunCadence>53</ns3:RunCadence>
              </ns3:TPX>
            </Extensions>
          </Trackpoint>
          <Trackpoint>
            <Time>2022-10-17T17:42:38.000Z</Time>
            <Position>
              <LatitudeDegrees>-33.38917591609061</LatitudeDegrees>
              <LongitudeDegrees>-70.53835499100387</LongitudeDegrees>
            </Position>
            <AltitudeMeters>759.2000122070312</AltitudeMeters>
            <DistanceMeters>24.510000228881836</DistanceMeters>
            <HeartRateBpm>
              <Value>87</Value>
            </HeartRateBpm>
            <Extensions>
              <ns3:TPX>
                <ns3:Speed>1.7170000076293945</ns3:Speed>
                <ns3:RunCadence>53</ns3:RunCadence>
              </ns3:TPX>
            </Extensions>
          </Trackpoint>
          <Trackpoint>
            <Time>2022-10-17T17:42:41.000Z</Time>
            <Position>
              <LatitudeDegrees>-33.389252023771405</LatitudeDegrees>
              <LongitudeDegrees>-70.53831442259252</LongitudeDegrees>
            </Position>
            <AltitudeMeters>759.0</AltitudeMeters>
            <DistanceMeters>33.939998626708984</DistanceMeters>
            <HeartRateBpm>
              <Value>90</Value>
            </HeartRateBpm>
            <Extensions>
              <ns3:TPX>
                <ns3:Speed>1.996999979019165</ns3:Speed>
                <ns3:RunCadence>80</ns3:RunCadence>
              </ns3:TPX>
            </Extensions>
          </Trackpoint>
          <Trackpoint>
            <Time>2022-10-17T17:42:44.000Z</Time>
            <Position>
              <LatitudeDegrees>-33.38930700905621</LatitudeDegrees>
              <LongitudeDegrees>-70.53823890164495</LongitudeDegrees>
            </Position>
            <AltitudeMeters>759.0</AltitudeMeters>
            <DistanceMeters>43.2400016784668</DistanceMeters>
            <HeartRateBpm>
              <Value>90</Value>
            </HeartRateBpm>
            <Extensions>
              <ns3:TPX>
                <ns3:Speed>3.25600004196167</ns3:Speed>
                <ns3:RunCadence>79</ns3:RunCadence>
              </ns3:TPX>
            </Extensions>
          </Trackpoint>
          <Trackpoint>
            <Time>2022-10-17T17:42:46.000Z</Time>
            <Position>
              <LatitudeDegrees>-33.38933676481247</LatitudeDegrees>
              <LongitudeDegrees>-70.5381793063134</LongitudeDegrees>
            </Position>
            <AltitudeMeters>759.0</AltitudeMeters>
            <DistanceMeters>49.68000030517578</DistanceMeters>
            <HeartRateBpm>
              <Value>93</Value>
            </HeartRateBpm>
            <Extensions>
              <ns3:TPX>
                <ns3:Speed>3.2190001010894775</ns3:Speed>
                <ns3:RunCadence>79</ns3:RunCadence>
              </ns3:TPX>
            </Extensions>
          </Trackpoint>
          <Trackpoint>
            <Time>2022-10-17T17:42:47.000Z</Time>
            <Position>
              <LatitudeDegrees>-33.38935201987624</LatitudeDegrees>
              <LongitudeDegrees>-70.53815005347133</LongitudeDegrees>
            </Position>
            <AltitudeMeters>759.0</AltitudeMeters>
            <DistanceMeters>52.880001068115234</DistanceMeters>
            <HeartRateBpm>
              <Value>96</Value>
            </HeartRateBpm>
            <Extensions>
              <ns3:TPX>
                <ns3:Speed>3.1540000438690186</ns3:Speed>
                <ns3:RunCadence>80</ns3:RunCadence>
              </ns3:TPX>
            </Extensions>
          </Trackpoint>
          <Trackpoint>
            <Time>2022-10-17T17:42:48.000Z</Time>
            <Position>
              <LatitudeDegrees>-33.38936610147357</LatitudeDegrees>
              <LongitudeDegrees>-70.53812046535313</LongitudeDegrees>
            </Position>
            <AltitudeMeters>759.0</AltitudeMeters>
            <DistanceMeters>56.040000915527344</DistanceMeters>
            <HeartRateBpm>
              <Value>100</Value>
            </HeartRateBpm>
            <Extensions>
              <ns3:TPX>
                <ns3:Speed>3.1540000438690186</ns3:Speed>
                <ns3:RunCadence>80</ns3:RunCadence>
              </ns3:TPX>
            </Extensions>
          </Trackpoint>
          <Trackpoint>
            <Time>2022-10-17T17:42:53.000Z</Time>
            <Position>
              <LatitudeDegrees>-33.38942879810929</LatitudeDegrees>
              <LongitudeDegrees>-70.5379784759134</LongitudeDegrees>
            </Position>
            <AltitudeMeters>759.2000122070312</AltitudeMeters>
            <DistanceMeters>70.94999694824219</DistanceMeters>
            <HeartRateBpm>
              <Value>103</Value>
            </HeartRateBpm>
            <Extensions>
              <ns3:TPX>
                <ns3:Speed>3.1630001068115234</ns3:Speed>
                <ns3:RunCadence>81</ns3:RunCadence>
              </ns3:TPX>
            </Extensions>
          </Trackpoint>
          <Trackpoint>
            <Time>2022-10-17T17:42:55.000Z</Time>
            <Position>
              <LatitudeDegrees>-33.38944966904819</LatitudeDegrees>
              <LongitudeDegrees>-70.53792055696249</LongitudeDegrees>
            </Position>
            <AltitudeMeters>759.4000244140625</AltitudeMeters>
            <DistanceMeters>76.80000305175781</DistanceMeters>
            <HeartRateBpm>
              <Value>106</Value>
            </HeartRateBpm>
            <Extensions>
              <ns3:TPX>
                <ns3:Speed>3.1540000438690186</ns3:Speed>
                <ns3:RunCadence>82</ns3:RunCadence>
              </ns3:TPX>
            </Extensions>
          </Trackpoint>
          <Trackpoint>
            <Time>2022-10-17T17:42:58.000Z</Time>
            <Position>
              <LatitudeDegrees>-33.38948202319443</LatitudeDegrees>
              <LongitudeDegrees>-70.53783321753144</LongitudeDegrees>
            </Position>
            <AltitudeMeters>759.7999877929688</AltitudeMeters>
            <DistanceMeters>85.66999816894531</DistanceMeters>
            <HeartRateBpm>
              <Value>109</Value>
            </HeartRateBpm>
            <Extensions>
              <ns3:TPX>
                <ns3:Speed>3.134999990463257</ns3:Speed>
                <ns3:RunCadence>81</ns3:RunCadence>
              </ns3:TPX>
            </Extensions>
          </Trackpoint>
          <Trackpoint>
            <Time>2022-10-17T17:42:59.000Z</Time>
            <Position>
              <LatitudeDegrees>-33.389494344592094</LatitudeDegrees>
              <LongitudeDegrees>-70.53780555725098</LongitudeDegrees>
            </Position>
            <AltitudeMeters>760.0</AltitudeMeters>
            <DistanceMeters>88.58999633789062</DistanceMeters>
            <HeartRateBpm>
              <Value>112</Value>
            </HeartRateBpm>
            <Extensions>
              <ns3:TPX>
                <ns3:Speed>3.125999927520752</ns3:Speed>
                <ns3:RunCadence>80</ns3:RunCadence>
              </ns3:TPX>
            </Extensions>
          </Trackpoint>
          <Trackpoint>
            <Time>2022-10-17T17:43:01.000Z</Time>
            <Position>
              <LatitudeDegrees>-33.389517897740006</LatitudeDegrees>
              <LongitudeDegrees>-70.5377488117665</LongitudeDegrees>
            </Position>
            <AltitudeMeters>760.2000122070312</AltitudeMeters>
            <DistanceMeters>94.4800033569336</DistanceMeters>
            <HeartRateBpm>
              <Value>115</Value>
            </HeartRateBpm>
            <Extensions>
              <ns3:TPX>
                <ns3:Speed>3.0980000495910645</ns3:Speed>
                <ns3:RunCadence>80</ns3:RunCadence>
              </ns3:TPX>
            </Extensions>
          </Trackpoint>
          <Trackpoint>
            <Time>2022-10-17T17:43:04.000Z</Time>
            <Position>
              <LatitudeDegrees>-33.3895630761981</LatitudeDegrees>
              <LongitudeDegrees>-70.53766524419188</LongitudeDegrees>
            </Position>
            <AltitudeMeters>760.5999755859375</AltitudeMeters>
            <DistanceMeters>103.73999786376953</DistanceMeters>
            <HeartRateBpm>
              <Value>118</Value>
            </HeartRateBpm>
            <Extensions>
              <ns3:TPX>
                <ns3:Speed>3.069999933242798</ns3:Speed>
                <ns3:RunCadence>81</ns3:RunCadence>
              </ns3:TPX>
            </Extensions>
          </Trackpoint>
          <Trackpoint>
            <Time>2022-10-17T17:43:11.000Z</Time>
            <Position>
              <LatitudeDegrees>-33.38967556133866</LatitudeDegrees>
              <LongitudeDegrees>-70.53747841157019</LongitudeDegrees>
            </Position>
            <AltitudeMeters>761.4000244140625</AltitudeMeters>
            <DistanceMeters>125.13999938964844</DistanceMeters>
            <HeartRateBpm>
              <Value>120</Value>
            </HeartRateBpm>
            <Extensions>
              <ns3:TPX>
                <ns3:Speed>3.0230000019073486</ns3:Speed>
                <ns3:RunCadence>83</ns3:RunCadence>
              </ns3:TPX>
            </Extensions>
          </Trackpoint>
          <Trackpoint>
            <Time>2022-10-17T17:43:18.000Z</Time>
            <Position>
              <LatitudeDegrees>-33.38976616971195</LatitudeDegrees>
              <LongitudeDegrees>-70.53727900609374</LongitudeDegrees>
            </Position>
            <AltitudeMeters>762.0</AltitudeMeters>
            <DistanceMeters>146.25</DistanceMeters>
            <HeartRateBpm>
              <Value>121</Value>
            </HeartRateBpm>
            <Extensions>
              <ns3:TPX>
                <ns3:Speed>3.003999948501587</ns3:Speed>
                <ns3:RunCadence>84</ns3:RunCadence>
              </ns3:TPX>
            </Extensions>
          </Trackpoint>
          <Trackpoint>
            <Time>2022-10-17T17:43:25.000Z</Time>
            <Position>
              <LatitudeDegrees>-33.38985359296203</LatitudeDegrees>
              <LongitudeDegrees>-70.53707297891378</LongitudeDegrees>
            </Position>
            <AltitudeMeters>762.5999755859375</AltitudeMeters>
            <DistanceMeters>167.77999877929688</DistanceMeters>
            <HeartRateBpm>
              <Value>123</Value>
            </HeartRateBpm>
            <Extensions>
              <ns3:TPX>
                <ns3:Speed>3.003999948501587</ns3:Speed>
                <ns3:RunCadence>81</ns3:RunCadence>
              </ns3:TPX>
            </Extensions>
          </Trackpoint>
          <Trackpoint>
            <Time>2022-10-17T17:43:28.000Z</Time>
            <Position>
              <LatitudeDegrees>-33.38989516720176</LatitudeDegrees>
              <LongitudeDegrees>-70.53698698058724</LongitudeDegrees>
            </Position>
            <AltitudeMeters>762.7999877929688</AltitudeMeters>
            <DistanceMeters>177.00999450683594</DistanceMeters>
            <HeartRateBpm>
              <Value>126</Value>
            </HeartRateBpm>
            <Extensions>
              <ns3:TPX>
                <ns3:Speed>3.003999948501587</ns3:Speed>
                <ns3:RunCadence>80</ns3:RunCadence>
              </ns3:TPX>
            </Extensions>
          </Trackpoint>
          <Trackpoint>
            <Time>2022-10-17T17:43:31.000Z</Time>
            <Position>
              <LatitudeDegrees>-33.389938082545996</LatitudeDegrees>
              <LongitudeDegrees>-70.53689058870077</LongitudeDegrees>
            </Position>
            <AltitudeMeters>762.7999877929688</AltitudeMeters>
            <DistanceMeters>187.14999389648438</DistanceMeters>
            <HeartRateBpm>
              <Value>129</Value>
            </HeartRateBpm>
            <Extensions>
              <ns3:TPX>
                <ns3:Speed>3.0139999389648438</ns3:Speed>
                <ns3:RunCadence>82</ns3:RunCadence>
              </ns3:TPX>
            </Extensions>
          </Trackpoint>
          <Trackpoint>
            <Time>2022-10-17T17:43:37.000Z</Time>
            <Position>
              <LatitudeDegrees>-33.390035228803754</LatitudeDegrees>
              <LongitudeDegrees>-70.53672621957958</LongitudeDegrees>
            </Position>
            <AltitudeMeters>762.7999877929688</AltitudeMeters>
            <DistanceMeters>202.97999572753906</DistanceMeters>
            <HeartRateBpm>
              <Value>130</Value>
            </HeartRateBpm>
            <Extensions>
              <ns3:TPX>
                <ns3:Speed>2.61299991607666</ns3:Speed>
                <ns3:RunCadence>83</ns3:RunCadence>
              </ns3:TPX>
            </Extensions>
          </Trackpoint>
          <Trackpoint>
            <Time>2022-10-17T17:43:45.000Z</Time>
            <Position>
              <LatitudeDegrees>-33.39023916050792</LatitudeDegrees>
              <LongitudeDegrees>-70.53673535585403</LongitudeDegrees>
            </Position>
            <AltitudeMeters>762.5999755859375</AltitudeMeters>
            <DistanceMeters>224.2899932861328</DistanceMeters>
            <HeartRateBpm>
              <Value>130</Value>
            </HeartRateBpm>
            <Extensions>
              <ns3:TPX>
                <ns3:Speed>3.0230000019073486</ns3:Speed>
                <ns3:RunCadence>83</ns3:RunCadence>
              </ns3:TPX>
            </Extensions>
          </Trackpoint>
          <Trackpoint>
            <Time>2022-10-17T17:43:52.000Z</Time>
            <Position>
              <LatitudeDegrees>-33.39042708277702</LatitudeDegrees>
              <LongitudeDegrees>-70.53677282296121</LongitudeDegrees>
            </Position>
            <AltitudeMeters>762.4000244140625</AltitudeMeters>
            <DistanceMeters>245.52000427246094</DistanceMeters>
            <HeartRateBpm>
              <Value>131</Value>
            </HeartRateBpm>
            <Extensions>
              <ns3:TPX>
                <ns3:Speed>2.9670000076293945</ns3:Speed>
                <ns3:RunCadence>83</ns3:RunCadence>
              </ns3:TPX>
            </Extensions>
          </Trackpoint>
          <Trackpoint>
            <Time>2022-10-17T17:43:58.000Z</Time>
            <Position>
              <LatitudeDegrees>-33.39053789153695</LatitudeDegrees>
              <LongitudeDegrees>-70.53691305220127</LongitudeDegrees>
            </Position>
            <AltitudeMeters>762.4000244140625</AltitudeMeters>
            <DistanceMeters>263.44000244140625</DistanceMeters>
            <HeartRateBpm>
              <Value>131</Value>
            </HeartRateBpm>
            <Extensions>
              <ns3:TPX>
                <ns3:Speed>2.9579999446868896</ns3:Speed>
                <ns3:RunCadence>80</ns3:RunCadence>
              </ns3:TPX>
            </Extensions>
          </Trackpoint>
          <Trackpoint>
            <Time>2022-10-17T17:44:02.000Z</Time>
            <Position>
              <LatitudeDegrees>-33.39060385711491</LatitudeDegrees>
              <LongitudeDegrees>-70.53700315766037</LongitudeDegrees>
            </Position>
            <AltitudeMeters>762.2000122070312</AltitudeMeters>
            <DistanceMeters>274.7300109863281</DistanceMeters>
            <HeartRateBpm>
              <Value>132</Value>
            </HeartRateBpm>
            <Extensions>
              <ns3:TPX>
                <ns3:Speed>2.9579999446868896</ns3:Speed>
                <ns3:RunCadence>81</ns3:RunCadence>
              </ns3:TPX>
            </Extensions>
          </Trackpoint>
          <Trackpoint>
            <Time>2022-10-17T17:44:07.000Z</Time>
            <Position>
              <LatitudeDegrees>-33.39073126204312</LatitudeDegrees>
              <LongitudeDegrees>-70.53700575605035</LongitudeDegrees>
            </Position>
            <AltitudeMeters>762.2000122070312</AltitudeMeters>
            <DistanceMeters>288.8999938964844</DistanceMeters>
            <HeartRateBpm>
              <Value>132</Value>
            </HeartRateBpm>
            <Extensions>
              <ns3:TPX>
                <ns3:Speed>2.938999891281128</ns3:Speed>
                <ns3:RunCadence>80</ns3:RunCadence>
              </ns3:TPX>
            </Extensions>
          </Trackpoint>
          <Trackpoint>
            <Time>2022-10-17T17:44:14.000Z</Time>
            <Position>
              <LatitudeDegrees>-33.39090342633426</LatitudeDegrees>
              <LongitudeDegrees>-70.53710533306003</LongitudeDegrees>
            </Position>
            <AltitudeMeters>762.0</AltitudeMeters>
            <DistanceMeters>310.5</DistanceMeters>
            <HeartRateBpm>
              <Value>131</Value>
            </HeartRateBpm>
            <Extensions>
              <ns3:TPX>
                <ns3:Speed>2.9019999504089355</ns3:Speed>
                <ns3:RunCadence>81</ns3:RunCadence>
              </ns3:TPX>
            </Extensions>
          </Trackpoint>
          <Trackpoint>
            <Time>2022-10-17T17:44:18.000Z</Time>
            <Position>
              <LatitudeDegrees>-33.39099411852658</LatitudeDegrees>
              <LongitudeDegrees>-70.53718470968306</LongitudeDegrees>
            </Position>
            <AltitudeMeters>762.0</AltitudeMeters>
            <DistanceMeters>322.989990234375</DistanceMeters>
            <HeartRateBpm>
              <Value>134</Value>
            </HeartRateBpm>
            <Extensions>
              <ns3:TPX>
                <ns3:Speed>2.9210000038146973</ns3:Speed>
                <ns3:RunCadence>81</ns3:RunCadence>
              </ns3:TPX>
            </Extensions>
          </Trackpoint>
          <Trackpoint>
            <Time>2022-10-17T17:44:25.000Z</Time>
            <Position>
              <LatitudeDegrees>-33.391162510961294</LatitudeDegrees>
              <LongitudeDegrees>-70.53731270134449</LongitudeDegrees>
            </Position>
            <AltitudeMeters>761.2000122070312</AltitudeMeters>
            <DistanceMeters>345.19000244140625</DistanceMeters>
            <HeartRateBpm>
              <Value>134</Value>
            </HeartRateBpm>
            <Extensions>
              <ns3:TPX>
                <ns3:Speed>2.947999954223633</ns3:Speed>
                <ns3:RunCadence>82</ns3:RunCadence>
              </ns3:TPX>
            </Extensions>
          </Trackpoint>
          <Trackpoint>
            <Time>2022-10-17T17:44:32.000Z</Time>
            <Position>
              <LatitudeDegrees>-33.39133576489985</LatitudeDegrees>
              <LongitudeDegrees>-70.53743608295918</LongitudeDegrees>
            </Position>
            <AltitudeMeters>760.5999755859375</AltitudeMeters>
            <DistanceMeters>367.54998779296875</DistanceMeters>
            <HeartRateBpm>
              <Value>134</Value>
            </HeartRateBpm>
            <Extensions>
              <ns3:TPX>
                <ns3:Speed>3.003999948501587</ns3:Speed>
                <ns3:RunCadence>83</ns3:RunCadence>
              </ns3:TPX>
            </Extensions>
          </Trackpoint>
          <Trackpoint>
            <Time>2022-10-17T17:44:39.000Z</Time>
            <Position>
              <LatitudeDegrees>-33.39150885120034</LatitudeDegrees>
              <LongitudeDegrees>-70.53757203742862</LongitudeDegrees>
            </Position>
            <AltitudeMeters>760.0</AltitudeMeters>
            <DistanceMeters>390.5299987792969</DistanceMeters>
            <HeartRateBpm>
              <Value>133</Value>
            </HeartRateBpm>
            <Extensions>
              <ns3:TPX>
                <ns3:Speed>3.069999933242798</ns3:Speed>
                <ns3:RunCadence>81</ns3:RunCadence>
              </ns3:TPX>
            </Extensions>
          </Trackpoint>
          <Trackpoint>
            <Time>2022-10-17T17:44:47.000Z</Time>
            <Position>
              <LatitudeDegrees>-33.391696689650416</LatitudeDegrees>
              <LongitudeDegrees>-70.53771905601025</LongitudeDegrees>
            </Position>
            <AltitudeMeters>759.2000122070312</AltitudeMeters>
            <DistanceMeters>412.95001220703125</DistanceMeters>
            <HeartRateBpm>
              <Value>131</Value>
            </HeartRateBpm>
            <Extensions>
              <ns3:TPX>
                <ns3:Speed>3.0980000495910645</ns3:Speed>
                <ns3:RunCadence>82</ns3:RunCadence>
              </ns3:TPX>
            </Extensions>
          </Trackpoint>
          <Trackpoint>
            <Time>2022-10-17T17:44:54.000Z</Time>
            <Position>
              <LatitudeDegrees>-33.39187581092119</LatitudeDegrees>
              <LongitudeDegrees>-70.53783942013979</LongitudeDegrees>
            </Position>
            <AltitudeMeters>758.5999755859375</AltitudeMeters>
            <DistanceMeters>435.739990234375</DistanceMeters>
            <HeartRateBpm>
              <Value>131</Value>
            </HeartRateBpm>
            <Extensions>
              <ns3:TPX>
                <ns3:Speed>3.1070001125335693</ns3:Speed>
                <ns3:RunCadence>81</ns3:RunCadence>
              </ns3:TPX>
            </Extensions>
          </Trackpoint>
          <Trackpoint>
            <Time>2022-10-17T17:45:01.000Z</Time>
            <Position>
              <LatitudeDegrees>-33.392036743462086</LatitudeDegrees>
              <LongitudeDegrees>-70.53799306042492</LongitudeDegrees>
            </Position>
            <AltitudeMeters>758.4000244140625</AltitudeMeters>
            <DistanceMeters>458.6499938964844</DistanceMeters>
            <HeartRateBpm>
              <Value>131</Value>
            </HeartRateBpm>
            <Extensions>
              <ns3:TPX>
                <ns3:Speed>3.134999990463257</ns3:Speed>
                <ns3:RunCadence>80</ns3:RunCadence>
              </ns3:TPX>
            </Extensions>
          </Trackpoint>
          <Trackpoint>
            <Time>2022-10-17T17:45:08.000Z</Time>
            <Position>
              <LatitudeDegrees>-33.392223324626684</LatitudeDegrees>
              <LongitudeDegrees>-70.53810210898519</LongitudeDegrees>
            </Position>
            <AltitudeMeters>758.4000244140625</AltitudeMeters>
            <DistanceMeters>481.7300109863281</DistanceMeters>
            <HeartRateBpm>
              <Value>130</Value>
            </HeartRateBpm>
            <Extensions>
              <ns3:TPX>
                <ns3:Speed>3.1540000438690186</ns3:Speed>
                <ns3:RunCadence>82</ns3:RunCadence>
              </ns3:TPX>
            </Extensions>
          </Trackpoint>
          <Trackpoint>
            <Time>2022-10-17T17:45:14.000Z</Time>
            <Position>
              <LatitudeDegrees>-33.3923898730427</LatitudeDegrees>
              <LongitudeDegrees>-70.53819313645363</LongitudeDegrees>
            </Position>
            <AltitudeMeters>758.4000244140625</AltitudeMeters>
            <DistanceMeters>502.1000061035156</DistanceMeters>
            <HeartRateBpm>
              <Value>128</Value>
            </HeartRateBpm>
            <Extensions>
              <ns3:TPX>
                <ns3:Speed>3.1630001068115234</ns3:Speed>
                <ns3:RunCadence>80</ns3:RunCadence>
              </ns3:TPX>
            </Extensions>
          </Trackpoint>
          <Trackpoint>
            <Time>2022-10-17T17:45:21.000Z</Time>
            <Position>
              <LatitudeDegrees>-33.39255047030747</LatitudeDegrees>
              <LongitudeDegrees>-70.53831073455513</LongitudeDegrees>
            </Position>
            <AltitudeMeters>758.5999755859375</AltitudeMeters>
            <DistanceMeters>523.030029296875</DistanceMeters>
            <HeartRateBpm>
              <Value>129</Value>
            </HeartRateBpm>
            <Extensions>
              <ns3:TPX>
                <ns3:Speed>3.181999921798706</ns3:Speed>
                <ns3:RunCadence>82</ns3:RunCadence>
              </ns3:TPX>
            </Extensions>
          </Trackpoint>
          <Trackpoint>
            <Time>2022-10-17T17:45:28.000Z</Time>
            <Position>
              <LatitudeDegrees>-33.3927181083709</LatitudeDegrees>
              <LongitudeDegrees>-70.5384401511401</LongitudeDegrees>
            </Position>
            <AltitudeMeters>758.5999755859375</AltitudeMeters>
            <DistanceMeters>545.2000122070312</DistanceMeters>
            <HeartRateBpm>
              <Value>127</Value>
            </HeartRateBpm>
            <Extensions>
              <ns3:TPX>
                <ns3:Speed>3.1540000438690186</ns3:Speed>
                <ns3:RunCadence>82</ns3:RunCadence>
              </ns3:TPX>
            </Extensions>
          </Trackpoint>
          <Trackpoint>
            <Time>2022-10-17T17:45:35.000Z</Time>
            <Position>
              <LatitudeDegrees>-33.39288524352014</LatitudeDegrees>
              <LongitudeDegrees>-70.5385691486299</LongitudeDegrees>
            </Position>
            <AltitudeMeters>758.5999755859375</AltitudeMeters>
            <DistanceMeters>567.27001953125</DistanceMeters>
            <HeartRateBpm>
              <Value>127</Value>
            </HeartRateBpm>
            <Extensions>
              <ns3:TPX>
                <ns3:Speed>3.125999927520752</ns3:Speed>
                <ns3:RunCadence>83</ns3:RunCadence>
              </ns3:TPX>
            </Extensions>
          </Trackpoint>
          <Trackpoint>
            <Time>2022-10-17T17:45:42.000Z</Time>
            <Position>
              <LatitudeDegrees>-33.393038883805275</LatitudeDegrees>
              <LongitudeDegrees>-70.53869814611971</LongitudeDegrees>
            </Position>
            <AltitudeMeters>758.5999755859375</AltitudeMeters>
            <DistanceMeters>588.0900268554688</DistanceMeters>
            <HeartRateBpm>
              <Value>129</Value>
            </HeartRateBpm>
            <Extensions>
              <ns3:TPX>
                <ns3:Speed>3.1070001125335693</ns3:Speed>
                <ns3:RunCadence>82</ns3:RunCadence>
              </ns3:TPX>
            </Extensions>
          </Trackpoint>
          <Trackpoint>
            <Time>2022-10-17T17:45:46.000Z</Time>
            <Position>
              <LatitudeDegrees>-33.39313535951078</LatitudeDegrees>
              <LongitudeDegrees>-70.53877031430602</LongitudeDegrees>
            </Position>
            <AltitudeMeters>758.5999755859375</AltitudeMeters>
            <DistanceMeters>599.1300048828125</DistanceMeters>
            <HeartRateBpm>
              <Value>132</Value>
            </HeartRateBpm>
            <Extensions>
              <ns3:TPX>
                <ns3:Speed>2.444999933242798</ns3:Speed>
                <ns3:RunCadence>81</ns3:RunCadence>
              </ns3:TPX>
            </Extensions>
          </Trackpoint>
          <Trackpoint>
            <Time>2022-10-17T17:45:54.000Z</Time>
            <Position>
              <LatitudeDegrees>-33.393339375033975</LatitudeDegrees>
              <LongitudeDegrees>-70.53890526294708</LongitudeDegrees>
            </Position>
            <AltitudeMeters>758.5999755859375</AltitudeMeters>
            <DistanceMeters>622.1599731445312</DistanceMeters>
            <HeartRateBpm>
              <Value>133</Value>
            </HeartRateBpm>
            <Extensions>
              <ns3:TPX>
                <ns3:Speed>3.0880000591278076</ns3:Speed>
                <ns3:RunCadence>81</ns3:RunCadence>
              </ns3:TPX>
            </Extensions>
          </Trackpoint>
          <Trackpoint>
            <Time>2022-10-17T17:46:00.000Z</Time>
            <Position>
              <LatitudeDegrees>-33.393469881266356</LatitudeDegrees>
              <LongitudeDegrees>-70.53901766426861</LongitudeDegrees>
            </Position>
            <AltitudeMeters>758.5999755859375</AltitudeMeters>
            <DistanceMeters>640.010009765625</DistanceMeters>
            <HeartRateBpm>
              <Value>130</Value>
            </HeartRateBpm>
            <Extensions>
              <ns3:TPX>
                <ns3:Speed>3.0880000591278076</ns3:Speed>
                <ns3:RunCadence>82</ns3:RunCadence>
              </ns3:TPX>
            </Extensions>
          </Trackpoint>
          <Trackpoint>
            <Time>2022-10-17T17:46:07.000Z</Time>
            <Position>
              <LatitudeDegrees>-33.39363475330174</LatitudeDegrees>
              <LongitudeDegrees>-70.53915093652904</LongitudeDegrees>
            </Position>
            <AltitudeMeters>758.0</AltitudeMeters>
            <DistanceMeters>662.0700073242188</DistanceMeters>
            <HeartRateBpm>
              <Value>128</Value>
            </HeartRateBpm>
            <Extensions>
              <ns3:TPX>
                <ns3:Speed>3.0789999961853027</ns3:Speed>
                <ns3:RunCadence>83</ns3:RunCadence>
              </ns3:TPX>
            </Extensions>
          </Trackpoint>
          <Trackpoint>
            <Time>2022-10-17T17:46:14.000Z</Time>
            <Position>
              <LatitudeDegrees>-33.39381169527769</LatitudeDegrees>
              <LongitudeDegrees>-70.53926241584122</LongitudeDegrees>
            </Position>
            <AltitudeMeters>757.5999755859375</AltitudeMeters>
            <DistanceMeters>684.27001953125</DistanceMeters>
            <HeartRateBpm>
              <Value>129</Value>
            </HeartRateBpm>
            <Extensions>
              <ns3:TPX>
                <ns3:Speed>3.0789999961853027</ns3:Speed>
                <ns3:RunCadence>83</ns3:RunCadence>
              </ns3:TPX>
            </Extensions>
          </Trackpoint>
          <Trackpoint>
            <Time>2022-10-17T17:46:21.000Z</Time>
            <Position>
              <LatitudeDegrees>-33.393992660567164</LatitudeDegrees>
              <LongitudeDegrees>-70.53938202559948</LongitudeDegrees>
            </Position>
            <AltitudeMeters>757.0</AltitudeMeters>
            <DistanceMeters>707.239990234375</DistanceMeters>
            <HeartRateBpm>
              <Value>129</Value>
            </HeartRateBpm>
            <Extensions>
              <ns3:TPX>
                <ns3:Speed>3.0880000591278076</ns3:Speed>
                <ns3:RunCadence>82</ns3:RunCadence>
              </ns3:TPX>
            </Extensions>
          </Trackpoint>
          <Trackpoint>
            <Time>2022-10-17T17:46:27.000Z</Time>
            <Position>
              <LatitudeDegrees>-33.394153928384185</LatitudeDegrees>
              <LongitudeDegrees>-70.53947816602886</LongitudeDegrees>
            </Position>
            <AltitudeMeters>757.0</AltitudeMeters>
            <DistanceMeters>727.239990234375</DistanceMeters>
            <HeartRateBpm>
              <Value>130</Value>
            </HeartRateBpm>
            <Extensions>
              <ns3:TPX>
                <ns3:Speed>3.0980000495910645</ns3:Speed>
                <ns3:RunCadence>83</ns3:RunCadence>
              </ns3:TPX>
            </Extensions>
          </Trackpoint>
          <Trackpoint>
            <Time>2022-10-17T17:46:34.000Z</Time>
            <Position>
              <LatitudeDegrees>-33.3943500649184</LatitudeDegrees>
              <LongitudeDegrees>-70.53956449963152</LongitudeDegrees>
            </Position>
            <AltitudeMeters>757.0</AltitudeMeters>
            <DistanceMeters>750.4600219726562</DistanceMeters>
            <HeartRateBpm>
              <Value>132</Value>
            </HeartRateBpm>
            <Extensions>
              <ns3:TPX>
                <ns3:Speed>3.115999937057495</ns3:Speed>
                <ns3:RunCadence>82</ns3:RunCadence>
              </ns3:TPX>
            </Extensions>
          </Trackpoint>
          <Trackpoint>
            <Time>2022-10-17T17:46:41.000Z</Time>
            <Position>
              <LatitudeDegrees>-33.39455768465996</LatitudeDegrees>
              <LongitudeDegrees>-70.53963398560882</LongitudeDegrees>
            </Position>
            <AltitudeMeters>756.5999755859375</AltitudeMeters>
            <DistanceMeters>771.0700073242188</DistanceMeters>
            <HeartRateBpm>
              <Value>130</Value>
            </HeartRateBpm>
            <Extensions>
              <ns3:TPX>
                <ns3:Speed>2.5380001068115234</ns3:Speed>
                <ns3:RunCadence>85</ns3:RunCadence>
              </ns3:TPX>
            </Extensions>
          </Trackpoint>
          <Trackpoint>
            <Time>2022-10-17T17:46:48.000Z</Time>
            <Position>
              <LatitudeDegrees>-33.394746612757444</LatitudeDegrees>
              <LongitudeDegrees>-70.53969978354871</LongitudeDegrees>
            </Position>
            <AltitudeMeters>756.2000122070312</AltitudeMeters>
            <DistanceMeters>792.8900146484375</DistanceMeters>
            <HeartRateBpm>
              <Value>128</Value>
            </HeartRateBpm>
            <Extensions>
              <ns3:TPX>
                <ns3:Speed>3.134999990463257</ns3:Speed>
                <ns3:RunCadence>83</ns3:RunCadence>
              </ns3:TPX>
            </Extensions>
          </Trackpoint>
          <Trackpoint>
            <Time>2022-10-17T17:46:54.000Z</Time>
            <Position>
              <LatitudeDegrees>-33.39493495412171</LatitudeDegrees>
              <LongitudeDegrees>-70.53975057788193</LongitudeDegrees>
            </Position>
            <AltitudeMeters>756.0</AltitudeMeters>
            <DistanceMeters>814.260009765625</DistanceMeters>
            <HeartRateBpm>
              <Value>128</Value>
            </HeartRateBpm>
            <Extensions>
              <ns3:TPX>
                <ns3:Speed>3.134999990463257</ns3:Speed>
                <ns3:RunCadence>84</ns3:RunCadence>
              </ns3:TPX>
            </Extensions>
          </Trackpoint>
          <Trackpoint>
            <Time>2022-10-17T17:46:58.000Z</Time>
            <Position>
              <LatitudeDegrees>-33.39505213312805</LatitudeDegrees>
              <LongitudeDegrees>-70.53976717405021</LongitudeDegrees>
            </Position>
            <AltitudeMeters>756.0</AltitudeMeters>
            <DistanceMeters>827.3599853515625</DistanceMeters>
            <HeartRateBpm>
              <Value>125</Value>
            </HeartRateBpm>
            <Extensions>
              <ns3:TPX>
                <ns3:Speed>3.1440000534057617</ns3:Speed>
                <ns3:RunCadence>84</ns3:RunCadence>
              </ns3:TPX>
            </Extensions>
          </Trackpoint>
          <Trackpoint>
            <Time>2022-10-17T17:47:05.000Z</Time>
            <Position>
              <LatitudeDegrees>-33.39525396935642</LatitudeDegrees>
              <LongitudeDegrees>-70.5398041382432</LongitudeDegrees>
            </Position>
            <AltitudeMeters>755.5999755859375</AltitudeMeters>
            <DistanceMeters>850.010009765625</DistanceMeters>
            <HeartRateBpm>
              <Value>128</Value>
            </HeartRateBpm>
            <Extensions>
              <ns3:TPX>
                <ns3:Speed>3.171999931335449</ns3:Speed>
                <ns3:RunCadence>81</ns3:RunCadence>
              </ns3:TPX>
            </Extensions>
          </Trackpoint>
          <Trackpoint>
            <Time>2022-10-17T17:47:12.000Z</Time>
            <Position>
              <LatitudeDegrees>-33.39545496739447</LatitudeDegrees>
              <LongitudeDegrees>-70.53983808495104</LongitudeDegrees>
            </Position>
            <AltitudeMeters>754.5999755859375</AltitudeMeters>
            <DistanceMeters>872.5</DistanceMeters>
            <HeartRateBpm>
              <Value>130</Value>
            </HeartRateBpm>
            <Extensions>
              <ns3:TPX>
                <ns3:Speed>3.171999931335449</ns3:Speed>
                <ns3:RunCadence>84</ns3:RunCadence>
              </ns3:TPX>
            </Extensions>
          </Trackpoint>
          <Trackpoint>
            <Time>2022-10-17T17:47:18.000Z</Time>
            <Position>
              <LatitudeDegrees>-33.395619755610824</LatitudeDegrees>
              <LongitudeDegrees>-70.53985971026123</LongitudeDegrees>
            </Position>
            <AltitudeMeters>753.5999755859375</AltitudeMeters>
            <DistanceMeters>890.8900146484375</DistanceMeters>
            <HeartRateBpm>
              <Value>133</Value>
            </HeartRateBpm>
            <Extensions>
              <ns3:TPX>
                <ns3:Speed>3.171999931335449</ns3:Speed>
                <ns3:RunCadence>82</ns3:RunCadence>
              </ns3:TPX>
            </Extensions>
          </Trackpoint>
          <Trackpoint>
            <Time>2022-10-17T17:47:26.000Z</Time>
            <Position>
              <LatitudeDegrees>-33.39580273255706</LatitudeDegrees>
              <LongitudeDegrees>-70.5398786533624</LongitudeDegrees>
            </Position>
            <AltitudeMeters>752.5999755859375</AltitudeMeters>
            <DistanceMeters>911.1699829101562</DistanceMeters>
            <HeartRateBpm>
              <Value>131</Value>
            </HeartRateBpm>
            <Extensions>
              <ns3:TPX>
                <ns3:Speed>3.1540000438690186</ns3:Speed>
                <ns3:RunCadence>84</ns3:RunCadence>
              </ns3:TPX>
            </Extensions>
          </Trackpoint>
          <Trackpoint>
            <Time>2022-10-17T17:47:34.000Z</Time>
            <Position>
              <LatitudeDegrees>-33.396000964567065</LatitudeDegrees>
              <LongitudeDegrees>-70.5398866161704</LongitudeDegrees>
            </Position>
            <AltitudeMeters>751.7999877929688</AltitudeMeters>
            <DistanceMeters>933.1799926757812</DistanceMeters>
            <HeartRateBpm>
              <Value>129</Value>
            </HeartRateBpm>
            <Extensions>
              <ns3:TPX>
                <ns3:Speed>3.0980000495910645</ns3:Speed>
                <ns3:RunCadence>82</ns3:RunCadence>
              </ns3:TPX>
            </Extensions>
          </Trackpoint>
          <Trackpoint>
            <Time>2022-10-17T17:47:41.000Z</Time>
            <Position>
              <LatitudeDegrees>-33.39619668200612</LatitudeDegrees>
              <LongitudeDegrees>-70.53989114239812</LongitudeDegrees>
            </Position>
            <AltitudeMeters>751.5999755859375</AltitudeMeters>
            <DistanceMeters>954.9400024414062</DistanceMeters>
            <HeartRateBpm>
              <Value>130</Value>
            </HeartRateBpm>
            <Extensions>
              <ns3:TPX>
                <ns3:Speed>3.059999942779541</ns3:Speed>
                <ns3:RunCadence>84</ns3:RunCadence>
              </ns3:TPX>
            </Extensions>
          </Trackpoint>
          <Trackpoint>
            <Time>2022-10-17T17:47:47.000Z</Time>
            <Position>
              <LatitudeDegrees>-33.39638133533299</LatitudeDegrees>
              <LongitudeDegrees>-70.5398786533624</LongitudeDegrees>
            </Position>
            <AltitudeMeters>752.0</AltitudeMeters>
            <DistanceMeters>975.4400024414062</DistanceMeters>
            <HeartRateBpm>
              <Value>129</Value>
            </HeartRateBpm>
            <Extensions>
              <ns3:TPX>
                <ns3:Speed>3.0510001182556152</ns3:Speed>
                <ns3:RunCadence>82</ns3:RunCadence>
              </ns3:TPX>
            </Extensions>
          </Trackpoint>
          <Trackpoint>
            <Time>2022-10-17T17:47:53.000Z</Time>
            <Position>
              <LatitudeDegrees>-33.39657143689692</LatitudeDegrees>
              <LongitudeDegrees>-70.5398781504482</LongitudeDegrees>
            </Position>
            <AltitudeMeters>752.2000122070312</AltitudeMeters>
            <DistanceMeters>996.530029296875</DistanceMeters>
            <HeartRateBpm>
              <Value>128</Value>
            </HeartRateBpm>
            <Extensions>
              <ns3:TPX>
                <ns3:Speed>3.059999942779541</ns3:Speed>
                <ns3:RunCadence>83</ns3:RunCadence>
              </ns3:TPX>
            </Extensions>
          </Trackpoint>
          <Trackpoint>
            <Time>2022-10-17T17:48:00.000Z</Time>
            <Position>
              <LatitudeDegrees>-33.39678693562746</LatitudeDegrees>
              <LongitudeDegrees>-70.53987580351532</LongitudeDegrees>
            </Position>
            <AltitudeMeters>752.5999755859375</AltitudeMeters>
            <DistanceMeters>1017.3599853515625</DistanceMeters>
            <HeartRateBpm>
              <Value>128</Value>
            </HeartRateBpm>
            <Extensions>
              <ns3:TPX>
                <ns3:Speed>2.490999937057495</ns3:Speed>
                <ns3:RunCadence>84</ns3:RunCadence>
              </ns3:TPX>
            </Extensions>
          </Trackpoint>
          <Trackpoint>
            <Time>2022-10-17T17:48:07.000Z</Time>
            <Position>
              <LatitudeDegrees>-33.39698483236134</LatitudeDegrees>
              <LongitudeDegrees>-70.5398628115654</LongitudeDegrees>
            </Position>
            <AltitudeMeters>752.4000244140625</AltitudeMeters>
            <DistanceMeters>1039.3399658203125</DistanceMeters>
            <HeartRateBpm>
              <Value>125</Value>
            </HeartRateBpm>
            <Extensions>
              <ns3:TPX>
                <ns3:Speed>3.0789999961853027</ns3:Speed>
                <ns3:RunCadence>84</ns3:RunCadence>
              </ns3:TPX>
            </Extensions>
          </Trackpoint>
          <Trackpoint>
            <Time>2022-10-17T17:48:13.000Z</Time>
            <Position>
              <LatitudeDegrees>-33.3971665520221</LatitudeDegrees>
              <LongitudeDegrees>-70.53986515849829</LongitudeDegrees>
            </Position>
            <AltitudeMeters>752.2000122070312</AltitudeMeters>
            <DistanceMeters>1059.5</DistanceMeters>
            <HeartRateBpm>
              <Value>126</Value>
            </HeartRateBpm>
            <Extensions>
              <ns3:TPX>
                <ns3:Speed>3.0880000591278076</ns3:Speed>
                <ns3:RunCadence>82</ns3:RunCadence>
              </ns3:TPX>
            </Extensions>
          </Trackpoint>
          <Trackpoint>
            <Time>2022-10-17T17:48:20.000Z</Time>
            <Position>
              <LatitudeDegrees>-33.39737408794463</LatitudeDegrees>
              <LongitudeDegrees>-70.53987689316273</LongitudeDegrees>
            </Position>
            <AltitudeMeters>751.7999877929688</AltitudeMeters>
            <DistanceMeters>1082.3800048828125</DistanceMeters>
            <HeartRateBpm>
              <Value>127</Value>
            </HeartRateBpm>
            <Extensions>
              <ns3:TPX>
                <ns3:Speed>3.1070001125335693</ns3:Speed>
                <ns3:RunCadence>84</ns3:RunCadence>
              </ns3:TPX>
            </Extensions>
          </Trackpoint>
          <Trackpoint>
            <Time>2022-10-17T17:48:27.000Z</Time>
            <Position>
              <LatitudeDegrees>-33.397579779848456</LatitudeDegrees>
              <LongitudeDegrees>-70.53990547545254</LongitudeDegrees>
            </Position>
            <AltitudeMeters>751.4000244140625</AltitudeMeters>
            <DistanceMeters>1105.239990234375</DistanceMeters>
            <HeartRateBpm>
              <Value>128</Value>
            </HeartRateBpm>
            <Extensions>
              <ns3:TPX>
                <ns3:Speed>3.115999937057495</ns3:Speed>
                <ns3:RunCadence>84</ns3:RunCadence>
              </ns3:TPX>
            </Extensions>
          </Trackpoint>
          <Trackpoint>
            <Time>2022-10-17T17:48:33.000Z</Time>
            <Position>
              <LatitudeDegrees>-33.39776820503175</LatitudeDegrees>
              <LongitudeDegrees>-70.53994294255972</LongitudeDegrees>
            </Position>
            <AltitudeMeters>750.5999755859375</AltitudeMeters>
            <DistanceMeters>1126.3800048828125</DistanceMeters>
            <HeartRateBpm>
              <Value>128</Value>
            </HeartRateBpm>
            <Extensions>
              <ns3:TPX>
                <ns3:Speed>3.134999990463257</ns3:Speed>
                <ns3:RunCadence>83</ns3:RunCadence>
              </ns3:TPX>
            </Extensions>
          </Trackpoint>
          <Trackpoint>
            <Time>2022-10-17T17:48:40.000Z</Time>
            <Position>
              <LatitudeDegrees>-33.397963754832745</LatitudeDegrees>
              <LongitudeDegrees>-70.5399524141103</LongitudeDegrees>
            </Position>
            <AltitudeMeters>749.7999877929688</AltitudeMeters>
            <DistanceMeters>1148.219970703125</DistanceMeters>
            <HeartRateBpm>
              <Value>128</Value>
            </HeartRateBpm>
            <Extensions>
              <ns3:TPX>
                <ns3:Speed>3.1540000438690186</ns3:Speed>
                <ns3:RunCadence>82</ns3:RunCadence>
              </ns3:TPX>
            </Extensions>
          </Trackpoint>
          <Trackpoint>
            <Time>2022-10-17T17:48:47.000Z</Time>
            <Position>
              <LatitudeDegrees>-33.39815570041537</LatitudeDegrees>
              <LongitudeDegrees>-70.53994285874069</LongitudeDegrees>
            </Position>
            <AltitudeMeters>749.2000122070312</AltitudeMeters>
            <DistanceMeters>1169.5400390625</DistanceMeters>
            <HeartRateBpm>
              <Value>131</Value>
            </HeartRateBpm>
            <Extensions>
              <ns3:TPX>
                <ns3:Speed>3.1540000438690186</ns3:Speed>
                <ns3:RunCadence>82</ns3:RunCadence>
              </ns3:TPX>
            </Extensions>
          </Trackpoint>
          <Trackpoint>
            <Time>2022-10-17T17:48:54.000Z</Time>
            <Position>
              <LatitudeDegrees>-33.398362062871456</LatitudeDegrees>
              <LongitudeDegrees>-70.53995249792933</LongitudeDegrees>
            </Position>
            <AltitudeMeters>748.4000244140625</AltitudeMeters>
            <DistanceMeters>1192.449951171875</DistanceMeters>
            <HeartRateBpm>
              <Value>132</Value>
            </HeartRateBpm>
            <Extensions>
              <ns3:TPX>
                <ns3:Speed>3.1540000438690186</ns3:Speed>
                <ns3:RunCadence>83</ns3:RunCadence>
              </ns3:TPX>
            </Extensions>
          </Trackpoint>
          <Trackpoint>
            <Time>2022-10-17T17:49:01.000Z</Time>
            <Position>
              <LatitudeDegrees>-33.3985654078424</LatitudeDegrees>
              <LongitudeDegrees>-70.53995115682483</LongitudeDegrees>
            </Position>
            <AltitudeMeters>747.7999877929688</AltitudeMeters>
            <DistanceMeters>1214.989990234375</DistanceMeters>
            <HeartRateBpm>
              <Value>132</Value>
            </HeartRateBpm>
            <Extensions>
              <ns3:TPX>
                <ns3:Speed>3.1540000438690186</ns3:Speed>
                <ns3:RunCadence>82</ns3:RunCadence>
              </ns3:TPX>
            </Extensions>
          </Trackpoint>
          <Trackpoint>
            <Time>2022-10-17T17:49:07.000Z</Time>
            <Position>
              <LatitudeDegrees>-33.398750396445394</LatitudeDegrees>
              <LongitudeDegrees>-70.5399529170245</LongitudeDegrees>
            </Position>
            <AltitudeMeters>747.0</AltitudeMeters>
            <DistanceMeters>1235.510009765625</DistanceMeters>
            <HeartRateBpm>
              <Value>132</Value>
            </HeartRateBpm>
            <Extensions>
              <ns3:TPX>
                <ns3:Speed>3.1630001068115234</ns3:Speed>
                <ns3:RunCadence>81</ns3:RunCadence>
              </ns3:TPX>
            </Extensions>
          </Trackpoint>
          <Trackpoint>
            <Time>2022-10-17T17:49:14.000Z</Time>
            <Position>
              <LatitudeDegrees>-33.39896027930081</LatitudeDegrees>
              <LongitudeDegrees>-70.53996339440346</LongitudeDegrees>
            </Position>
            <AltitudeMeters>747.0</AltitudeMeters>
            <DistanceMeters>1258.800048828125</DistanceMeters>
            <HeartRateBpm>
              <Value>133</Value>
            </HeartRateBpm>
            <Extensions>
              <ns3:TPX>
                <ns3:Speed>3.171999931335449</ns3:Speed>
                <ns3:RunCadence>82</ns3:RunCadence>
              </ns3:TPX>
            </Extensions>
          </Trackpoint>
          <Trackpoint>
            <Time>2022-10-17T17:49:16.000Z</Time>
            <Position>
              <LatitudeDegrees>-33.399019204080105</LatitudeDegrees>
              <LongitudeDegrees>-70.53996783681214</LongitudeDegrees>
            </Position>
            <AltitudeMeters>747.2000122070312</AltitudeMeters>
            <DistanceMeters>1265.3399658203125</DistanceMeters>
            <HeartRateBpm>
              <Value>130</Value>
            </HeartRateBpm>
            <Extensions>
              <ns3:TPX>
                <ns3:Speed>3.171999931335449</ns3:Speed>
                <ns3:RunCadence>83</ns3:RunCadence>
              </ns3:TPX>
            </Extensions>
          </Trackpoint>
          <Trackpoint>
            <Time>2022-10-17T17:49:24.000Z</Time>
            <Position>
              <LatitudeDegrees>-33.39925775304437</LatitudeDegrees>
              <LongitudeDegrees>-70.53997160866857</LongitudeDegrees>
            </Position>
            <AltitudeMeters>747.4000244140625</AltitudeMeters>
            <DistanceMeters>1288.3699951171875</DistanceMeters>
            <HeartRateBpm>
              <Value>132</Value>
            </HeartRateBpm>
            <Extensions>
              <ns3:TPX>
                <ns3:Speed>3.181999921798706</ns3:Speed>
                <ns3:RunCadence>84</ns3:RunCadence>
              </ns3:TPX>
            </Extensions>
          </Trackpoint>
          <Trackpoint>
            <Time>2022-10-17T17:49:30.000Z</Time>
            <Position>
              <LatitudeDegrees>-33.39943838305771</LatitudeDegrees>
              <LongitudeDegrees>-70.53999868221581</LongitudeDegrees>
            </Position>
            <AltitudeMeters>747.0</AltitudeMeters>
            <DistanceMeters>1308.6300048828125</DistanceMeters>
            <HeartRateBpm>
              <Value>131</Value>
            </HeartRateBpm>
            <Extensions>
              <ns3:TPX>
                <ns3:Speed>3.181999921798706</ns3:Speed>
                <ns3:RunCadence>82</ns3:RunCadence>
              </ns3:TPX>
            </Extensions>
          </Trackpoint>
          <Trackpoint>
            <Time>2022-10-17T17:49:33.000Z</Time>
            <Position>
              <LatitudeDegrees>-33.39952949434519</LatitudeDegrees>
              <LongitudeDegrees>-70.54001209326088</LongitudeDegrees>
            </Position>
            <AltitudeMeters>747.0</AltitudeMeters>
            <DistanceMeters>1318.800048828125</DistanceMeters>
            <HeartRateBpm>
              <Value>134</Value>
            </HeartRateBpm>
            <Extensions>
              <ns3:TPX>
                <ns3:Speed>3.190999984741211</ns3:Speed>
                <ns3:RunCadence>83</ns3:RunCadence>
              </ns3:TPX>
            </Extensions>
          </Trackpoint>
          <Trackpoint>
            <Time>2022-10-17T17:49:39.000Z</Time>
            <Position>
              <LatitudeDegrees>-33.39971322566271</LatitudeDegrees>
              <LongitudeDegrees>-70.54000890813768</LongitudeDegrees>
            </Position>
            <AltitudeMeters>747.0</AltitudeMeters>
            <DistanceMeters>1339.1700439453125</DistanceMeters>
            <HeartRateBpm>
              <Value>132</Value>
            </HeartRateBpm>
            <Extensions>
              <ns3:TPX>
                <ns3:Speed>3.200000047683716</ns3:Speed>
                <ns3:RunCadence>84</ns3:RunCadence>
              </ns3:TPX>
            </Extensions>
          </Trackpoint>
          <Trackpoint>
            <Time>2022-10-17T17:49:46.000Z</Time>
            <Position>
              <LatitudeDegrees>-33.39991506189108</LatitudeDegrees>
              <LongitudeDegrees>-70.54001184180379</LongitudeDegrees>
            </Position>
            <AltitudeMeters>747.0</AltitudeMeters>
            <DistanceMeters>1361.56005859375</DistanceMeters>
            <HeartRateBpm>
              <Value>133</Value>
            </HeartRateBpm>
            <Extensions>
              <ns3:TPX>
                <ns3:Speed>3.200000047683716</ns3:Speed>
                <ns3:RunCadence>83</ns3:RunCadence>
              </ns3:TPX>
            </Extensions>
          </Trackpoint>
          <Trackpoint>
            <Time>2022-10-17T17:49:49.000Z</Time>
            <Position>
              <LatitudeDegrees>-33.40000323951244</LatitudeDegrees>
              <LongitudeDegrees>-70.54000513628125</LongitudeDegrees>
            </Position>
            <AltitudeMeters>747.0</AltitudeMeters>
            <DistanceMeters>1371.3599853515625</DistanceMeters>
            <HeartRateBpm>
              <Value>130</Value>
            </HeartRateBpm>
            <Extensions>
              <ns3:TPX>
                <ns3:Speed>3.200000047683716</ns3:Speed>
                <ns3:RunCadence>83</ns3:RunCadence>
              </ns3:TPX>
            </Extensions>
          </Trackpoint>
          <Trackpoint>
            <Time>2022-10-17T17:49:56.000Z</Time>
            <Position>
              <LatitudeDegrees>-33.40020013041794</LatitudeDegrees>
              <LongitudeDegrees>-70.53999809548259</LongitudeDegrees>
            </Position>
            <AltitudeMeters>747.0</AltitudeMeters>
            <DistanceMeters>1393.2099609375</DistanceMeters>
            <HeartRateBpm>
              <Value>130</Value>
            </HeartRateBpm>
            <Extensions>
              <ns3:TPX>
                <ns3:Speed>3.200000047683716</ns3:Speed>
                <ns3:RunCadence>81</ns3:RunCadence>
              </ns3:TPX>
            </Extensions>
          </Trackpoint>
          <Trackpoint>
            <Time>2022-10-17T17:49:57.000Z</Time>
            <Position>
              <LatitudeDegrees>-33.400213960558176</LatitudeDegrees>
              <LongitudeDegrees>-70.53999516181648</LongitudeDegrees>
            </Position>
            <AltitudeMeters>747.0</AltitudeMeters>
            <DistanceMeters>1394.760009765625</DistanceMeters>
            <HeartRateBpm>
              <Value>129</Value>
            </HeartRateBpm>
            <Extensions>
              <ns3:TPX>
                <ns3:Speed>3.200000047683716</ns3:Speed>
                <ns3:RunCadence>81</ns3:RunCadence>
              </ns3:TPX>
            </Extensions>
          </Trackpoint>
          <Trackpoint>
            <Time>2022-10-17T17:50:05.000Z</Time>
            <Position>
              <LatitudeDegrees>-33.40041797608137</LatitudeDegrees>
              <LongitudeDegrees>-70.53999834693968</LongitudeDegrees>
            </Position>
            <AltitudeMeters>746.7999877929688</AltitudeMeters>
            <DistanceMeters>1417.3599853515625</DistanceMeters>
            <HeartRateBpm>
              <Value>130</Value>
            </HeartRateBpm>
            <Extensions>
              <ns3:TPX>
                <ns3:Speed>3.0510001182556152</ns3:Speed>
                <ns3:RunCadence>82</ns3:RunCadence>
              </ns3:TPX>
            </Extensions>
          </Trackpoint>
          <Trackpoint>
            <Time>2022-10-17T17:50:11.000Z</Time>
            <Position>
              <LatitudeDegrees>-33.40060271322727</LatitudeDegrees>
              <LongitudeDegrees>-70.53999910131097</LongitudeDegrees>
            </Position>
            <AltitudeMeters>746.5999755859375</AltitudeMeters>
            <DistanceMeters>1437.780029296875</DistanceMeters>
            <HeartRateBpm>
              <Value>130</Value>
            </HeartRateBpm>
            <Extensions>
              <ns3:TPX>
                <ns3:Speed>3.3959999084472656</ns3:Speed>
                <ns3:RunCadence>81</ns3:RunCadence>
              </ns3:TPX>
            </Extensions>
          </Trackpoint>
          <Trackpoint>
            <Time>2022-10-17T17:50:18.000Z</Time>
            <Position>
              <LatitudeDegrees>-33.4008155297488</LatitudeDegrees>
              <LongitudeDegrees>-70.5399767216295</LongitudeDegrees>
            </Position>
            <AltitudeMeters>747.0</AltitudeMeters>
            <DistanceMeters>1458.260009765625</DistanceMeters>
            <HeartRateBpm>
              <Value>132</Value>
            </HeartRateBpm>
            <Extensions>
              <ns3:TPX>
                <ns3:Speed>3.3959999084472656</ns3:Speed>
                <ns3:RunCadence>81</ns3:RunCadence>
              </ns3:TPX>
            </Extensions>
          </Trackpoint>
          <Trackpoint>
            <Time>2022-10-17T17:50:25.000Z</Time>
            <Position>
              <LatitudeDegrees>-33.4010087326169</LatitudeDegrees>
              <LongitudeDegrees>-70.53991972468793</LongitudeDegrees>
            </Position>
            <AltitudeMeters>747.7999877929688</AltitudeMeters>
            <DistanceMeters>1480.3900146484375</DistanceMeters>
            <HeartRateBpm>
              <Value>133</Value>
            </HeartRateBpm>
            <Extensions>
              <ns3:TPX>
                <ns3:Speed>3.368000030517578</ns3:Speed>
                <ns3:RunCadence>84</ns3:RunCadence>
              </ns3:TPX>
            </Extensions>
          </Trackpoint>
          <Trackpoint>
            <Time>2022-10-17T17:50:32.000Z</Time>
            <Position>
              <LatitudeDegrees>-33.4012003429234</LatitudeDegrees>
              <LongitudeDegrees>-70.53988510742784</LongitudeDegrees>
            </Position>
            <AltitudeMeters>748.0</AltitudeMeters>
            <DistanceMeters>1501.8699951171875</DistanceMeters>
            <HeartRateBpm>
              <Value>133</Value>
            </HeartRateBpm>
            <Extensions>
              <ns3:TPX>
                <ns3:Speed>3.2839999198913574</ns3:Speed>
                <ns3:RunCadence>85</ns3:RunCadence>
              </ns3:TPX>
            </Extensions>
          </Trackpoint>
          <Trackpoint>
            <Time>2022-10-17T17:50:40.000Z</Time>
            <Position>
              <LatitudeDegrees>-33.401401760056615</LatitudeDegrees>
              <LongitudeDegrees>-70.5398472212255</LongitudeDegrees>
            </Position>
            <AltitudeMeters>748.2000122070312</AltitudeMeters>
            <DistanceMeters>1524.510009765625</DistanceMeters>
            <HeartRateBpm>
              <Value>134</Value>
            </HeartRateBpm>
            <Extensions>
              <ns3:TPX>
                <ns3:Speed>3.1630001068115234</ns3:Speed>
                <ns3:RunCadence>81</ns3:RunCadence>
              </ns3:TPX>
            </Extensions>
          </Trackpoint>
          <Trackpoint>
            <Time>2022-10-17T17:50:48.000Z</Time>
            <Position>
              <LatitudeDegrees>-33.40159345418215</LatitudeDegrees>
              <LongitudeDegrees>-70.53979064337909</LongitudeDegrees>
            </Position>
            <AltitudeMeters>748.7999877929688</AltitudeMeters>
            <DistanceMeters>1546.3900146484375</DistanceMeters>
            <HeartRateBpm>
              <Value>132</Value>
            </HeartRateBpm>
            <Extensions>
              <ns3:TPX>
                <ns3:Speed>3.0320000648498535</ns3:Speed>
                <ns3:RunCadence>80</ns3:RunCadence>
              </ns3:TPX>
            </Extensions>
          </Trackpoint>
          <Trackpoint>
            <Time>2022-10-17T17:50:55.000Z</Time>
            <Position>
              <LatitudeDegrees>-33.40177785605192</LatitudeDegrees>
              <LongitudeDegrees>-70.53977916017175</LongitudeDegrees>
            </Position>
            <AltitudeMeters>748.5999755859375</AltitudeMeters>
            <DistanceMeters>1566.8800048828125</DistanceMeters>
            <HeartRateBpm>
              <Value>133</Value>
            </HeartRateBpm>
            <Extensions>
              <ns3:TPX>
                <ns3:Speed>2.9210000038146973</ns3:Speed>
                <ns3:RunCadence>81</ns3:RunCadence>
              </ns3:TPX>
            </Extensions>
          </Trackpoint>
          <Trackpoint>
            <Time>2022-10-17T17:51:02.000Z</Time>
            <Position>
              <LatitudeDegrees>-33.40195228345692</LatitudeDegrees>
              <LongitudeDegrees>-70.53970816545188</LongitudeDegrees>
            </Position>
            <AltitudeMeters>749.0</AltitudeMeters>
            <DistanceMeters>1587.3800048828125</DistanceMeters>
            <HeartRateBpm>
              <Value>135</Value>
            </HeartRateBpm>
            <Extensions>
              <ns3:TPX>
                <ns3:Speed>2.874000072479248</ns3:Speed>
                <ns3:RunCadence>83</ns3:RunCadence>
              </ns3:TPX>
            </Extensions>
          </Trackpoint>
          <Trackpoint>
            <Time>2022-10-17T17:51:09.000Z</Time>
            <Position>
              <LatitudeDegrees>-33.40213676914573</LatitudeDegrees>
              <LongitudeDegrees>-70.5396281182766</LongitudeDegrees>
            </Position>
            <AltitudeMeters>750.0</AltitudeMeters>
            <DistanceMeters>1609.2099609375</DistanceMeters>
            <HeartRateBpm>
              <Value>137</Value>
            </HeartRateBpm>
            <Extensions>
              <ns3:TPX>
                <ns3:Speed>2.865000009536743</ns3:Speed>
                <ns3:RunCadence>84</ns3:RunCadence>
              </ns3:TPX>
            </Extensions>
          </Trackpoint>
          <Trackpoint>
            <Time>2022-10-17T17:51:16.000Z</Time>
            <Position>
              <LatitudeDegrees>-33.4023282956332</LatitudeDegrees>
              <LongitudeDegrees>-70.53954295814037</LongitudeDegrees>
            </Position>
            <AltitudeMeters>751.4000244140625</AltitudeMeters>
            <DistanceMeters>1631.8900146484375</DistanceMeters>
            <HeartRateBpm>
              <Value>138</Value>
            </HeartRateBpm>
            <Extensions>
              <ns3:TPX>
                <ns3:Speed>2.9110000133514404</ns3:Speed>
                <ns3:RunCadence>83</ns3:RunCadence>
              </ns3:TPX>
            </Extensions>
          </Trackpoint>
          <Trackpoint>
            <Time>2022-10-17T17:51:23.000Z</Time>
            <Position>
              <LatitudeDegrees>-33.40252015739679</LatitudeDegrees>
              <LongitudeDegrees>-70.53945737890899</LongitudeDegrees>
            </Position>
            <AltitudeMeters>751.7999877929688</AltitudeMeters>
            <DistanceMeters>1654.5799560546875</DistanceMeters>
            <HeartRateBpm>
              <Value>140</Value>
            </HeartRateBpm>
            <Extensions>
              <ns3:TPX>
                <ns3:Speed>2.9760000705718994</ns3:Speed>
                <ns3:RunCadence>85</ns3:RunCadence>
              </ns3:TPX>
            </Extensions>
          </Trackpoint>
          <Trackpoint>
            <Time>2022-10-17T17:51:30.000Z</Time>
            <Position>
              <LatitudeDegrees>-33.402711264789104</LatitudeDegrees>
              <LongitudeDegrees>-70.53937062621117</LongitudeDegrees>
            </Position>
            <AltitudeMeters>750.5999755859375</AltitudeMeters>
            <DistanceMeters>1674.68994140625</DistanceMeters>
            <HeartRateBpm>
              <Value>139</Value>
            </HeartRateBpm>
            <Extensions>
              <ns3:TPX>
                <ns3:Speed>3.003999948501587</ns3:Speed>
                <ns3:RunCadence>85</ns3:RunCadence>
              </ns3:TPX>
            </Extensions>
          </Trackpoint>
          <Trackpoint>
            <Time>2022-10-17T17:51:37.000Z</Time>
            <Position>
              <LatitudeDegrees>-33.40289684012532</LatitudeDegrees>
              <LongitudeDegrees>-70.53927959874272</LongitudeDegrees>
            </Position>
            <AltitudeMeters>751.0</AltitudeMeters>
            <DistanceMeters>1696.949951171875</DistanceMeters>
            <HeartRateBpm>
              <Value>138</Value>
            </HeartRateBpm>
            <Extensions>
              <ns3:TPX>
                <ns3:Speed>3.059999942779541</ns3:Speed>
                <ns3:RunCadence>84</ns3:RunCadence>
              </ns3:TPX>
            </Extensions>
          </Trackpoint>
          <Trackpoint>
            <Time>2022-10-17T17:51:44.000Z</Time>
            <Position>
              <LatitudeDegrees>-33.40308585204184</LatitudeDegrees>
              <LongitudeDegrees>-70.53920944221318</LongitudeDegrees>
            </Position>
            <AltitudeMeters>750.7999877929688</AltitudeMeters>
            <DistanceMeters>1718.8199462890625</DistanceMeters>
            <HeartRateBpm>
              <Value>137</Value>
            </HeartRateBpm>
            <Extensions>
              <ns3:TPX>
                <ns3:Speed>3.0880000591278076</ns3:Speed>
                <ns3:RunCadence>84</ns3:RunCadence>
              </ns3:TPX>
            </Extensions>
          </Trackpoint>
          <Trackpoint>
            <Time>2022-10-17T17:51:49.000Z</Time>
            <Position>
              <LatitudeDegrees>-33.40319707989693</LatitudeDegrees>
              <LongitudeDegrees>-70.53915814496577</LongitudeDegrees>
            </Position>
            <AltitudeMeters>750.4000244140625</AltitudeMeters>
            <DistanceMeters>1731.989990234375</DistanceMeters>
            <HeartRateBpm>
              <Value>134</Value>
            </HeartRateBpm>
            <Extensions>
              <ns3:TPX>
                <ns3:Speed>3.0980000495910645</ns3:Speed>
                <ns3:RunCadence>84</ns3:RunCadence>
              </ns3:TPX>
            </Extensions>
          </Trackpoint>
          <Trackpoint>
            <Time>2022-10-17T17:51:50.000Z</Time>
            <Position>
              <LatitudeDegrees>-33.4031985886395</LatitudeDegrees>
              <LongitudeDegrees>-70.53915621712804</LongitudeDegrees>
            </Position>
            <AltitudeMeters>750.4000244140625</AltitudeMeters>
            <DistanceMeters>1732.199951171875</DistanceMeters>
            <HeartRateBpm>
              <Value>134</Value>
            </HeartRateBpm>
            <Extensions>
              <ns3:TPX>
                <ns3:Speed>3.0980000495910645</ns3:Speed>
                <ns3:RunCadence>84</ns3:RunCadence>
              </ns3:TPX>
            </Extensions>
          </Trackpoint>
          <Trackpoint>
            <Time>2022-10-17T17:51:54.000Z</Time>
            <Position>
              <LatitudeDegrees>-33.40319682843983</LatitudeDegrees>
              <LongitudeDegrees>-70.5391550436616</LongitudeDegrees>
            </Position>
            <AltitudeMeters>750.4000244140625</AltitudeMeters>
            <DistanceMeters>1732.5</DistanceMeters>
            <HeartRateBpm>
              <Value>127</Value>
            </HeartRateBpm>
            <Extensions>
              <ns3:TPX>
                <ns3:Speed>0.0</ns3:Speed>
                <ns3:RunCadence>0</ns3:RunCadence>
              </ns3:TPX>
            </Extensions>
          </Trackpoint>
          <Trackpoint>
            <Time>2022-10-17T17:51:56.000Z</Time>
            <Position>
              <LatitudeDegrees>-33.403199929744005</LatitudeDegrees>
              <LongitudeDegrees>-70.53915026597679</LongitudeDegrees>
            </Position>
            <AltitudeMeters>750.4000244140625</AltitudeMeters>
            <DistanceMeters>1733.0699462890625</DistanceMeters>
            <HeartRateBpm>
              <Value>123</Value>
            </HeartRateBpm>
            <Extensions>
              <ns3:TPX>
                <ns3:Speed>0.0</ns3:Speed>
                <ns3:RunCadence>0</ns3:RunCadence>
              </ns3:TPX>
            </Extensions>
          </Trackpoint>
          <Trackpoint>
            <Time>2022-10-17T17:51:59.000Z</Time>
            <Position>
              <LatitudeDegrees>-33.403260698542</LatitudeDegrees>
              <LongitudeDegrees>-70.53911472670734</LongitudeDegrees>
            </Position>
            <AltitudeMeters>750.2000122070312</AltitudeMeters>
            <DistanceMeters>1740.5799560546875</DistanceMeters>
            <HeartRateBpm>
              <Value>119</Value>
            </HeartRateBpm>
            <Extensions>
              <ns3:TPX>
                <ns3:Speed>0.0</ns3:Speed>
                <ns3:RunCadence>0</ns3:RunCadence>
              </ns3:TPX>
            </Extensions>
          </Trackpoint>
          <Trackpoint>
            <Time>2022-10-17T17:52:02.000Z</Time>
            <Position>
              <LatitudeDegrees>-33.40333370491862</LatitudeDegrees>
              <LongitudeDegrees>-70.53906904533505</LongitudeDegrees>
            </Position>
            <AltitudeMeters>750.0</AltitudeMeters>
            <DistanceMeters>1749.75</DistanceMeters>
            <HeartRateBpm>
              <Value>112</Value>
            </HeartRateBpm>
            <Extensions>
              <ns3:TPX>
                <ns3:Speed>2.6500000953674316</ns3:Speed>
                <ns3:RunCadence>80</ns3:RunCadence>
              </ns3:TPX>
            </Extensions>
          </Trackpoint>
          <Trackpoint>
            <Time>2022-10-17T17:52:03.000Z</Time>
            <Position>
              <LatitudeDegrees>-33.40335407294333</LatitudeDegrees>
              <LongitudeDegrees>-70.53904976695776</LongitudeDegrees>
            </Position>
            <AltitudeMeters>750.0</AltitudeMeters>
            <DistanceMeters>1752.6300048828125</DistanceMeters>
            <HeartRateBpm>
              <Value>112</Value>
            </HeartRateBpm>
            <Extensions>
              <ns3:TPX>
                <ns3:Speed>2.874000072479248</ns3:Speed>
                <ns3:RunCadence>80</ns3:RunCadence>
              </ns3:TPX>
            </Extensions>
          </Trackpoint>
          <Trackpoint>
            <Time>2022-10-17T17:52:04.000Z</Time>
            <Position>
              <LatitudeDegrees>-33.40337377041578</LatitudeDegrees>
              <LongitudeDegrees>-70.53903660736978</LongitudeDegrees>
            </Position>
            <AltitudeMeters>750.0</AltitudeMeters>
            <DistanceMeters>1755.1300048828125</DistanceMeters>
            <HeartRateBpm>
              <Value>116</Value>
            </HeartRateBpm>
            <Extensions>
              <ns3:TPX>
                <ns3:Speed>2.9579999446868896</ns3:Speed>
                <ns3:RunCadence>80</ns3:RunCadence>
              </ns3:TPX>
            </Extensions>
          </Trackpoint>
          <Trackpoint>
            <Time>2022-10-17T17:52:05.000Z</Time>
            <Position>
              <LatitudeDegrees>-33.403398329392076</LatitudeDegrees>
              <LongitudeDegrees>-70.53902076557279</LongitudeDegrees>
            </Position>
            <AltitudeMeters>750.0</AltitudeMeters>
            <DistanceMeters>1758.239990234375</DistanceMeters>
            <HeartRateBpm>
              <Value>119</Value>
            </HeartRateBpm>
            <Extensions>
              <ns3:TPX>
                <ns3:Speed>2.9579999446868896</ns3:Speed>
                <ns3:RunCadence>79</ns3:RunCadence>
              </ns3:TPX>
            </Extensions>
          </Trackpoint>
          <Trackpoint>
            <Time>2022-10-17T17:52:07.000Z</Time>
            <Position>
              <LatitudeDegrees>-33.40344158001244</LatitudeDegrees>
              <LongitudeDegrees>-70.53898715414107</LongitudeDegrees>
            </Position>
            <AltitudeMeters>750.0</AltitudeMeters>
            <DistanceMeters>1763.969970703125</DistanceMeters>
            <HeartRateBpm>
              <Value>124</Value>
            </HeartRateBpm>
            <Extensions>
              <ns3:TPX>
                <ns3:Speed>2.8369998931884766</ns3:Speed>
                <ns3:RunCadence>80</ns3:RunCadence>
              </ns3:TPX>
            </Extensions>
          </Trackpoint>
          <Trackpoint>
            <Time>2022-10-17T17:52:09.000Z</Time>
            <Position>
              <LatitudeDegrees>-33.403479969128966</LatitudeDegrees>
              <LongitudeDegrees>-70.53896075114608</LongitudeDegrees>
            </Position>
            <AltitudeMeters>749.7999877929688</AltitudeMeters>
            <DistanceMeters>1768.8599853515625</DistanceMeters>
            <HeartRateBpm>
              <Value>127</Value>
            </HeartRateBpm>
            <Extensions>
              <ns3:TPX>
                <ns3:Speed>2.9110000133514404</ns3:Speed>
                <ns3:RunCadence>80</ns3:RunCadence>
              </ns3:TPX>
            </Extensions>
          </Trackpoint>
          <Trackpoint>
            <Time>2022-10-17T17:52:17.000Z</Time>
            <Position>
              <LatitudeDegrees>-33.403644505888224</LatitudeDegrees>
              <LongitudeDegrees>-70.53886335343122</LongitudeDegrees>
            </Position>
            <AltitudeMeters>749.7999877929688</AltitudeMeters>
            <DistanceMeters>1789.22998046875</DistanceMeters>
            <HeartRateBpm>
              <Value>129</Value>
            </HeartRateBpm>
            <Extensions>
              <ns3:TPX>
                <ns3:Speed>2.6410000324249268</ns3:Speed>
                <ns3:RunCadence>80</ns3:RunCadence>
              </ns3:TPX>
            </Extensions>
          </Trackpoint>
          <Trackpoint>
            <Time>2022-10-17T17:52:19.000Z</Time>
            <Position>
              <LatitudeDegrees>-33.403659760951996</LatitudeDegrees>
              <LongitudeDegrees>-70.5388540495187</LongitudeDegrees>
            </Position>
            <AltitudeMeters>749.7999877929688</AltitudeMeters>
            <DistanceMeters>1791.1500244140625</DistanceMeters>
            <HeartRateBpm>
              <Value>130</Value>
            </HeartRateBpm>
            <Extensions>
              <ns3:TPX>
                <ns3:Speed>2.6410000324249268</ns3:Speed>
                <ns3:RunCadence>78</ns3:RunCadence>
              </ns3:TPX>
            </Extensions>
          </Trackpoint>
          <Trackpoint>
            <Time>2022-10-17T17:52:28.000Z</Time>
            <Position>
              <LatitudeDegrees>-33.40365833602846</LatitudeDegrees>
              <LongitudeDegrees>-70.5388476792723</LongitudeDegrees>
            </Position>
            <AltitudeMeters>749.7999877929688</AltitudeMeters>
            <DistanceMeters>1792.77001953125</DistanceMeters>
            <HeartRateBpm>
              <Value>127</Value>
            </HeartRateBpm>
            <Extensions>
              <ns3:TPX>
                <ns3:Speed>0.0</ns3:Speed>
                <ns3:RunCadence>0</ns3:RunCadence>
              </ns3:TPX>
            </Extensions>
          </Trackpoint>
          <Trackpoint>
            <Time>2022-10-17T17:52:29.000Z</Time>
            <Position>
              <LatitudeDegrees>-33.4036560729146</LatitudeDegrees>
              <LongitudeDegrees>-70.5388476792723</LongitudeDegrees>
            </Position>
            <AltitudeMeters>750.0</AltitudeMeters>
            <DistanceMeters>1793.02001953125</DistanceMeters>
            <HeartRateBpm>
              <Value>123</Value>
            </HeartRateBpm>
            <Extensions>
              <ns3:TPX>
                <ns3:Speed>0.0</ns3:Speed>
                <ns3:RunCadence>0</ns3:RunCadence>
              </ns3:TPX>
            </Extensions>
          </Trackpoint>
          <Trackpoint>
            <Time>2022-10-17T17:52:30.000Z</Time>
            <Position>
              <LatitudeDegrees>-33.403657330200076</LatitudeDegrees>
              <LongitudeDegrees>-70.53884709253907</LongitudeDegrees>
            </Position>
            <AltitudeMeters>750.0</AltitudeMeters>
            <DistanceMeters>1793.050048828125</DistanceMeters>
            <HeartRateBpm>
              <Value>123</Value>
            </HeartRateBpm>
            <Extensions>
              <ns3:TPX>
                <ns3:Speed>0.0</ns3:Speed>
                <ns3:RunCadence>60</ns3:RunCadence>
              </ns3:TPX>
            </Extensions>
          </Trackpoint>
          <Trackpoint>
            <Time>2022-10-17T17:52:34.000Z</Time>
            <Position>
              <LatitudeDegrees>-33.40365691110492</LatitudeDegrees>
              <LongitudeDegrees>-70.53884566761553</LongitudeDegrees>
            </Position>
            <AltitudeMeters>750.0</AltitudeMeters>
            <DistanceMeters>1793.3299560546875</DistanceMeters>
            <HeartRateBpm>
              <Value>120</Value>
            </HeartRateBpm>
            <Extensions>
              <ns3:TPX>
                <ns3:Speed>0.0</ns3:Speed>
                <ns3:RunCadence>0</ns3:RunCadence>
              </ns3:TPX>
            </Extensions>
          </Trackpoint>
          <Trackpoint>
            <Time>2022-10-17T17:52:38.000Z</Time>
            <Position>
              <LatitudeDegrees>-33.40366126969457</LatitudeDegrees>
              <LongitudeDegrees>-70.5388458352536</LongitudeDegrees>
            </Position>
            <AltitudeMeters>749.7999877929688</AltitudeMeters>
            <DistanceMeters>1793.4200439453125</DistanceMeters>
            <HeartRateBpm>
              <Value>117</Value>
            </HeartRateBpm>
            <Extensions>
              <ns3:TPX>
                <ns3:Speed>0.0</ns3:Speed>
                <ns3:RunCadence>0</ns3:RunCadence>
              </ns3:TPX>
            </Extensions>
          </Trackpoint>
          <Trackpoint>
            <Time>2022-10-17T17:52:48.000Z</Time>
            <Position>
              <LatitudeDegrees>-33.40365003794432</LatitudeDegrees>
              <LongitudeDegrees>-70.53883703425527</LongitudeDegrees>
            </Position>
            <AltitudeMeters>750.0</AltitudeMeters>
            <DistanceMeters>1796.050048828125</DistanceMeters>
            <HeartRateBpm>
              <Value>114</Value>
            </HeartRateBpm>
            <Extensions>
              <ns3:TPX>
                <ns3:Speed>0.0</ns3:Speed>
                <ns3:RunCadence>0</ns3:RunCadence>
              </ns3:TPX>
            </Extensions>
          </Trackpoint>
          <Trackpoint>
            <Time>2022-10-17T17:52:53.000Z</Time>
            <Position>
              <LatitudeDegrees>-33.403664119541645</LatitudeDegrees>
              <LongitudeDegrees>-70.53884524852037</LongitudeDegrees>
            </Position>
            <AltitudeMeters>749.7999877929688</AltitudeMeters>
            <DistanceMeters>1797.9000244140625</DistanceMeters>
            <HeartRateBpm>
              <Value>111</Value>
            </HeartRateBpm>
            <Extensions>
              <ns3:TPX>
                <ns3:Speed>0.0</ns3:Speed>
                <ns3:RunCadence>61</ns3:RunCadence>
              </ns3:TPX>
            </Extensions>
          </Trackpoint>
          <Trackpoint>
            <Time>2022-10-17T17:52:59.000Z</Time>
            <Position>
              <LatitudeDegrees>-33.4037181828171</LatitudeDegrees>
              <LongitudeDegrees>-70.53882722742856</LongitudeDegrees>
            </Position>
            <AltitudeMeters>749.7999877929688</AltitudeMeters>
            <DistanceMeters>1803.949951171875</DistanceMeters>
            <HeartRateBpm>
              <Value>109</Value>
            </HeartRateBpm>
            <Extensions>
              <ns3:TPX>
                <ns3:Speed>1.277999997138977</ns3:Speed>
                <ns3:RunCadence>0</ns3:RunCadence>
              </ns3:TPX>
            </Extensions>
          </Trackpoint>
          <Trackpoint>
            <Time>2022-10-17T17:53:07.000Z</Time>
            <Position>
              <LatitudeDegrees>-33.403709549456835</LatitudeDegrees>
              <LongitudeDegrees>-70.5388249643147</LongitudeDegrees>
            </Position>
            <AltitudeMeters>749.7999877929688</AltitudeMeters>
            <DistanceMeters>1805.9300537109375</DistanceMeters>
            <HeartRateBpm>
              <Value>102</Value>
            </HeartRateBpm>
            <Extensions>
              <ns3:TPX>
                <ns3:Speed>0.0</ns3:Speed>
                <ns3:RunCadence>0</ns3:RunCadence>
              </ns3:TPX>
            </Extensions>
          </Trackpoint>
          <Trackpoint>
            <Time>2022-10-17T17:53:19.000Z</Time>
            <Position>
              <LatitudeDegrees>-33.40371306985617</LatitudeDegrees>
              <LongitudeDegrees>-70.53883921355009</LongitudeDegrees>
            </Position>
            <AltitudeMeters>749.5999755859375</AltitudeMeters>
            <DistanceMeters>1807.8499755859375</DistanceMeters>
            <HeartRateBpm>
              <Value>105</Value>
            </HeartRateBpm>
            <Extensions>
              <ns3:TPX>
                <ns3:Speed>0.0</ns3:Speed>
                <ns3:RunCadence>0</ns3:RunCadence>
              </ns3:TPX>
            </Extensions>
          </Trackpoint>
          <Trackpoint>
            <Time>2022-10-17T17:53:39.000Z</Time>
            <Position>
              <LatitudeDegrees>-33.40371851809323</LatitudeDegrees>
              <LongitudeDegrees>-70.53882194682956</LongitudeDegrees>
            </Position>
            <AltitudeMeters>749.7999877929688</AltitudeMeters>
            <DistanceMeters>1811.4599609375</DistanceMeters>
            <HeartRateBpm>
              <Value>101</Value>
            </HeartRateBpm>
            <Extensions>
              <ns3:TPX>
                <ns3:Speed>0.0</ns3:Speed>
                <ns3:RunCadence>0</ns3:RunCadence>
              </ns3:TPX>
            </Extensions>
          </Trackpoint>
          <Trackpoint>
            <Time>2022-10-17T17:53:45.000Z</Time>
            <Position>
              <LatitudeDegrees>-33.403714997693896</LatitudeDegrees>
              <LongitudeDegrees>-70.53883376531303</LongitudeDegrees>
            </Position>
            <AltitudeMeters>749.5999755859375</AltitudeMeters>
            <DistanceMeters>1813.1400146484375</DistanceMeters>
            <HeartRateBpm>
              <Value>98</Value>
            </HeartRateBpm>
            <Extensions>
              <ns3:TPX>
                <ns3:Speed>0.0</ns3:Speed>
                <ns3:RunCadence>0</ns3:RunCadence>
              </ns3:TPX>
            </Extensions>
          </Trackpoint>
          <Trackpoint>
            <Time>2022-10-17T17:54:02.000Z</Time>
            <Position>
              <LatitudeDegrees>-33.40371214784682</LatitudeDegrees>
              <LongitudeDegrees>-70.53884675726295</LongitudeDegrees>
            </Position>
            <AltitudeMeters>749.5999755859375</AltitudeMeters>
            <DistanceMeters>1815.800048828125</DistanceMeters>
            <HeartRateBpm>
              <Value>95</Value>
            </HeartRateBpm>
            <Extensions>
              <ns3:TPX>
                <ns3:Speed>0.0</ns3:Speed>
                <ns3:RunCadence>0</ns3:RunCadence>
              </ns3:TPX>
            </Extensions>
          </Trackpoint>
          <Trackpoint>
            <Time>2022-10-17T17:54:28.000Z</Time>
            <Position>
              <LatitudeDegrees>-33.40371801517904</LatitudeDegrees>
              <LongitudeDegrees>-70.5388315860182</LongitudeDegrees>
            </Position>
            <AltitudeMeters>749.5999755859375</AltitudeMeters>
            <DistanceMeters>1818.31005859375</DistanceMeters>
            <HeartRateBpm>
              <Value>99</Value>
            </HeartRateBpm>
            <Extensions>
              <ns3:TPX>
                <ns3:Speed>0.0</ns3:Speed>
                <ns3:RunCadence>0</ns3:RunCadence>
              </ns3:TPX>
            </Extensions>
          </Trackpoint>
          <Trackpoint>
            <Time>2022-10-17T17:54:38.000Z</Time>
            <Position>
              <LatitudeDegrees>-33.40371851809323</LatitudeDegrees>
              <LongitudeDegrees>-70.53883695043623</LongitudeDegrees>
            </Position>
            <AltitudeMeters>749.5999755859375</AltitudeMeters>
            <DistanceMeters>1819.5999755859375</DistanceMeters>
            <HeartRateBpm>
              <Value>95</Value>
            </HeartRateBpm>
            <Extensions>
              <ns3:TPX>
                <ns3:Speed>0.0</ns3:Speed>
                <ns3:RunCadence>0</ns3:RunCadence>
              </ns3:TPX>
            </Extensions>
          </Trackpoint>
          <Trackpoint>
            <Time>2022-10-17T17:54:40.000Z</Time>
            <Position>
              <LatitudeDegrees>-33.403720362111926</LatitudeDegrees>
              <LongitudeDegrees>-70.5388384591788</LongitudeDegrees>
            </Position>
            <AltitudeMeters>749.5999755859375</AltitudeMeters>
            <DistanceMeters>1819.81005859375</DistanceMeters>
            <HeartRateBpm>
              <Value>92</Value>
            </HeartRateBpm>
            <Extensions>
              <ns3:TPX>
                <ns3:Speed>0.0</ns3:Speed>
                <ns3:RunCadence>0</ns3:RunCadence>
              </ns3:TPX>
            </Extensions>
          </Trackpoint>
          <Trackpoint>
            <Time>2022-10-17T17:54:49.000Z</Time>
            <Position>
              <LatitudeDegrees>-33.40373327024281</LatitudeDegrees>
              <LongitudeDegrees>-70.53884482942522</LongitudeDegrees>
            </Position>
            <AltitudeMeters>749.4000244140625</AltitudeMeters>
            <DistanceMeters>1820.72998046875</DistanceMeters>
            <HeartRateBpm>
              <Value>85</Value>
            </HeartRateBpm>
            <Extensions>
              <ns3:TPX>
                <ns3:Speed>0.0</ns3:Speed>
                <ns3:RunCadence>0</ns3:RunCadence>
              </ns3:TPX>
            </Extensions>
          </Trackpoint>
          <Trackpoint>
            <Time>2022-10-17T17:54:50.000Z</Time>
            <Position>
              <LatitudeDegrees>-33.40373469516635</LatitudeDegrees>
              <LongitudeDegrees>-70.5388437397778</LongitudeDegrees>
            </Position>
            <AltitudeMeters>749.4000244140625</AltitudeMeters>
            <DistanceMeters>1820.72998046875</DistanceMeters>
            <HeartRateBpm>
              <Value>82</Value>
            </HeartRateBpm>
            <Extensions>
              <ns3:TPX>
                <ns3:Speed>0.0</ns3:Speed>
                <ns3:RunCadence>0</ns3:RunCadence>
              </ns3:TPX>
            </Extensions>
          </Trackpoint>
          <Trackpoint>
            <Time>2022-10-17T17:54:57.000Z</Time>
            <Position>
              <LatitudeDegrees>-33.40374014340341</LatitudeDegrees>
              <LongitudeDegrees>-70.53883904591203</LongitudeDegrees>
            </Position>
            <AltitudeMeters>749.4000244140625</AltitudeMeters>
            <DistanceMeters>1821.31005859375</DistanceMeters>
            <HeartRateBpm>
              <Value>85</Value>
            </HeartRateBpm>
            <Extensions>
              <ns3:TPX>
                <ns3:Speed>0.0</ns3:Speed>
                <ns3:RunCadence>0</ns3:RunCadence>
              </ns3:TPX>
            </Extensions>
          </Trackpoint>
          <Trackpoint>
            <Time>2022-10-17T17:55:19.000Z</Time>
            <Position>
              <LatitudeDegrees>-33.403717931360006</LatitudeDegrees>
              <LongitudeDegrees>-70.53880007006228</LongitudeDegrees>
            </Position>
            <AltitudeMeters>750.0</AltitudeMeters>
            <DistanceMeters>1828.3599853515625</DistanceMeters>
            <HeartRateBpm>
              <Value>81</Value>
            </HeartRateBpm>
            <Extensions>
              <ns3:TPX>
                <ns3:Speed>0.0</ns3:Speed>
                <ns3:RunCadence>0</ns3:RunCadence>
              </ns3:TPX>
            </Extensions>
          </Trackpoint>
          <Trackpoint>
            <Time>2022-10-17T17:55:22.000Z</Time>
            <Position>
              <LatitudeDegrees>-33.40371667407453</LatitudeDegrees>
              <LongitudeDegrees>-70.53880199790001</LongitudeDegrees>
            </Position>
            <AltitudeMeters>750.0</AltitudeMeters>
            <DistanceMeters>1829.0</DistanceMeters>
            <HeartRateBpm>
              <Value>84</Value>
            </HeartRateBpm>
            <Extensions>
              <ns3:TPX>
                <ns3:Speed>0.0</ns3:Speed>
                <ns3:RunCadence>0</ns3:RunCadence>
              </ns3:TPX>
            </Extensions>
          </Trackpoint>
          <Trackpoint>
            <Time>2022-10-17T17:55:26.000Z</Time>
            <Position>
              <LatitudeDegrees>-33.40371415950358</LatitudeDegrees>
              <LongitudeDegrees>-70.53880644030869</LongitudeDegrees>
            </Position>
            <AltitudeMeters>750.0</AltitudeMeters>
            <DistanceMeters>1829.699951171875</DistanceMeters>
            <HeartRateBpm>
              <Value>87</Value>
            </HeartRateBpm>
            <Extensions>
              <ns3:TPX>
                <ns3:Speed>0.0</ns3:Speed>
                <ns3:RunCadence>0</ns3:RunCadence>
              </ns3:TPX>
            </Extensions>
          </Trackpoint>
          <Trackpoint>
            <Time>2022-10-17T17:55:32.000Z</Time>
            <Position>
              <LatitudeDegrees>-33.40370980091393</LatitudeDegrees>
              <LongitudeDegrees>-70.53880149498582</LongitudeDegrees>
            </Position>
            <AltitudeMeters>750.0</AltitudeMeters>
            <DistanceMeters>1830.219970703125</DistanceMeters>
            <HeartRateBpm>
              <Value>91</Value>
            </HeartRateBpm>
            <Extensions>
              <ns3:TPX>
                <ns3:Speed>0.0</ns3:Speed>
                <ns3:RunCadence>0</ns3:RunCadence>
              </ns3:TPX>
            </Extensions>
          </Trackpoint>
          <Trackpoint>
            <Time>2022-10-17T17:55:35.000Z</Time>
            <Position>
              <LatitudeDegrees>-33.40371072292328</LatitudeDegrees>
              <LongitudeDegrees>-70.53877878002822</LongitudeDegrees>
            </Position>
            <AltitudeMeters>750.2000122070312</AltitudeMeters>
            <DistanceMeters>1832.3399658203125</DistanceMeters>
            <HeartRateBpm>
              <Value>94</Value>
            </HeartRateBpm>
            <Extensions>
              <ns3:TPX>
                <ns3:Speed>0.0</ns3:Speed>
                <ns3:RunCadence>0</ns3:RunCadence>
              </ns3:TPX>
            </Extensions>
          </Trackpoint>
          <Trackpoint>
            <Time>2022-10-17T17:55:38.000Z</Time>
            <Position>
              <LatitudeDegrees>-33.403707621619105</LatitudeDegrees>
              <LongitudeDegrees>-70.53877567872405</LongitudeDegrees>
            </Position>
            <AltitudeMeters>750.2000122070312</AltitudeMeters>
            <DistanceMeters>1834.0400390625</DistanceMeters>
            <HeartRateBpm>
              <Value>94</Value>
            </HeartRateBpm>
            <Extensions>
              <ns3:TPX>
                <ns3:Speed>1.399999976158142</ns3:Speed>
                <ns3:RunCadence>61</ns3:RunCadence>
              </ns3:TPX>
            </Extensions>
          </Trackpoint>
          <Trackpoint>
            <Time>2022-10-17T17:55:45.000Z</Time>
            <Position>
              <LatitudeDegrees>-33.40370669960976</LatitudeDegrees>
              <LongitudeDegrees>-70.53877400234342</LongitudeDegrees>
            </Position>
            <AltitudeMeters>750.2000122070312</AltitudeMeters>
            <DistanceMeters>1834.68994140625</DistanceMeters>
            <HeartRateBpm>
              <Value>98</Value>
            </HeartRateBpm>
            <Extensions>
              <ns3:TPX>
                <ns3:Speed>0.0</ns3:Speed>
                <ns3:RunCadence>64</ns3:RunCadence>
              </ns3:TPX>
            </Extensions>
          </Trackpoint>
          <Trackpoint>
            <Time>2022-10-17T17:55:58.000Z</Time>
            <Position>
              <LatitudeDegrees>-33.40364282950759</LatitudeDegrees>
              <LongitudeDegrees>-70.53870862349868</LongitudeDegrees>
            </Position>
            <AltitudeMeters>751.4000244140625</AltitudeMeters>
            <DistanceMeters>1844.81005859375</DistanceMeters>
            <HeartRateBpm>
              <Value>95</Value>
            </HeartRateBpm>
            <Extensions>
              <ns3:TPX>
                <ns3:Speed>0.0</ns3:Speed>
                <ns3:RunCadence>62</ns3:RunCadence>
              </ns3:TPX>
            </Extensions>
          </Trackpoint>
          <Trackpoint>
            <Time>2022-10-17T17:56:05.000Z</Time>
            <Position>
              <LatitudeDegrees>-33.40362665243447</LatitudeDegrees>
              <LongitudeDegrees>-70.53869613446295</LongitudeDegrees>
            </Position>
            <AltitudeMeters>751.5999755859375</AltitudeMeters>
            <DistanceMeters>1847.010009765625</DistanceMeters>
            <HeartRateBpm>
              <Value>92</Value>
            </HeartRateBpm>
            <Extensions>
              <ns3:TPX>
                <ns3:Speed>0.0</ns3:Speed>
                <ns3:RunCadence>0</ns3:RunCadence>
              </ns3:TPX>
            </Extensions>
          </Trackpoint>
          <Trackpoint>
            <Time>2022-10-17T17:56:17.000Z</Time>
            <Position>
              <LatitudeDegrees>-33.4036354534328</LatitudeDegrees>
              <LongitudeDegrees>-70.53866202011704</LongitudeDegrees>
            </Position>
            <AltitudeMeters>751.7999877929688</AltitudeMeters>
            <DistanceMeters>1852.0999755859375</DistanceMeters>
            <HeartRateBpm>
              <Value>95</Value>
            </HeartRateBpm>
            <Extensions>
              <ns3:TPX>
                <ns3:Speed>0.0</ns3:Speed>
                <ns3:RunCadence>0</ns3:RunCadence>
              </ns3:TPX>
            </Extensions>
          </Trackpoint>
          <Trackpoint>
            <Time>2022-10-17T17:56:18.000Z</Time>
            <Position>
              <LatitudeDegrees>-33.4036352019757</LatitudeDegrees>
              <LongitudeDegrees>-70.53866260685027</LongitudeDegrees>
            </Position>
            <AltitudeMeters>751.7999877929688</AltitudeMeters>
            <DistanceMeters>1852.0999755859375</DistanceMeters>
            <HeartRateBpm>
              <Value>98</Value>
            </HeartRateBpm>
            <Extensions>
              <ns3:TPX>
                <ns3:Speed>0.0</ns3:Speed>
                <ns3:RunCadence>0</ns3:RunCadence>
              </ns3:TPX>
            </Extensions>
          </Trackpoint>
          <Trackpoint>
            <Time>2022-10-17T17:56:24.000Z</Time>
            <Position>
              <LatitudeDegrees>-33.403633274137974</LatitudeDegrees>
              <LongitudeDegrees>-70.53865732625127</LongitudeDegrees>
            </Position>
            <AltitudeMeters>751.7999877929688</AltitudeMeters>
            <DistanceMeters>1853.31005859375</DistanceMeters>
            <HeartRateBpm>
              <Value>101</Value>
            </HeartRateBpm>
            <Extensions>
              <ns3:TPX>
                <ns3:Speed>0.0</ns3:Speed>
                <ns3:RunCadence>0</ns3:RunCadence>
              </ns3:TPX>
            </Extensions>
          </Trackpoint>
          <Trackpoint>
            <Time>2022-10-17T17:56:35.000Z</Time>
            <Position>
              <LatitudeDegrees>-33.40359589084983</LatitudeDegrees>
              <LongitudeDegrees>-70.53860276006162</LongitudeDegrees>
            </Position>
            <AltitudeMeters>752.5999755859375</AltitudeMeters>
            <DistanceMeters>1861.699951171875</DistanceMeters>
            <HeartRateBpm>
              <Value>104</Value>
            </HeartRateBpm>
            <Extensions>
              <ns3:TPX>
                <ns3:Speed>0.0</ns3:Speed>
                <ns3:RunCadence>0</ns3:RunCadence>
              </ns3:TPX>
            </Extensions>
          </Trackpoint>
          <Trackpoint>
            <Time>2022-10-17T17:56:38.000Z</Time>
            <Position>
              <LatitudeDegrees>-33.40352891944349</LatitudeDegrees>
              <LongitudeDegrees>-70.53854333236814</LongitudeDegrees>
            </Position>
            <AltitudeMeters>753.5999755859375</AltitudeMeters>
            <DistanceMeters>1870.9599609375</DistanceMeters>
            <HeartRateBpm>
              <Value>107</Value>
            </HeartRateBpm>
            <Extensions>
              <ns3:TPX>
                <ns3:Speed>1.9129999876022339</ns3:Speed>
                <ns3:RunCadence>0</ns3:RunCadence>
              </ns3:TPX>
            </Extensions>
          </Trackpoint>
          <Trackpoint>
            <Time>2022-10-17T17:56:44.000Z</Time>
            <Position>
              <LatitudeDegrees>-33.40339128859341</LatitudeDegrees>
              <LongitudeDegrees>-70.53844626992941</LongitudeDegrees>
            </Position>
            <AltitudeMeters>756.7999877929688</AltitudeMeters>
            <DistanceMeters>1887.510009765625</DistanceMeters>
            <HeartRateBpm>
              <Value>110</Value>
            </HeartRateBpm>
            <Extensions>
              <ns3:TPX>
                <ns3:Speed>2.5940001010894775</ns3:Speed>
                <ns3:RunCadence>83</ns3:RunCadence>
              </ns3:TPX>
            </Extensions>
          </Trackpoint>
          <Trackpoint>
            <Time>2022-10-17T17:56:47.000Z</Time>
            <Position>
              <LatitudeDegrees>-33.403330855071545</LatitudeDegrees>
              <LongitudeDegrees>-70.53840796463192</LongitudeDegrees>
            </Position>
            <AltitudeMeters>758.4000244140625</AltitudeMeters>
            <DistanceMeters>1895.56005859375</DistanceMeters>
            <HeartRateBpm>
              <Value>118</Value>
            </HeartRateBpm>
            <Extensions>
              <ns3:TPX>
                <ns3:Speed>2.753000020980835</ns3:Speed>
                <ns3:RunCadence>83</ns3:RunCadence>
              </ns3:TPX>
            </Extensions>
          </Trackpoint>
          <Trackpoint>
            <Time>2022-10-17T17:56:48.000Z</Time>
            <Position>
              <LatitudeDegrees>-33.40330998413265</LatitudeDegrees>
              <LongitudeDegrees>-70.53839446976781</LongitudeDegrees>
            </Position>
            <AltitudeMeters>759.0</AltitudeMeters>
            <DistanceMeters>1898.2900390625</DistanceMeters>
            <HeartRateBpm>
              <Value>118</Value>
            </HeartRateBpm>
            <Extensions>
              <ns3:TPX>
                <ns3:Speed>2.7249999046325684</ns3:Speed>
                <ns3:RunCadence>82</ns3:RunCadence>
              </ns3:TPX>
            </Extensions>
          </Trackpoint>
          <Trackpoint>
            <Time>2022-10-17T17:56:52.000Z</Time>
            <Position>
              <LatitudeDegrees>-33.403253657743335</LatitudeDegrees>
              <LongitudeDegrees>-70.53835264407098</LongitudeDegrees>
            </Position>
            <AltitudeMeters>760.5999755859375</AltitudeMeters>
            <DistanceMeters>1905.6600341796875</DistanceMeters>
            <HeartRateBpm>
              <Value>119</Value>
            </HeartRateBpm>
            <Extensions>
              <ns3:TPX>
                <ns3:Speed>2.4630000591278076</ns3:Speed>
                <ns3:RunCadence>78</ns3:RunCadence>
              </ns3:TPX>
            </Extensions>
          </Trackpoint>
          <Trackpoint>
            <Time>2022-10-17T17:56:54.000Z</Time>
            <Position>
              <LatitudeDegrees>-33.403238486498594</LatitudeDegrees>
              <LongitudeDegrees>-70.53834124468267</LongitudeDegrees>
            </Position>
            <AltitudeMeters>761.0</AltitudeMeters>
            <DistanceMeters>1907.6600341796875</DistanceMeters>
            <HeartRateBpm>
              <Value>119</Value>
            </HeartRateBpm>
            <Extensions>
              <ns3:TPX>
                <ns3:Speed>1.809999942779541</ns3:Speed>
                <ns3:RunCadence>78</ns3:RunCadence>
              </ns3:TPX>
            </Extensions>
          </Trackpoint>
          <Trackpoint>
            <Time>2022-10-17T17:56:58.000Z</Time>
            <Position>
              <LatitudeDegrees>-33.403213089331985</LatitudeDegrees>
              <LongitudeDegrees>-70.53831073455513</LongitudeDegrees>
            </Position>
            <AltitudeMeters>762.0</AltitudeMeters>
            <DistanceMeters>1911.739990234375</DistanceMeters>
            <HeartRateBpm>
              <Value>122</Value>
            </HeartRateBpm>
            <Extensions>
              <ns3:TPX>
                <ns3:Speed>1.465000033378601</ns3:Speed>
                <ns3:RunCadence>63</ns3:RunCadence>
              </ns3:TPX>
            </Extensions>
          </Trackpoint>
          <Trackpoint>
            <Time>2022-10-17T17:57:02.000Z</Time>
            <Position>
              <LatitudeDegrees>-33.40319003909826</LatitudeDegrees>
              <LongitudeDegrees>-70.53828533738852</LongitudeDegrees>
            </Position>
            <AltitudeMeters>762.5999755859375</AltitudeMeters>
            <DistanceMeters>1915.1500244140625</DistanceMeters>
            <HeartRateBpm>
              <Value>123</Value>
            </HeartRateBpm>
            <Extensions>
              <ns3:TPX>
                <ns3:Speed>0.9139999747276306</ns3:Speed>
                <ns3:RunCadence>62</ns3:RunCadence>
              </ns3:TPX>
            </Extensions>
          </Trackpoint>
          <Trackpoint>
            <Time>2022-10-17T17:57:07.000Z</Time>
            <Position>
              <LatitudeDegrees>-33.403158439323306</LatitudeDegrees>
              <LongitudeDegrees>-70.5382599402219</LongitudeDegrees>
            </Position>
            <AltitudeMeters>763.5999755859375</AltitudeMeters>
            <DistanceMeters>1919.4000244140625</DistanceMeters>
            <HeartRateBpm>
              <Value>126</Value>
            </HeartRateBpm>
            <Extensions>
              <ns3:TPX>
                <ns3:Speed>1.0169999599456787</ns3:Speed>
                <ns3:RunCadence>62</ns3:RunCadence>
              </ns3:TPX>
            </Extensions>
          </Trackpoint>
          <Trackpoint>
            <Time>2022-10-17T17:57:09.000Z</Time>
            <Position>
              <LatitudeDegrees>-33.40314771048725</LatitudeDegrees>
              <LongitudeDegrees>-70.5382517259568</LongitudeDegrees>
            </Position>
            <AltitudeMeters>763.7999877929688</AltitudeMeters>
            <DistanceMeters>1920.8199462890625</DistanceMeters>
            <HeartRateBpm>
              <Value>129</Value>
            </HeartRateBpm>
            <Extensions>
              <ns3:TPX>
                <ns3:Speed>0.0</ns3:Speed>
                <ns3:RunCadence>62</ns3:RunCadence>
              </ns3:TPX>
            </Extensions>
          </Trackpoint>
          <Trackpoint>
            <Time>2022-10-17T17:57:12.000Z</Time>
            <Position>
              <LatitudeDegrees>-33.40313170105219</LatitudeDegrees>
              <LongitudeDegrees>-70.5382393207401</LongitudeDegrees>
            </Position>
            <AltitudeMeters>764.4000244140625</AltitudeMeters>
            <DistanceMeters>1922.9200439453125</DistanceMeters>
            <HeartRateBpm>
              <Value>132</Value>
            </HeartRateBpm>
            <Extensions>
              <ns3:TPX>
                <ns3:Speed>0.0</ns3:Speed>
                <ns3:RunCadence>62</ns3:RunCadence>
              </ns3:TPX>
            </Extensions>
          </Trackpoint>
          <Trackpoint>
            <Time>2022-10-17T17:57:15.000Z</Time>
            <Position>
              <LatitudeDegrees>-33.40310035273433</LatitudeDegrees>
              <LongitudeDegrees>-70.53822113201022</LongitudeDegrees>
            </Position>
            <AltitudeMeters>765.2000122070312</AltitudeMeters>
            <DistanceMeters>1926.780029296875</DistanceMeters>
            <HeartRateBpm>
              <Value>135</Value>
            </HeartRateBpm>
            <Extensions>
              <ns3:TPX>
                <ns3:Speed>0.0</ns3:Speed>
                <ns3:RunCadence>53</ns3:RunCadence>
              </ns3:TPX>
            </Extensions>
          </Trackpoint>
          <Trackpoint>
            <Time>2022-10-17T17:57:29.000Z</Time>
            <Position>
              <LatitudeDegrees>-33.402983425185084</LatitudeDegrees>
              <LongitudeDegrees>-70.53818651475012</LongitudeDegrees>
            </Position>
            <AltitudeMeters>768.0</AltitudeMeters>
            <DistanceMeters>1940.6300048828125</DistanceMeters>
            <HeartRateBpm>
              <Value>138</Value>
            </HeartRateBpm>
            <Extensions>
              <ns3:TPX>
                <ns3:Speed>0.0</ns3:Speed>
                <ns3:RunCadence>62</ns3:RunCadence>
              </ns3:TPX>
            </Extensions>
          </Trackpoint>
          <Trackpoint>
            <Time>2022-10-17T17:57:34.000Z</Time>
            <Position>
              <LatitudeDegrees>-33.4029533341527</LatitudeDegrees>
              <LongitudeDegrees>-70.53817285224795</LongitudeDegrees>
            </Position>
            <AltitudeMeters>768.7999877929688</AltitudeMeters>
            <DistanceMeters>1944.239990234375</DistanceMeters>
            <HeartRateBpm>
              <Value>141</Value>
            </HeartRateBpm>
            <Extensions>
              <ns3:TPX>
                <ns3:Speed>0.0</ns3:Speed>
                <ns3:RunCadence>0</ns3:RunCadence>
              </ns3:TPX>
            </Extensions>
          </Trackpoint>
          <Trackpoint>
            <Time>2022-10-17T17:57:46.000Z</Time>
            <Position>
              <LatitudeDegrees>-33.40284487232566</LatitudeDegrees>
              <LongitudeDegrees>-70.53818743675947</LongitudeDegrees>
            </Position>
            <AltitudeMeters>771.0</AltitudeMeters>
            <DistanceMeters>1951.1300048828125</DistanceMeters>
            <HeartRateBpm>
              <Value>144</Value>
            </HeartRateBpm>
            <Extensions>
              <ns3:TPX>
                <ns3:Speed>0.0</ns3:Speed>
                <ns3:RunCadence>0</ns3:RunCadence>
              </ns3:TPX>
            </Extensions>
          </Trackpoint>
          <Trackpoint>
            <Time>2022-10-17T17:58:08.000Z</Time>
            <Position>
              <LatitudeDegrees>-33.40265569277108</LatitudeDegrees>
              <LongitudeDegrees>-70.5382120795548</LongitudeDegrees>
            </Position>
            <AltitudeMeters>772.2000122070312</AltitudeMeters>
            <DistanceMeters>1971.6199951171875</DistanceMeters>
            <HeartRateBpm>
              <Value>144</Value>
            </HeartRateBpm>
            <Extensions>
              <ns3:TPX>
                <ns3:Speed>1.1380000114440918</ns3:Speed>
                <ns3:RunCadence>0</ns3:RunCadence>
              </ns3:TPX>
            </Extensions>
          </Trackpoint>
          <Trackpoint>
            <Time>2022-10-17T17:58:17.000Z</Time>
            <Position>
              <LatitudeDegrees>-33.40258285403252</LatitudeDegrees>
              <LongitudeDegrees>-70.53818869404495</LongitudeDegrees>
            </Position>
            <AltitudeMeters>774.7999877929688</AltitudeMeters>
            <DistanceMeters>1979.989990234375</DistanceMeters>
            <HeartRateBpm>
              <Value>143</Value>
            </HeartRateBpm>
            <Extensions>
              <ns3:TPX>
                <ns3:Speed>1.128999948501587</ns3:Speed>
                <ns3:RunCadence>0</ns3:RunCadence>
              </ns3:TPX>
            </Extensions>
          </Trackpoint>
          <Trackpoint>
            <Time>2022-10-17T17:58:44.000Z</Time>
            <Position>
              <LatitudeDegrees>-33.402410354465246</LatitudeDegrees>
              <LongitudeDegrees>-70.53814083337784</LongitudeDegrees>
            </Position>
            <AltitudeMeters>781.2000122070312</AltitudeMeters>
            <DistanceMeters>2000.5899658203125</DistanceMeters>
            <HeartRateBpm>
              <Value>144</Value>
            </HeartRateBpm>
            <Extensions>
              <ns3:TPX>
                <ns3:Speed>0.0</ns3:Speed>
                <ns3:RunCadence>56</ns3:RunCadence>
              </ns3:TPX>
            </Extensions>
          </Trackpoint>
          <Trackpoint>
            <Time>2022-10-17T17:59:10.000Z</Time>
            <Position>
              <LatitudeDegrees>-33.40223056264222</LatitudeDegrees>
              <LongitudeDegrees>-70.53812004625797</LongitudeDegrees>
            </Position>
            <AltitudeMeters>787.0</AltitudeMeters>
            <DistanceMeters>2021.300048828125</DistanceMeters>
            <HeartRateBpm>
              <Value>142</Value>
            </HeartRateBpm>
            <Extensions>
              <ns3:TPX>
                <ns3:Speed>0.0</ns3:Speed>
                <ns3:RunCadence>54</ns3:RunCadence>
              </ns3:TPX>
            </Extensions>
          </Trackpoint>
          <Trackpoint>
            <Time>2022-10-17T17:59:16.000Z</Time>
            <Position>
              <LatitudeDegrees>-33.402189910411835</LatitudeDegrees>
              <LongitudeDegrees>-70.53808987140656</LongitudeDegrees>
            </Position>
            <AltitudeMeters>788.7999877929688</AltitudeMeters>
            <DistanceMeters>2026.739990234375</DistanceMeters>
            <HeartRateBpm>
              <Value>141</Value>
            </HeartRateBpm>
            <Extensions>
              <ns3:TPX>
                <ns3:Speed>0.9520000219345093</ns3:Speed>
                <ns3:RunCadence>58</ns3:RunCadence>
              </ns3:TPX>
            </Extensions>
          </Trackpoint>
          <Trackpoint>
            <Time>2022-10-17T17:59:33.000Z</Time>
            <Position>
              <LatitudeDegrees>-33.40201707556844</LatitudeDegrees>
              <LongitudeDegrees>-70.53806179203093</LongitudeDegrees>
            </Position>
            <AltitudeMeters>794.7999877929688</AltitudeMeters>
            <DistanceMeters>2047.9000244140625</DistanceMeters>
            <HeartRateBpm>
              <Value>143</Value>
            </HeartRateBpm>
            <Extensions>
              <ns3:TPX>
                <ns3:Speed>0.9980000257492065</ns3:Speed>
                <ns3:RunCadence>0</ns3:RunCadence>
              </ns3:TPX>
            </Extensions>
          </Trackpoint>
          <Trackpoint>
            <Time>2022-10-17T17:59:55.000Z</Time>
            <Position>
              <LatitudeDegrees>-33.40182923711836</LatitudeDegrees>
              <LongitudeDegrees>-70.53804561495781</LongitudeDegrees>
            </Position>
            <AltitudeMeters>800.4000244140625</AltitudeMeters>
            <DistanceMeters>2068.719970703125</DistanceMeters>
            <HeartRateBpm>
              <Value>143</Value>
            </HeartRateBpm>
            <Extensions>
              <ns3:TPX>
                <ns3:Speed>0.0</ns3:Speed>
                <ns3:RunCadence>56</ns3:RunCadence>
              </ns3:TPX>
            </Extensions>
          </Trackpoint>
          <Trackpoint>
            <Time>2022-10-17T18:00:12.000Z</Time>
            <Position>
              <LatitudeDegrees>-33.401661263778806</LatitudeDegrees>
              <LongitudeDegrees>-70.53798543289304</LongitudeDegrees>
            </Position>
            <AltitudeMeters>805.2000122070312</AltitudeMeters>
            <DistanceMeters>2089.139892578125</DistanceMeters>
            <HeartRateBpm>
              <Value>144</Value>
            </HeartRateBpm>
            <Extensions>
              <ns3:TPX>
                <ns3:Speed>0.9890000224113464</ns3:Speed>
                <ns3:RunCadence>53</ns3:RunCadence>
              </ns3:TPX>
            </Extensions>
          </Trackpoint>
          <Trackpoint>
            <Time>2022-10-17T18:00:21.000Z</Time>
            <Position>
              <LatitudeDegrees>-33.40152648277581</LatitudeDegrees>
              <LongitudeDegrees>-70.53782793693244</LongitudeDegrees>
            </Position>
            <AltitudeMeters>810.0</AltitudeMeters>
            <DistanceMeters>2110.3701171875</DistanceMeters>
            <HeartRateBpm>
              <Value>145</Value>
            </HeartRateBpm>
            <Extensions>
              <ns3:TPX>
                <ns3:Speed>1.2130000591278076</ns3:Speed>
                <ns3:RunCadence>65</ns3:RunCadence>
              </ns3:TPX>
            </Extensions>
          </Trackpoint>
          <Trackpoint>
            <Time>2022-10-17T18:00:22.000Z</Time>
            <Position>
              <LatitudeDegrees>-33.40151038952172</LatitudeDegrees>
              <LongitudeDegrees>-70.53780480287969</LongitudeDegrees>
            </Position>
            <AltitudeMeters>810.5999755859375</AltitudeMeters>
            <DistanceMeters>2113.110107421875</DistanceMeters>
            <HeartRateBpm>
              <Value>145</Value>
            </HeartRateBpm>
            <Extensions>
              <ns3:TPX>
                <ns3:Speed>1.2599999904632568</ns3:Speed>
                <ns3:RunCadence>73</ns3:RunCadence>
              </ns3:TPX>
            </Extensions>
          </Trackpoint>
          <Trackpoint>
            <Time>2022-10-17T18:00:27.000Z</Time>
            <Position>
              <LatitudeDegrees>-33.40145900845528</LatitudeDegrees>
              <LongitudeDegrees>-70.53774763830006</LongitudeDegrees>
            </Position>
            <AltitudeMeters>812.4000244140625</AltitudeMeters>
            <DistanceMeters>2120.580078125</DistanceMeters>
            <HeartRateBpm>
              <Value>145</Value>
            </HeartRateBpm>
            <Extensions>
              <ns3:TPX>
                <ns3:Speed>1.5210000276565552</ns3:Speed>
                <ns3:RunCadence>71</ns3:RunCadence>
              </ns3:TPX>
            </Extensions>
          </Trackpoint>
          <Trackpoint>
            <Time>2022-10-17T18:00:36.000Z</Time>
            <Position>
              <LatitudeDegrees>-33.401337303221226</LatitudeDegrees>
              <LongitudeDegrees>-70.53757153451443</LongitudeDegrees>
            </Position>
            <AltitudeMeters>817.4000244140625</AltitudeMeters>
            <DistanceMeters>2141.949951171875</DistanceMeters>
            <HeartRateBpm>
              <Value>145</Value>
            </HeartRateBpm>
            <Extensions>
              <ns3:TPX>
                <ns3:Speed>2.994999885559082</ns3:Speed>
                <ns3:RunCadence>77</ns3:RunCadence>
              </ns3:TPX>
            </Extensions>
          </Trackpoint>
          <Trackpoint>
            <Time>2022-10-17T18:00:46.000Z</Time>
            <Position>
              <LatitudeDegrees>-33.40117150917649</LatitudeDegrees>
              <LongitudeDegrees>-70.53734933026135</LongitudeDegrees>
            </Position>
            <AltitudeMeters>823.7999877929688</AltitudeMeters>
            <DistanceMeters>2163.02001953125</DistanceMeters>
            <HeartRateBpm>
              <Value>145</Value>
            </HeartRateBpm>
            <Extensions>
              <ns3:TPX>
                <ns3:Speed>2.00600004196167</ns3:Speed>
                <ns3:RunCadence>82</ns3:RunCadence>
              </ns3:TPX>
            </Extensions>
          </Trackpoint>
          <Trackpoint>
            <Time>2022-10-17T18:00:54.000Z</Time>
            <Position>
              <LatitudeDegrees>-33.40103907510638</LatitudeDegrees>
              <LongitudeDegrees>-70.5371689517051</LongitudeDegrees>
            </Position>
            <AltitudeMeters>828.4000244140625</AltitudeMeters>
            <DistanceMeters>2183.8701171875</DistanceMeters>
            <HeartRateBpm>
              <Value>143</Value>
            </HeartRateBpm>
            <Extensions>
              <ns3:TPX>
                <ns3:Speed>2.7990000247955322</ns3:Speed>
                <ns3:RunCadence>82</ns3:RunCadence>
              </ns3:TPX>
            </Extensions>
          </Trackpoint>
          <Trackpoint>
            <Time>2022-10-17T18:01:01.000Z</Time>
            <Position>
              <LatitudeDegrees>-33.400896498933434</LatitudeDegrees>
              <LongitudeDegrees>-70.5370344221592</LongitudeDegrees>
            </Position>
            <AltitudeMeters>829.2000122070312</AltitudeMeters>
            <DistanceMeters>2204.080078125</DistanceMeters>
            <HeartRateBpm>
              <Value>143</Value>
            </HeartRateBpm>
            <Extensions>
              <ns3:TPX>
                <ns3:Speed>2.7709999084472656</ns3:Speed>
                <ns3:RunCadence>83</ns3:RunCadence>
              </ns3:TPX>
            </Extensions>
          </Trackpoint>
          <Trackpoint>
            <Time>2022-10-17T18:01:08.000Z</Time>
            <Position>
              <LatitudeDegrees>-33.40071243233979</LatitudeDegrees>
              <LongitudeDegrees>-70.5368922650814</LongitudeDegrees>
            </Position>
            <AltitudeMeters>831.0</AltitudeMeters>
            <DistanceMeters>2228.409912109375</DistanceMeters>
            <HeartRateBpm>
              <Value>141</Value>
            </HeartRateBpm>
            <Extensions>
              <ns3:TPX>
                <ns3:Speed>2.8269999027252197</ns3:Speed>
                <ns3:RunCadence>84</ns3:RunCadence>
              </ns3:TPX>
            </Extensions>
          </Trackpoint>
          <Trackpoint>
            <Time>2022-10-17T18:01:14.000Z</Time>
            <Position>
              <LatitudeDegrees>-33.400561306625605</LatitudeDegrees>
              <LongitudeDegrees>-70.53675605915487</LongitudeDegrees>
            </Position>
            <AltitudeMeters>832.2000122070312</AltitudeMeters>
            <DistanceMeters>2249.409912109375</DistanceMeters>
            <HeartRateBpm>
              <Value>141</Value>
            </HeartRateBpm>
            <Extensions>
              <ns3:TPX>
                <ns3:Speed>3.6480000019073486</ns3:Speed>
                <ns3:RunCadence>81</ns3:RunCadence>
              </ns3:TPX>
            </Extensions>
          </Trackpoint>
          <Trackpoint>
            <Time>2022-10-17T18:01:21.000Z</Time>
            <Position>
              <LatitudeDegrees>-33.400403978303075</LatitudeDegrees>
              <LongitudeDegrees>-70.53659479133785</LongitudeDegrees>
            </Position>
            <AltitudeMeters>832.7999877929688</AltitudeMeters>
            <DistanceMeters>2272.419921875</DistanceMeters>
            <HeartRateBpm>
              <Value>144</Value>
            </HeartRateBpm>
            <Extensions>
              <ns3:TPX>
                <ns3:Speed>3.1440000534057617</ns3:Speed>
                <ns3:RunCadence>83</ns3:RunCadence>
              </ns3:TPX>
            </Extensions>
          </Trackpoint>
          <Trackpoint>
            <Time>2022-10-17T18:01:28.000Z</Time>
            <Position>
              <LatitudeDegrees>-33.4002317301929</LatitudeDegrees>
              <LongitudeDegrees>-70.5364519637078</LongitudeDegrees>
            </Position>
            <AltitudeMeters>834.0</AltitudeMeters>
            <DistanceMeters>2295.75</DistanceMeters>
            <HeartRateBpm>
              <Value>145</Value>
            </HeartRateBpm>
            <Extensions>
              <ns3:TPX>
                <ns3:Speed>3.1630001068115234</ns3:Speed>
                <ns3:RunCadence>84</ns3:RunCadence>
              </ns3:TPX>
            </Extensions>
          </Trackpoint>
          <Trackpoint>
            <Time>2022-10-17T18:01:34.000Z</Time>
            <Position>
              <LatitudeDegrees>-33.40009066276252</LatitudeDegrees>
              <LongitudeDegrees>-70.53631651215255</LongitudeDegrees>
            </Position>
            <AltitudeMeters>834.7999877929688</AltitudeMeters>
            <DistanceMeters>2315.820068359375</DistanceMeters>
            <HeartRateBpm>
              <Value>145</Value>
            </HeartRateBpm>
            <Extensions>
              <ns3:TPX>
                <ns3:Speed>3.181999921798706</ns3:Speed>
                <ns3:RunCadence>85</ns3:RunCadence>
              </ns3:TPX>
            </Extensions>
          </Trackpoint>
          <Trackpoint>
            <Time>2022-10-17T18:01:37.000Z</Time>
            <Position>
              <LatitudeDegrees>-33.400016063824296</LatitudeDegrees>
              <LongitudeDegrees>-70.53624811582267</LongitudeDegrees>
            </Position>
            <AltitudeMeters>834.5999755859375</AltitudeMeters>
            <DistanceMeters>2326.25</DistanceMeters>
            <HeartRateBpm>
              <Value>141</Value>
            </HeartRateBpm>
            <Extensions>
              <ns3:TPX>
                <ns3:Speed>3.190999984741211</ns3:Speed>
                <ns3:RunCadence>85</ns3:RunCadence>
              </ns3:TPX>
            </Extensions>
          </Trackpoint>
          <Trackpoint>
            <Time>2022-10-17T18:01:39.000Z</Time>
            <Position>
              <LatitudeDegrees>-33.399967113509774</LatitudeDegrees>
              <LongitudeDegrees>-70.53620126098394</LongitudeDegrees>
            </Position>
            <AltitudeMeters>834.2000122070312</AltitudeMeters>
            <DistanceMeters>2333.199951171875</DistanceMeters>
            <HeartRateBpm>
              <Value>138</Value>
            </HeartRateBpm>
            <Extensions>
              <ns3:TPX>
                <ns3:Speed>3.2100000381469727</ns3:Speed>
                <ns3:RunCadence>85</ns3:RunCadence>
              </ns3:TPX>
            </Extensions>
          </Trackpoint>
          <Trackpoint>
            <Time>2022-10-17T18:01:46.000Z</Time>
            <Position>
              <LatitudeDegrees>-33.399808779358864</LatitudeDegrees>
              <LongitudeDegrees>-70.5360584333539</LongitudeDegrees>
            </Position>
            <AltitudeMeters>833.5999755859375</AltitudeMeters>
            <DistanceMeters>2355.300048828125</DistanceMeters>
            <HeartRateBpm>
              <Value>140</Value>
            </HeartRateBpm>
            <Extensions>
              <ns3:TPX>
                <ns3:Speed>3.246999979019165</ns3:Speed>
                <ns3:RunCadence>85</ns3:RunCadence>
              </ns3:TPX>
            </Extensions>
          </Trackpoint>
          <Trackpoint>
            <Time>2022-10-17T18:01:53.000Z</Time>
            <Position>
              <LatitudeDegrees>-33.399659749120474</LatitudeDegrees>
              <LongitudeDegrees>-70.53590546362102</LongitudeDegrees>
            </Position>
            <AltitudeMeters>832.4000244140625</AltitudeMeters>
            <DistanceMeters>2377.090087890625</DistanceMeters>
            <HeartRateBpm>
              <Value>141</Value>
            </HeartRateBpm>
            <Extensions>
              <ns3:TPX>
                <ns3:Speed>3.2279999256134033</ns3:Speed>
                <ns3:RunCadence>86</ns3:RunCadence>
              </ns3:TPX>
            </Extensions>
          </Trackpoint>
          <Trackpoint>
            <Time>2022-10-17T18:02:00.000Z</Time>
            <Position>
              <LatitudeDegrees>-33.39949487708509</LatitudeDegrees>
              <LongitudeDegrees>-70.53578769788146</LongitudeDegrees>
            </Position>
            <AltitudeMeters>832.7999877929688</AltitudeMeters>
            <DistanceMeters>2397.39990234375</DistanceMeters>
            <HeartRateBpm>
              <Value>140</Value>
            </HeartRateBpm>
            <Extensions>
              <ns3:TPX>
                <ns3:Speed>3.2100000381469727</ns3:Speed>
                <ns3:RunCadence>86</ns3:RunCadence>
              </ns3:TPX>
            </Extensions>
          </Trackpoint>
          <Trackpoint>
            <Time>2022-10-17T18:02:07.000Z</Time>
            <Position>
              <LatitudeDegrees>-33.39931751601398</LatitudeDegrees>
              <LongitudeDegrees>-70.5357011128217</LongitudeDegrees>
            </Position>
            <AltitudeMeters>834.7999877929688</AltitudeMeters>
            <DistanceMeters>2418.6298828125</DistanceMeters>
            <HeartRateBpm>
              <Value>137</Value>
            </HeartRateBpm>
            <Extensions>
              <ns3:TPX>
                <ns3:Speed>3.134999990463257</ns3:Speed>
                <ns3:RunCadence>85</ns3:RunCadence>
              </ns3:TPX>
            </Extensions>
          </Trackpoint>
          <Trackpoint>
            <Time>2022-10-17T18:02:09.000Z</Time>
            <Position>
              <LatitudeDegrees>-33.399267476052046</LatitudeDegrees>
              <LongitudeDegrees>-70.53568409755826</LongitudeDegrees>
            </Position>
            <AltitudeMeters>834.7999877929688</AltitudeMeters>
            <DistanceMeters>2424.389892578125</DistanceMeters>
            <HeartRateBpm>
              <Value>133</Value>
            </HeartRateBpm>
            <Extensions>
              <ns3:TPX>
                <ns3:Speed>3.115999937057495</ns3:Speed>
                <ns3:RunCadence>85</ns3:RunCadence>
              </ns3:TPX>
            </Extensions>
          </Trackpoint>
          <Trackpoint>
            <Time>2022-10-17T18:02:15.000Z</Time>
            <Position>
              <LatitudeDegrees>-33.39910444803536</LatitudeDegrees>
              <LongitudeDegrees>-70.53562936373055</LongitudeDegrees>
            </Position>
            <AltitudeMeters>834.7999877929688</AltitudeMeters>
            <DistanceMeters>2443.169921875</DistanceMeters>
            <HeartRateBpm>
              <Value>130</Value>
            </HeartRateBpm>
            <Extensions>
              <ns3:TPX>
                <ns3:Speed>3.069999933242798</ns3:Speed>
                <ns3:RunCadence>85</ns3:RunCadence>
              </ns3:TPX>
            </Extensions>
          </Trackpoint>
          <Trackpoint>
            <Time>2022-10-17T18:02:17.000Z</Time>
            <Position>
              <LatitudeDegrees>-33.399050552397966</LatitudeDegrees>
              <LongitudeDegrees>-70.53561243228614</LongitudeDegrees>
            </Position>
            <AltitudeMeters>834.7999877929688</AltitudeMeters>
            <DistanceMeters>2449.360107421875</DistanceMeters>
            <HeartRateBpm>
              <Value>126</Value>
            </HeartRateBpm>
            <Extensions>
              <ns3:TPX>
                <ns3:Speed>3.0510001182556152</ns3:Speed>
                <ns3:RunCadence>83</ns3:RunCadence>
              </ns3:TPX>
            </Extensions>
          </Trackpoint>
          <Trackpoint>
            <Time>2022-10-17T18:02:24.000Z</Time>
            <Position>
              <LatitudeDegrees>-33.39886313304305</LatitudeDegrees>
              <LongitudeDegrees>-70.53554814308882</LongitudeDegrees>
            </Position>
            <AltitudeMeters>835.0</AltitudeMeters>
            <DistanceMeters>2470.97998046875</DistanceMeters>
            <HeartRateBpm>
              <Value>126</Value>
            </HeartRateBpm>
            <Extensions>
              <ns3:TPX>
                <ns3:Speed>3.0320000648498535</ns3:Speed>
                <ns3:RunCadence>85</ns3:RunCadence>
              </ns3:TPX>
            </Extensions>
          </Trackpoint>
          <Trackpoint>
            <Time>2022-10-17T18:02:28.000Z</Time>
            <Position>
              <LatitudeDegrees>-33.398751402273774</LatitudeDegrees>
              <LongitudeDegrees>-70.53551897406578</LongitudeDegrees>
            </Position>
            <AltitudeMeters>835.2000122070312</AltitudeMeters>
            <DistanceMeters>2483.659912109375</DistanceMeters>
            <HeartRateBpm>
              <Value>129</Value>
            </HeartRateBpm>
            <Extensions>
              <ns3:TPX>
                <ns3:Speed>3.0320000648498535</ns3:Speed>
                <ns3:RunCadence>84</ns3:RunCadence>
              </ns3:TPX>
            </Extensions>
          </Trackpoint>
          <Trackpoint>
            <Time>2022-10-17T18:02:35.000Z</Time>
            <Position>
              <LatitudeDegrees>-33.39857093989849</LatitudeDegrees>
              <LongitudeDegrees>-70.53545225411654</LongitudeDegrees>
            </Position>
            <AltitudeMeters>835.4000244140625</AltitudeMeters>
            <DistanceMeters>2504.7099609375</DistanceMeters>
            <HeartRateBpm>
              <Value>131</Value>
            </HeartRateBpm>
            <Extensions>
              <ns3:TPX>
                <ns3:Speed>3.0320000648498535</ns3:Speed>
                <ns3:RunCadence>86</ns3:RunCadence>
              </ns3:TPX>
            </Extensions>
          </Trackpoint>
          <Trackpoint>
            <Time>2022-10-17T18:02:38.000Z</Time>
            <Position>
              <LatitudeDegrees>-33.39850338175893</LatitudeDegrees>
              <LongitudeDegrees>-70.53538545034826</LongitudeDegrees>
            </Position>
            <AltitudeMeters>834.2000122070312</AltitudeMeters>
            <DistanceMeters>2514.8701171875</DistanceMeters>
            <HeartRateBpm>
              <Value>131</Value>
            </HeartRateBpm>
            <Extensions>
              <ns3:TPX>
                <ns3:Speed>3.0230000019073486</ns3:Speed>
                <ns3:RunCadence>85</ns3:RunCadence>
              </ns3:TPX>
            </Extensions>
          </Trackpoint>
          <Trackpoint>
            <Time>2022-10-17T18:02:44.000Z</Time>
            <Position>
              <LatitudeDegrees>-33.39866146445274</LatitudeDegrees>
              <LongitudeDegrees>-70.535271121189</LongitudeDegrees>
            </Position>
            <AltitudeMeters>829.0</AltitudeMeters>
            <DistanceMeters>2537.260009765625</DistanceMeters>
            <HeartRateBpm>
              <Value>130</Value>
            </HeartRateBpm>
            <Extensions>
              <ns3:TPX>
                <ns3:Speed>3.0510001182556152</ns3:Speed>
                <ns3:RunCadence>84</ns3:RunCadence>
              </ns3:TPX>
            </Extensions>
          </Trackpoint>
          <Trackpoint>
            <Time>2022-10-17T18:02:45.000Z</Time>
            <Position>
              <LatitudeDegrees>-33.39869339950383</LatitudeDegrees>
              <LongitudeDegrees>-70.5352568719536</LongitudeDegrees>
            </Position>
            <AltitudeMeters>828.4000244140625</AltitudeMeters>
            <DistanceMeters>2540.97998046875</DistanceMeters>
            <HeartRateBpm>
              <Value>130</Value>
            </HeartRateBpm>
            <Extensions>
              <ns3:TPX>
                <ns3:Speed>3.0789999961853027</ns3:Speed>
                <ns3:RunCadence>84</ns3:RunCadence>
              </ns3:TPX>
            </Extensions>
          </Trackpoint>
          <Trackpoint>
            <Time>2022-10-17T18:02:52.000Z</Time>
            <Position>
              <LatitudeDegrees>-33.39891350828111</LatitudeDegrees>
              <LongitudeDegrees>-70.53522367961705</LongitudeDegrees>
            </Position>
            <AltitudeMeters>824.7999877929688</AltitudeMeters>
            <DistanceMeters>2563.64990234375</DistanceMeters>
            <HeartRateBpm>
              <Value>130</Value>
            </HeartRateBpm>
            <Extensions>
              <ns3:TPX>
                <ns3:Speed>2.8269999027252197</ns3:Speed>
                <ns3:RunCadence>85</ns3:RunCadence>
              </ns3:TPX>
            </Extensions>
          </Trackpoint>
          <Trackpoint>
            <Time>2022-10-17T18:02:59.000Z</Time>
            <Position>
              <LatitudeDegrees>-33.39912598952651</LatitudeDegrees>
              <LongitudeDegrees>-70.53525377064943</LongitudeDegrees>
            </Position>
            <AltitudeMeters>823.2000122070312</AltitudeMeters>
            <DistanceMeters>2586.659912109375</DistanceMeters>
            <HeartRateBpm>
              <Value>129</Value>
            </HeartRateBpm>
            <Extensions>
              <ns3:TPX>
                <ns3:Speed>3.2839999198913574</ns3:Speed>
                <ns3:RunCadence>85</ns3:RunCadence>
              </ns3:TPX>
            </Extensions>
          </Trackpoint>
          <Trackpoint>
            <Time>2022-10-17T18:03:05.000Z</Time>
            <Position>
              <LatitudeDegrees>-33.39931692928076</LatitudeDegrees>
              <LongitudeDegrees>-70.53531227633357</LongitudeDegrees>
            </Position>
            <AltitudeMeters>822.7999877929688</AltitudeMeters>
            <DistanceMeters>2608.43994140625</DistanceMeters>
            <HeartRateBpm>
              <Value>127</Value>
            </HeartRateBpm>
            <Extensions>
              <ns3:TPX>
                <ns3:Speed>3.322000026702881</ns3:Speed>
                <ns3:RunCadence>86</ns3:RunCadence>
              </ns3:TPX>
            </Extensions>
          </Trackpoint>
          <Trackpoint>
            <Time>2022-10-17T18:03:11.000Z</Time>
            <Position>
              <LatitudeDegrees>-33.3994978107512</LatitudeDegrees>
              <LongitudeDegrees>-70.53536374121904</LongitudeDegrees>
            </Position>
            <AltitudeMeters>820.4000244140625</AltitudeMeters>
            <DistanceMeters>2629.110107421875</DistanceMeters>
            <HeartRateBpm>
              <Value>126</Value>
            </HeartRateBpm>
            <Extensions>
              <ns3:TPX>
                <ns3:Speed>3.38700008392334</ns3:Speed>
                <ns3:RunCadence>87</ns3:RunCadence>
              </ns3:TPX>
            </Extensions>
          </Trackpoint>
          <Trackpoint>
            <Time>2022-10-17T18:03:18.000Z</Time>
            <Position>
              <LatitudeDegrees>-33.39965597726405</LatitudeDegrees>
              <LongitudeDegrees>-70.5354212410748</LongitudeDegrees>
            </Position>
            <AltitudeMeters>818.4000244140625</AltitudeMeters>
            <DistanceMeters>2647.4599609375</DistanceMeters>
            <HeartRateBpm>
              <Value>128</Value>
            </HeartRateBpm>
            <Extensions>
              <ns3:TPX>
                <ns3:Speed>3.3959999084472656</ns3:Speed>
                <ns3:RunCadence>85</ns3:RunCadence>
              </ns3:TPX>
            </Extensions>
          </Trackpoint>
          <Trackpoint>
            <Time>2022-10-17T18:03:20.000Z</Time>
            <Position>
              <LatitudeDegrees>-33.399658408015966</LatitudeDegrees>
              <LongitudeDegrees>-70.53543046116829</LongitudeDegrees>
            </Position>
            <AltitudeMeters>818.5999755859375</AltitudeMeters>
            <DistanceMeters>2648.080078125</DistanceMeters>
            <HeartRateBpm>
              <Value>129</Value>
            </HeartRateBpm>
            <Extensions>
              <ns3:TPX>
                <ns3:Speed>3.378000020980835</ns3:Speed>
                <ns3:RunCadence>82</ns3:RunCadence>
              </ns3:TPX>
            </Extensions>
          </Trackpoint>
          <Trackpoint>
            <Time>2022-10-17T18:03:36.000Z</Time>
            <Position>
              <LatitudeDegrees>-33.39966285042465</LatitudeDegrees>
              <LongitudeDegrees>-70.5354918166995</LongitudeDegrees>
            </Position>
            <AltitudeMeters>820.2000122070312</AltitudeMeters>
            <DistanceMeters>2652.0400390625</DistanceMeters>
            <HeartRateBpm>
              <Value>126</Value>
            </HeartRateBpm>
            <Extensions>
              <ns3:TPX>
                <ns3:Speed>0.0</ns3:Speed>
                <ns3:RunCadence>0</ns3:RunCadence>
              </ns3:TPX>
            </Extensions>
          </Trackpoint>
          <Trackpoint>
            <Time>2022-10-17T18:03:40.000Z</Time>
            <Position>
              <LatitudeDegrees>-33.399664191529155</LatitudeDegrees>
              <LongitudeDegrees>-70.53548846393824</LongitudeDegrees>
            </Position>
            <AltitudeMeters>820.0</AltitudeMeters>
            <DistanceMeters>2652.6298828125</DistanceMeters>
            <HeartRateBpm>
              <Value>123</Value>
            </HeartRateBpm>
            <Extensions>
              <ns3:TPX>
                <ns3:Speed>0.0</ns3:Speed>
                <ns3:RunCadence>0</ns3:RunCadence>
              </ns3:TPX>
            </Extensions>
          </Trackpoint>
          <Trackpoint>
            <Time>2022-10-17T18:03:47.000Z</Time>
            <Position>
              <LatitudeDegrees>-33.39984683319926</LatitudeDegrees>
              <LongitudeDegrees>-70.5354888830334</LongitudeDegrees>
            </Position>
            <AltitudeMeters>816.0</AltitudeMeters>
            <DistanceMeters>2672.889892578125</DistanceMeters>
            <HeartRateBpm>
              <Value>121</Value>
            </HeartRateBpm>
            <Extensions>
              <ns3:TPX>
                <ns3:Speed>2.938999891281128</ns3:Speed>
                <ns3:RunCadence>62</ns3:RunCadence>
              </ns3:TPX>
            </Extensions>
          </Trackpoint>
          <Trackpoint>
            <Time>2022-10-17T18:03:53.000Z</Time>
            <Position>
              <LatitudeDegrees>-33.40003131888807</LatitudeDegrees>
              <LongitudeDegrees>-70.53556096740067</LongitudeDegrees>
            </Position>
            <AltitudeMeters>814.2000122070312</AltitudeMeters>
            <DistanceMeters>2694.52001953125</DistanceMeters>
            <HeartRateBpm>
              <Value>121</Value>
            </HeartRateBpm>
            <Extensions>
              <ns3:TPX>
                <ns3:Speed>3.5360000133514404</ns3:Speed>
                <ns3:RunCadence>85</ns3:RunCadence>
              </ns3:TPX>
            </Extensions>
          </Trackpoint>
          <Trackpoint>
            <Time>2022-10-17T18:03:55.000Z</Time>
            <Position>
              <LatitudeDegrees>-33.4000935126096</LatitudeDegrees>
              <LongitudeDegrees>-70.53558611311018</LongitudeDegrees>
            </Position>
            <AltitudeMeters>813.5999755859375</AltitudeMeters>
            <DistanceMeters>2699.949951171875</DistanceMeters>
            <HeartRateBpm>
              <Value>117</Value>
            </HeartRateBpm>
            <Extensions>
              <ns3:TPX>
                <ns3:Speed>2.687000036239624</ns3:Speed>
                <ns3:RunCadence>87</ns3:RunCadence>
              </ns3:TPX>
            </Extensions>
          </Trackpoint>
          <Trackpoint>
            <Time>2022-10-17T18:03:56.000Z</Time>
            <Position>
              <LatitudeDegrees>-33.40012326836586</LatitudeDegrees>
              <LongitudeDegrees>-70.53559860214591</LongitudeDegrees>
            </Position>
            <AltitudeMeters>813.2000122070312</AltitudeMeters>
            <DistanceMeters>2702.699951171875</DistanceMeters>
            <HeartRateBpm>
              <Value>111</Value>
            </HeartRateBpm>
            <Extensions>
              <ns3:TPX>
                <ns3:Speed>2.753000020980835</ns3:Speed>
                <ns3:RunCadence>86</ns3:RunCadence>
              </ns3:TPX>
            </Extensions>
          </Trackpoint>
          <Trackpoint>
            <Time>2022-10-17T18:04:02.000Z</Time>
            <Position>
              <LatitudeDegrees>-33.40029090642929</LatitudeDegrees>
              <LongitudeDegrees>-70.53571125492454</LongitudeDegrees>
            </Position>
            <AltitudeMeters>812.2000122070312</AltitudeMeters>
            <DistanceMeters>2722.8701171875</DistanceMeters>
            <HeartRateBpm>
              <Value>109</Value>
            </HeartRateBpm>
            <Extensions>
              <ns3:TPX>
                <ns3:Speed>3.6579999923706055</ns3:Speed>
                <ns3:RunCadence>87</ns3:RunCadence>
              </ns3:TPX>
            </Extensions>
          </Trackpoint>
          <Trackpoint>
            <Time>2022-10-17T18:04:08.000Z</Time>
            <Position>
              <LatitudeDegrees>-33.400438260287046</LatitudeDegrees>
              <LongitudeDegrees>-70.53578166291118</LongitudeDegrees>
            </Position>
            <AltitudeMeters>810.4000244140625</AltitudeMeters>
            <DistanceMeters>2740.469970703125</DistanceMeters>
            <HeartRateBpm>
              <Value>112</Value>
            </HeartRateBpm>
            <Extensions>
              <ns3:TPX>
                <ns3:Speed>3.23799991607666</ns3:Speed>
                <ns3:RunCadence>84</ns3:RunCadence>
              </ns3:TPX>
            </Extensions>
          </Trackpoint>
          <Trackpoint>
            <Time>2022-10-17T18:04:13.000Z</Time>
            <Position>
              <LatitudeDegrees>-33.40058066882193</LatitudeDegrees>
              <LongitudeDegrees>-70.53581309504807</LongitudeDegrees>
            </Position>
            <AltitudeMeters>808.7999877929688</AltitudeMeters>
            <DistanceMeters>2756.550048828125</DistanceMeters>
            <HeartRateBpm>
              <Value>115</Value>
            </HeartRateBpm>
            <Extensions>
              <ns3:TPX>
                <ns3:Speed>3.181999921798706</ns3:Speed>
                <ns3:RunCadence>91</ns3:RunCadence>
              </ns3:TPX>
            </Extensions>
          </Trackpoint>
          <Trackpoint>
            <Time>2022-10-17T18:04:17.000Z</Time>
            <Position>
              <LatitudeDegrees>-33.40070631355047</LatitudeDegrees>
              <LongitudeDegrees>-70.5358544178307</LongitudeDegrees>
            </Position>
            <AltitudeMeters>807.5999755859375</AltitudeMeters>
            <DistanceMeters>2771.0400390625</DistanceMeters>
            <HeartRateBpm>
              <Value>118</Value>
            </HeartRateBpm>
            <Extensions>
              <ns3:TPX>
                <ns3:Speed>3.1440000534057617</ns3:Speed>
                <ns3:RunCadence>91</ns3:RunCadence>
              </ns3:TPX>
            </Extensions>
          </Trackpoint>
          <Trackpoint>
            <Time>2022-10-17T18:04:23.000Z</Time>
            <Position>
              <LatitudeDegrees>-33.400868168100715</LatitudeDegrees>
              <LongitudeDegrees>-70.53594200871885</LongitudeDegrees>
            </Position>
            <AltitudeMeters>806.5999755859375</AltitudeMeters>
            <DistanceMeters>2791.139892578125</DistanceMeters>
            <HeartRateBpm>
              <Value>118</Value>
            </HeartRateBpm>
            <Extensions>
              <ns3:TPX>
                <ns3:Speed>3.181999921798706</ns3:Speed>
                <ns3:RunCadence>84</ns3:RunCadence>
              </ns3:TPX>
            </Extensions>
          </Trackpoint>
          <Trackpoint>
            <Time>2022-10-17T18:04:29.000Z</Time>
            <Position>
              <LatitudeDegrees>-33.40104393661022</LatitudeDegrees>
              <LongitudeDegrees>-70.53603613749146</LongitudeDegrees>
            </Position>
            <AltitudeMeters>805.0</AltitudeMeters>
            <DistanceMeters>2812.510009765625</DistanceMeters>
            <HeartRateBpm>
              <Value>119</Value>
            </HeartRateBpm>
            <Extensions>
              <ns3:TPX>
                <ns3:Speed>3.2190001010894775</ns3:Speed>
                <ns3:RunCadence>84</ns3:RunCadence>
              </ns3:TPX>
            </Extensions>
          </Trackpoint>
          <Trackpoint>
            <Time>2022-10-17T18:04:36.000Z</Time>
            <Position>
              <LatitudeDegrees>-33.401247365400195</LatitudeDegrees>
              <LongitudeDegrees>-70.53613965399563</LongitudeDegrees>
            </Position>
            <AltitudeMeters>801.4000244140625</AltitudeMeters>
            <DistanceMeters>2834.0400390625</DistanceMeters>
            <HeartRateBpm>
              <Value>117</Value>
            </HeartRateBpm>
            <Extensions>
              <ns3:TPX>
                <ns3:Speed>3.246999979019165</ns3:Speed>
                <ns3:RunCadence>86</ns3:RunCadence>
              </ns3:TPX>
            </Extensions>
          </Trackpoint>
          <Trackpoint>
            <Time>2022-10-17T18:04:40.000Z</Time>
            <Position>
              <LatitudeDegrees>-33.401361694559455</LatitudeDegrees>
              <LongitudeDegrees>-70.5361686553806</LongitudeDegrees>
            </Position>
            <AltitudeMeters>799.0</AltitudeMeters>
            <DistanceMeters>2847.050048828125</DistanceMeters>
            <HeartRateBpm>
              <Value>120</Value>
            </HeartRateBpm>
            <Extensions>
              <ns3:TPX>
                <ns3:Speed>3.2839999198913574</ns3:Speed>
                <ns3:RunCadence>85</ns3:RunCadence>
              </ns3:TPX>
            </Extensions>
          </Trackpoint>
          <Trackpoint>
            <Time>2022-10-17T18:04:46.000Z</Time>
            <Position>
              <LatitudeDegrees>-33.401508294045925</LatitudeDegrees>
              <LongitudeDegrees>-70.5362883489579</LongitudeDegrees>
            </Position>
            <AltitudeMeters>797.2000122070312</AltitudeMeters>
            <DistanceMeters>2867.10009765625</DistanceMeters>
            <HeartRateBpm>
              <Value>121</Value>
            </HeartRateBpm>
            <Extensions>
              <ns3:TPX>
                <ns3:Speed>3.322000026702881</ns3:Speed>
                <ns3:RunCadence>83</ns3:RunCadence>
              </ns3:TPX>
            </Extensions>
          </Trackpoint>
          <Trackpoint>
            <Time>2022-10-17T18:04:53.000Z</Time>
            <Position>
              <LatitudeDegrees>-33.40167660266161</LatitudeDegrees>
              <LongitudeDegrees>-70.53641089238226</LongitudeDegrees>
            </Position>
            <AltitudeMeters>795.2000122070312</AltitudeMeters>
            <DistanceMeters>2889.030029296875</DistanceMeters>
            <HeartRateBpm>
              <Value>122</Value>
            </HeartRateBpm>
            <Extensions>
              <ns3:TPX>
                <ns3:Speed>3.3399999141693115</ns3:Speed>
                <ns3:RunCadence>85</ns3:RunCadence>
              </ns3:TPX>
            </Extensions>
          </Trackpoint>
          <Trackpoint>
            <Time>2022-10-17T18:04:59.000Z</Time>
            <Position>
              <LatitudeDegrees>-33.40182814747095</LatitudeDegrees>
              <LongitudeDegrees>-70.53655506111681</LongitudeDegrees>
            </Position>
            <AltitudeMeters>794.2000122070312</AltitudeMeters>
            <DistanceMeters>2910.47998046875</DistanceMeters>
            <HeartRateBpm>
              <Value>121</Value>
            </HeartRateBpm>
            <Extensions>
              <ns3:TPX>
                <ns3:Speed>3.312000036239624</ns3:Speed>
                <ns3:RunCadence>85</ns3:RunCadence>
              </ns3:TPX>
            </Extensions>
          </Trackpoint>
          <Trackpoint>
            <Time>2022-10-17T18:05:07.000Z</Time>
            <Position>
              <LatitudeDegrees>-33.40200383216143</LatitudeDegrees>
              <LongitudeDegrees>-70.53668472915888</LongitudeDegrees>
            </Position>
            <AltitudeMeters>791.4000244140625</AltitudeMeters>
            <DistanceMeters>2933.280029296875</DistanceMeters>
            <HeartRateBpm>
              <Value>120</Value>
            </HeartRateBpm>
            <Extensions>
              <ns3:TPX>
                <ns3:Speed>3.2750000953674316</ns3:Speed>
                <ns3:RunCadence>87</ns3:RunCadence>
              </ns3:TPX>
            </Extensions>
          </Trackpoint>
          <Trackpoint>
            <Time>2022-10-17T18:05:13.000Z</Time>
            <Position>
              <LatitudeDegrees>-33.40218680910766</LatitudeDegrees>
              <LongitudeDegrees>-70.53680400364101</LongitudeDegrees>
            </Position>
            <AltitudeMeters>788.0</AltitudeMeters>
            <DistanceMeters>2956.4599609375</DistanceMeters>
            <HeartRateBpm>
              <Value>117</Value>
            </HeartRateBpm>
            <Extensions>
              <ns3:TPX>
                <ns3:Speed>3.181999921798706</ns3:Speed>
                <ns3:RunCadence>87</ns3:RunCadence>
              </ns3:TPX>
            </Extensions>
          </Trackpoint>
          <Trackpoint>
            <Time>2022-10-17T18:05:16.000Z</Time>
            <Position>
              <LatitudeDegrees>-33.40225805528462</LatitudeDegrees>
              <LongitudeDegrees>-70.53689360618591</LongitudeDegrees>
            </Position>
            <AltitudeMeters>787.5999755859375</AltitudeMeters>
            <DistanceMeters>2967.8701171875</DistanceMeters>
            <HeartRateBpm>
              <Value>120</Value>
            </HeartRateBpm>
            <Extensions>
              <ns3:TPX>
                <ns3:Speed>3.2100000381469727</ns3:Speed>
                <ns3:RunCadence>84</ns3:RunCadence>
              </ns3:TPX>
            </Extensions>
          </Trackpoint>
          <Trackpoint>
            <Time>2022-10-17T18:05:23.000Z</Time>
            <Position>
              <LatitudeDegrees>-33.40242753736675</LatitudeDegrees>
              <LongitudeDegrees>-70.53704900667071</LongitudeDegrees>
            </Position>
            <AltitudeMeters>785.5999755859375</AltitudeMeters>
            <DistanceMeters>2991.39990234375</DistanceMeters>
            <HeartRateBpm>
              <Value>119</Value>
            </HeartRateBpm>
            <Extensions>
              <ns3:TPX>
                <ns3:Speed>3.3310000896453857</ns3:Speed>
                <ns3:RunCadence>86</ns3:RunCadence>
              </ns3:TPX>
            </Extensions>
          </Trackpoint>
          <Trackpoint>
            <Time>2022-10-17T18:05:25.000Z</Time>
            <Position>
              <LatitudeDegrees>-33.40246232226491</LatitudeDegrees>
              <LongitudeDegrees>-70.5371065903455</LongitudeDegrees>
            </Position>
            <AltitudeMeters>785.5999755859375</AltitudeMeters>
            <DistanceMeters>2998.0</DistanceMeters>
            <HeartRateBpm>
              <Value>119</Value>
            </HeartRateBpm>
            <Extensions>
              <ns3:TPX>
                <ns3:Speed>3.3499999046325684</ns3:Speed>
                <ns3:RunCadence>82</ns3:RunCadence>
              </ns3:TPX>
            </Extensions>
          </Trackpoint>
          <Trackpoint>
            <Time>2022-10-17T18:05:34.000Z</Time>
            <Position>
              <LatitudeDegrees>-33.40263934805989</LatitudeDegrees>
              <LongitudeDegrees>-70.53714917041361</LongitudeDegrees>
            </Position>
            <AltitudeMeters>781.0</AltitudeMeters>
            <DistanceMeters>3020.39990234375</DistanceMeters>
            <HeartRateBpm>
              <Value>118</Value>
            </HeartRateBpm>
            <Extensions>
              <ns3:TPX>
                <ns3:Speed>3.2939999103546143</ns3:Speed>
                <ns3:RunCadence>83</ns3:RunCadence>
              </ns3:TPX>
            </Extensions>
          </Trackpoint>
          <Trackpoint>
            <Time>2022-10-17T18:05:36.000Z</Time>
            <Position>
              <LatitudeDegrees>-33.402691232040524</LatitudeDegrees>
              <LongitudeDegrees>-70.53718823008239</LongitudeDegrees>
            </Position>
            <AltitudeMeters>780.0</AltitudeMeters>
            <DistanceMeters>3027.199951171875</DistanceMeters>
            <HeartRateBpm>
              <Value>118</Value>
            </HeartRateBpm>
            <Extensions>
              <ns3:TPX>
                <ns3:Speed>3.2279999256134033</ns3:Speed>
                <ns3:RunCadence>88</ns3:RunCadence>
              </ns3:TPX>
            </Extensions>
          </Trackpoint>
          <Trackpoint>
            <Time>2022-10-17T18:05:41.000Z</Time>
            <Position>
              <LatitudeDegrees>-33.40281553566456</LatitudeDegrees>
              <LongitudeDegrees>-70.5372931715101</LongitudeDegrees>
            </Position>
            <AltitudeMeters>776.7999877929688</AltitudeMeters>
            <DistanceMeters>3044.070068359375</DistanceMeters>
            <HeartRateBpm>
              <Value>121</Value>
            </HeartRateBpm>
            <Extensions>
              <ns3:TPX>
                <ns3:Speed>3.125999927520752</ns3:Speed>
                <ns3:RunCadence>88</ns3:RunCadence>
              </ns3:TPX>
            </Extensions>
          </Trackpoint>
          <Trackpoint>
            <Time>2022-10-17T18:05:42.000Z</Time>
            <Position>
              <LatitudeDegrees>-33.40284202247858</LatitudeDegrees>
              <LongitudeDegrees>-70.53730113431811</LongitudeDegrees>
            </Position>
            <AltitudeMeters>776.2000122070312</AltitudeMeters>
            <DistanceMeters>3047.06005859375</DistanceMeters>
            <HeartRateBpm>
              <Value>121</Value>
            </HeartRateBpm>
            <Extensions>
              <ns3:TPX>
                <ns3:Speed>3.125999927520752</ns3:Speed>
                <ns3:RunCadence>86</ns3:RunCadence>
              </ns3:TPX>
            </Extensions>
          </Trackpoint>
          <Trackpoint>
            <Time>2022-10-17T18:05:49.000Z</Time>
            <Position>
              <LatitudeDegrees>-33.40302122756839</LatitudeDegrees>
              <LongitudeDegrees>-70.53724681958556</LongitudeDegrees>
            </Position>
            <AltitudeMeters>772.2000122070312</AltitudeMeters>
            <DistanceMeters>3067.719970703125</DistanceMeters>
            <HeartRateBpm>
              <Value>123</Value>
            </HeartRateBpm>
            <Extensions>
              <ns3:TPX>
                <ns3:Speed>3.125999927520752</ns3:Speed>
                <ns3:RunCadence>87</ns3:RunCadence>
              </ns3:TPX>
            </Extensions>
          </Trackpoint>
          <Trackpoint>
            <Time>2022-10-17T18:05:51.000Z</Time>
            <Position>
              <LatitudeDegrees>-33.40307638049126</LatitudeDegrees>
              <LongitudeDegrees>-70.5372899863869</LongitudeDegrees>
            </Position>
            <AltitudeMeters>770.7999877929688</AltitudeMeters>
            <DistanceMeters>3075.030029296875</DistanceMeters>
            <HeartRateBpm>
              <Value>123</Value>
            </HeartRateBpm>
            <Extensions>
              <ns3:TPX>
                <ns3:Speed>3.125999927520752</ns3:Speed>
                <ns3:RunCadence>91</ns3:RunCadence>
              </ns3:TPX>
            </Extensions>
          </Trackpoint>
          <Trackpoint>
            <Time>2022-10-17T18:05:53.000Z</Time>
            <Position>
              <LatitudeDegrees>-33.40312725864351</LatitudeDegrees>
              <LongitudeDegrees>-70.53731362335384</LongitudeDegrees>
            </Position>
            <AltitudeMeters>769.5999755859375</AltitudeMeters>
            <DistanceMeters>3081.06005859375</DistanceMeters>
            <HeartRateBpm>
              <Value>123</Value>
            </HeartRateBpm>
            <Extensions>
              <ns3:TPX>
                <ns3:Speed>3.125999927520752</ns3:Speed>
                <ns3:RunCadence>91</ns3:RunCadence>
              </ns3:TPX>
            </Extensions>
          </Trackpoint>
          <Trackpoint>
            <Time>2022-10-17T18:05:57.000Z</Time>
            <Position>
              <LatitudeDegrees>-33.40323781594634</LatitudeDegrees>
              <LongitudeDegrees>-70.5373362544924</LongitudeDegrees>
            </Position>
            <AltitudeMeters>767.0</AltitudeMeters>
            <DistanceMeters>3093.5</DistanceMeters>
            <HeartRateBpm>
              <Value>124</Value>
            </HeartRateBpm>
            <Extensions>
              <ns3:TPX>
                <ns3:Speed>3.1440000534057617</ns3:Speed>
                <ns3:RunCadence>84</ns3:RunCadence>
              </ns3:TPX>
            </Extensions>
          </Trackpoint>
          <Trackpoint>
            <Time>2022-10-17T18:06:03.000Z</Time>
            <Position>
              <LatitudeDegrees>-33.40339330025017</LatitudeDegrees>
              <LongitudeDegrees>-70.53743884898722</LongitudeDegrees>
            </Position>
            <AltitudeMeters>763.0</AltitudeMeters>
            <DistanceMeters>3114.070068359375</DistanceMeters>
            <HeartRateBpm>
              <Value>123</Value>
            </HeartRateBpm>
            <Extensions>
              <ns3:TPX>
                <ns3:Speed>3.1440000534057617</ns3:Speed>
                <ns3:RunCadence>84</ns3:RunCadence>
              </ns3:TPX>
            </Extensions>
          </Trackpoint>
          <Trackpoint>
            <Time>2022-10-17T18:06:06.000Z</Time>
            <Position>
              <LatitudeDegrees>-33.40343085117638</LatitudeDegrees>
              <LongitudeDegrees>-70.53755309432745</LongitudeDegrees>
            </Position>
            <AltitudeMeters>761.7999877929688</AltitudeMeters>
            <DistanceMeters>3125.489990234375</DistanceMeters>
            <HeartRateBpm>
              <Value>120</Value>
            </HeartRateBpm>
            <Extensions>
              <ns3:TPX>
                <ns3:Speed>3.1540000438690186</ns3:Speed>
                <ns3:RunCadence>82</ns3:RunCadence>
              </ns3:TPX>
            </Extensions>
          </Trackpoint>
          <Trackpoint>
            <Time>2022-10-17T18:06:13.000Z</Time>
            <Position>
              <LatitudeDegrees>-33.4034869261086</LatitudeDegrees>
              <LongitudeDegrees>-70.53778175264597</LongitudeDegrees>
            </Position>
            <AltitudeMeters>759.7999877929688</AltitudeMeters>
            <DistanceMeters>3147.580078125</DistanceMeters>
            <HeartRateBpm>
              <Value>118</Value>
            </HeartRateBpm>
            <Extensions>
              <ns3:TPX>
                <ns3:Speed>3.25600004196167</ns3:Speed>
                <ns3:RunCadence>83</ns3:RunCadence>
              </ns3:TPX>
            </Extensions>
          </Trackpoint>
          <Trackpoint>
            <Time>2022-10-17T18:06:20.000Z</Time>
            <Position>
              <LatitudeDegrees>-33.40363645926118</LatitudeDegrees>
              <LongitudeDegrees>-70.53793799132109</LongitudeDegrees>
            </Position>
            <AltitudeMeters>758.0</AltitudeMeters>
            <DistanceMeters>3169.830078125</DistanceMeters>
            <HeartRateBpm>
              <Value>118</Value>
            </HeartRateBpm>
            <Extensions>
              <ns3:TPX>
                <ns3:Speed>3.246999979019165</ns3:Speed>
                <ns3:RunCadence>86</ns3:RunCadence>
              </ns3:TPX>
            </Extensions>
          </Trackpoint>
          <Trackpoint>
            <Time>2022-10-17T18:06:26.000Z</Time>
            <Position>
              <LatitudeDegrees>-33.40374500490725</LatitudeDegrees>
              <LongitudeDegrees>-70.53812951780856</LongitudeDegrees>
            </Position>
            <AltitudeMeters>756.0</AltitudeMeters>
            <DistanceMeters>3191.489990234375</DistanceMeters>
            <HeartRateBpm>
              <Value>121</Value>
            </HeartRateBpm>
            <Extensions>
              <ns3:TPX>
                <ns3:Speed>3.23799991607666</ns3:Speed>
                <ns3:RunCadence>85</ns3:RunCadence>
              </ns3:TPX>
            </Extensions>
          </Trackpoint>
          <Trackpoint>
            <Time>2022-10-17T18:06:29.000Z</Time>
            <Position>
              <LatitudeDegrees>-33.403757996857166</LatitudeDegrees>
              <LongitudeDegrees>-70.53825784474611</LongitudeDegrees>
            </Position>
            <AltitudeMeters>754.7999877929688</AltitudeMeters>
            <DistanceMeters>3203.429931640625</DistanceMeters>
            <HeartRateBpm>
              <Value>123</Value>
            </HeartRateBpm>
            <Extensions>
              <ns3:TPX>
                <ns3:Speed>3.25600004196167</ns3:Speed>
                <ns3:RunCadence>87</ns3:RunCadence>
              </ns3:TPX>
            </Extensions>
          </Trackpoint>
          <Trackpoint>
            <Time>2022-10-17T18:06:36.000Z</Time>
            <Position>
              <LatitudeDegrees>-33.40368574485183</LatitudeDegrees>
              <LongitudeDegrees>-70.53851910866797</LongitudeDegrees>
            </Position>
            <AltitudeMeters>752.7999877929688</AltitudeMeters>
            <DistanceMeters>3225.3701171875</DistanceMeters>
            <HeartRateBpm>
              <Value>123</Value>
            </HeartRateBpm>
            <Extensions>
              <ns3:TPX>
                <ns3:Speed>2.7809998989105225</ns3:Speed>
                <ns3:RunCadence>85</ns3:RunCadence>
              </ns3:TPX>
            </Extensions>
          </Trackpoint>
          <Trackpoint>
            <Time>2022-10-17T18:06:42.000Z</Time>
            <Position>
              <LatitudeDegrees>-33.40370066463947</LatitudeDegrees>
              <LongitudeDegrees>-70.53870719857514</LongitudeDegrees>
            </Position>
            <AltitudeMeters>751.0</AltitudeMeters>
            <DistanceMeters>3242.969970703125</DistanceMeters>
            <HeartRateBpm>
              <Value>123</Value>
            </HeartRateBpm>
            <Extensions>
              <ns3:TPX>
                <ns3:Speed>3.3589999675750732</ns3:Speed>
                <ns3:RunCadence>88</ns3:RunCadence>
              </ns3:TPX>
            </Extensions>
          </Trackpoint>
          <Trackpoint>
            <Time>2022-10-17T18:06:46.000Z</Time>
            <Position>
              <LatitudeDegrees>-33.403692031279206</LatitudeDegrees>
              <LongitudeDegrees>-70.53870728239417</LongitudeDegrees>
            </Position>
            <AltitudeMeters>751.0</AltitudeMeters>
            <DistanceMeters>3246.4599609375</DistanceMeters>
            <HeartRateBpm>
              <Value>122</Value>
            </HeartRateBpm>
            <Extensions>
              <ns3:TPX>
                <ns3:Speed>3.3399999141693115</ns3:Speed>
                <ns3:RunCadence>77</ns3:RunCadence>
              </ns3:TPX>
            </Extensions>
          </Trackpoint>
          <Trackpoint>
            <Time>2022-10-17T18:06:48.000Z</Time>
            <Position>
              <LatitudeDegrees>-33.40369278565049</LatitudeDegrees>
              <LongitudeDegrees>-70.53870510309935</LongitudeDegrees>
            </Position>
            <AltitudeMeters>751.0</AltitudeMeters>
            <DistanceMeters>3246.590087890625</DistanceMeters>
            <HeartRateBpm>
              <Value>122</Value>
            </HeartRateBpm>
            <Extensions>
              <ns3:TPX>
                <ns3:Speed>3.2839999198913574</ns3:Speed>
                <ns3:RunCadence>77</ns3:RunCadence>
              </ns3:TPX>
            </Extensions>
          </Trackpoint>
          <Trackpoint>
            <Time>2022-10-17T18:06:52.000Z</Time>
            <Position>
              <LatitudeDegrees>-33.40368155390024</LatitudeDegrees>
              <LongitudeDegrees>-70.53870082832873</LongitudeDegrees>
            </Position>
            <AltitudeMeters>751.2000122070312</AltitudeMeters>
            <DistanceMeters>3247.85009765625</DistanceMeters>
            <HeartRateBpm>
              <Value>119</Value>
            </HeartRateBpm>
            <Extensions>
              <ns3:TPX>
                <ns3:Speed>0.0</ns3:Speed>
                <ns3:RunCadence>0</ns3:RunCadence>
              </ns3:TPX>
            </Extensions>
          </Trackpoint>
          <Trackpoint>
            <Time>2022-10-17T18:07:01.000Z</Time>
            <Position>
              <LatitudeDegrees>-33.40367811731994</LatitudeDegrees>
              <LongitudeDegrees>-70.53870216943324</LongitudeDegrees>
            </Position>
            <AltitudeMeters>751.2000122070312</AltitudeMeters>
            <DistanceMeters>3248.39990234375</DistanceMeters>
            <HeartRateBpm>
              <Value>123</Value>
            </HeartRateBpm>
            <Extensions>
              <ns3:TPX>
                <ns3:Speed>0.0</ns3:Speed>
                <ns3:RunCadence>0</ns3:RunCadence>
              </ns3:TPX>
            </Extensions>
          </Trackpoint>
          <Trackpoint>
            <Time>2022-10-17T18:07:07.000Z</Time>
            <Position>
              <LatitudeDegrees>-33.40367836877704</LatitudeDegrees>
              <LongitudeDegrees>-70.53868615999818</LongitudeDegrees>
            </Position>
            <AltitudeMeters>751.4000244140625</AltitudeMeters>
            <DistanceMeters>3250.22998046875</DistanceMeters>
            <HeartRateBpm>
              <Value>126</Value>
            </HeartRateBpm>
            <Extensions>
              <ns3:TPX>
                <ns3:Speed>0.0</ns3:Speed>
                <ns3:RunCadence>60</ns3:RunCadence>
              </ns3:TPX>
            </Extensions>
          </Trackpoint>
          <Trackpoint>
            <Time>2022-10-17T18:07:30.000Z</Time>
            <Position>
              <LatitudeDegrees>-33.40367459692061</LatitudeDegrees>
              <LongitudeDegrees>-70.53845498710871</LongitudeDegrees>
            </Position>
            <AltitudeMeters>753.5999755859375</AltitudeMeters>
            <DistanceMeters>3272.4599609375</DistanceMeters>
            <HeartRateBpm>
              <Value>126</Value>
            </HeartRateBpm>
            <Extensions>
              <ns3:TPX>
                <ns3:Speed>2.6410000324249268</ns3:Speed>
                <ns3:RunCadence>83</ns3:RunCadence>
              </ns3:TPX>
            </Extensions>
          </Trackpoint>
          <Trackpoint>
            <Time>2022-10-17T18:07:35.000Z</Time>
            <Position>
              <LatitudeDegrees>-33.40370477177203</LatitudeDegrees>
              <LongitudeDegrees>-70.53829791024327</LongitudeDegrees>
            </Position>
            <AltitudeMeters>754.7999877929688</AltitudeMeters>
            <DistanceMeters>3285.760009765625</DistanceMeters>
            <HeartRateBpm>
              <Value>130</Value>
            </HeartRateBpm>
            <Extensions>
              <ns3:TPX>
                <ns3:Speed>2.6500000953674316</ns3:Speed>
                <ns3:RunCadence>83</ns3:RunCadence>
              </ns3:TPX>
            </Extensions>
          </Trackpoint>
          <Trackpoint>
            <Time>2022-10-17T18:07:42.000Z</Time>
            <Position>
              <LatitudeDegrees>-33.40361122973263</LatitudeDegrees>
              <LongitudeDegrees>-70.53808727301657</LongitudeDegrees>
            </Position>
            <AltitudeMeters>757.4000244140625</AltitudeMeters>
            <DistanceMeters>3307.8798828125</DistanceMeters>
            <HeartRateBpm>
              <Value>133</Value>
            </HeartRateBpm>
            <Extensions>
              <ns3:TPX>
                <ns3:Speed>3.302999973297119</ns3:Speed>
                <ns3:RunCadence>86</ns3:RunCadence>
              </ns3:TPX>
            </Extensions>
          </Trackpoint>
          <Trackpoint>
            <Time>2022-10-17T18:07:47.000Z</Time>
            <Position>
              <LatitudeDegrees>-33.40352640487254</LatitudeDegrees>
              <LongitudeDegrees>-70.53798099048436</LongitudeDegrees>
            </Position>
            <AltitudeMeters>758.7999877929688</AltitudeMeters>
            <DistanceMeters>3321.52001953125</DistanceMeters>
            <HeartRateBpm>
              <Value>129</Value>
            </HeartRateBpm>
            <Extensions>
              <ns3:TPX>
                <ns3:Speed>3.0789999961853027</ns3:Speed>
                <ns3:RunCadence>83</ns3:RunCadence>
              </ns3:TPX>
            </Extensions>
          </Trackpoint>
          <Trackpoint>
            <Time>2022-10-17T18:07:49.000Z</Time>
            <Position>
              <LatitudeDegrees>-33.40350377373397</LatitudeDegrees>
              <LongitudeDegrees>-70.5379514861852</LongitudeDegrees>
            </Position>
            <AltitudeMeters>759.0</AltitudeMeters>
            <DistanceMeters>3325.10009765625</DistanceMeters>
            <HeartRateBpm>
              <Value>126</Value>
            </HeartRateBpm>
            <Extensions>
              <ns3:TPX>
                <ns3:Speed>3.0880000591278076</ns3:Speed>
                <ns3:RunCadence>82</ns3:RunCadence>
              </ns3:TPX>
            </Extensions>
          </Trackpoint>
          <Trackpoint>
            <Time>2022-10-17T18:07:57.000Z</Time>
            <Position>
              <LatitudeDegrees>-33.403418278321624</LatitudeDegrees>
              <LongitudeDegrees>-70.537871690467</LongitudeDegrees>
            </Position>
            <AltitudeMeters>761.0</AltitudeMeters>
            <DistanceMeters>3337.760009765625</DistanceMeters>
            <HeartRateBpm>
              <Value>128</Value>
            </HeartRateBpm>
            <Extensions>
              <ns3:TPX>
                <ns3:Speed>2.7990000247955322</ns3:Speed>
                <ns3:RunCadence>67</ns3:RunCadence>
              </ns3:TPX>
            </Extensions>
          </Trackpoint>
          <Trackpoint>
            <Time>2022-10-17T18:08:03.000Z</Time>
            <Position>
              <LatitudeDegrees>-33.40338634327054</LatitudeDegrees>
              <LongitudeDegrees>-70.53777060471475</LongitudeDegrees>
            </Position>
            <AltitudeMeters>762.0</AltitudeMeters>
            <DistanceMeters>3347.860107421875</DistanceMeters>
            <HeartRateBpm>
              <Value>131</Value>
            </HeartRateBpm>
            <Extensions>
              <ns3:TPX>
                <ns3:Speed>2.4820001125335693</ns3:Speed>
                <ns3:RunCadence>72</ns3:RunCadence>
              </ns3:TPX>
            </Extensions>
          </Trackpoint>
          <Trackpoint>
            <Time>2022-10-17T18:08:05.000Z</Time>
            <Position>
              <LatitudeDegrees>-33.403373351320624</LatitudeDegrees>
              <LongitudeDegrees>-70.53772894665599</LongitudeDegrees>
            </Position>
            <AltitudeMeters>762.5999755859375</AltitudeMeters>
            <DistanceMeters>3351.989990234375</DistanceMeters>
            <HeartRateBpm>
              <Value>134</Value>
            </HeartRateBpm>
            <Extensions>
              <ns3:TPX>
                <ns3:Speed>2.3889999389648438</ns3:Speed>
                <ns3:RunCadence>68</ns3:RunCadence>
              </ns3:TPX>
            </Extensions>
          </Trackpoint>
          <Trackpoint>
            <Time>2022-10-17T18:08:09.000Z</Time>
            <Position>
              <LatitudeDegrees>-33.40334326028824</LatitudeDegrees>
              <LongitudeDegrees>-70.53764278069139</LongitudeDegrees>
            </Position>
            <AltitudeMeters>763.5999755859375</AltitudeMeters>
            <DistanceMeters>3360.610107421875</DistanceMeters>
            <HeartRateBpm>
              <Value>137</Value>
            </HeartRateBpm>
            <Extensions>
              <ns3:TPX>
                <ns3:Speed>2.2300000190734863</ns3:Speed>
                <ns3:RunCadence>70</ns3:RunCadence>
              </ns3:TPX>
            </Extensions>
          </Trackpoint>
          <Trackpoint>
            <Time>2022-10-17T18:08:11.000Z</Time>
            <Position>
              <LatitudeDegrees>-33.40332666411996</LatitudeDegrees>
              <LongitudeDegrees>-70.53760648705065</LongitudeDegrees>
            </Position>
            <AltitudeMeters>764.0</AltitudeMeters>
            <DistanceMeters>3364.409912109375</DistanceMeters>
            <HeartRateBpm>
              <Value>140</Value>
            </HeartRateBpm>
            <Extensions>
              <ns3:TPX>
                <ns3:Speed>2.183000087738037</ns3:Speed>
                <ns3:RunCadence>74</ns3:RunCadence>
              </ns3:TPX>
            </Extensions>
          </Trackpoint>
          <Trackpoint>
            <Time>2022-10-17T18:08:17.000Z</Time>
            <Position>
              <LatitudeDegrees>-33.40326472185552</LatitudeDegrees>
              <LongitudeDegrees>-70.53747874684632</LongitudeDegrees>
            </Position>
            <AltitudeMeters>765.7999877929688</AltitudeMeters>
            <DistanceMeters>3378.909912109375</DistanceMeters>
            <HeartRateBpm>
              <Value>143</Value>
            </HeartRateBpm>
            <Extensions>
              <ns3:TPX>
                <ns3:Speed>2.1459999084472656</ns3:Speed>
                <ns3:RunCadence>74</ns3:RunCadence>
              </ns3:TPX>
            </Extensions>
          </Trackpoint>
          <Trackpoint>
            <Time>2022-10-17T18:08:28.000Z</Time>
            <Position>
              <LatitudeDegrees>-33.40308886952698</LatitudeDegrees>
              <LongitudeDegrees>-70.53740791976452</LongitudeDegrees>
            </Position>
            <AltitudeMeters>770.2000122070312</AltitudeMeters>
            <DistanceMeters>3399.860107421875</DistanceMeters>
            <HeartRateBpm>
              <Value>142</Value>
            </HeartRateBpm>
            <Extensions>
              <ns3:TPX>
                <ns3:Speed>2.0810000896453857</ns3:Speed>
                <ns3:RunCadence>69</ns3:RunCadence>
              </ns3:TPX>
            </Extensions>
          </Trackpoint>
          <Trackpoint>
            <Time>2022-10-17T18:08:33.000Z</Time>
            <Position>
              <LatitudeDegrees>-33.4030239097774</LatitudeDegrees>
              <LongitudeDegrees>-70.53740800358355</LongitudeDegrees>
            </Position>
            <AltitudeMeters>771.5999755859375</AltitudeMeters>
            <DistanceMeters>3407.080078125</DistanceMeters>
            <HeartRateBpm>
              <Value>144</Value>
            </HeartRateBpm>
            <Extensions>
              <ns3:TPX>
                <ns3:Speed>2.00600004196167</ns3:Speed>
                <ns3:RunCadence>62</ns3:RunCadence>
              </ns3:TPX>
            </Extensions>
          </Trackpoint>
          <Trackpoint>
            <Time>2022-10-17T18:08:40.000Z</Time>
            <Position>
              <LatitudeDegrees>-33.40293304994702</LatitudeDegrees>
              <LongitudeDegrees>-70.53737204521894</LongitudeDegrees>
            </Position>
            <AltitudeMeters>773.7999877929688</AltitudeMeters>
            <DistanceMeters>3417.760009765625</DistanceMeters>
            <HeartRateBpm>
              <Value>144</Value>
            </HeartRateBpm>
            <Extensions>
              <ns3:TPX>
                <ns3:Speed>1.847000002861023</ns3:Speed>
                <ns3:RunCadence>115</ns3:RunCadence>
              </ns3:TPX>
            </Extensions>
          </Trackpoint>
          <Trackpoint>
            <Time>2022-10-17T18:08:47.000Z</Time>
            <Position>
              <LatitudeDegrees>-33.40284537523985</LatitudeDegrees>
              <LongitudeDegrees>-70.53738771937788</LongitudeDegrees>
            </Position>
            <AltitudeMeters>775.7999877929688</AltitudeMeters>
            <DistanceMeters>3427.570068359375</DistanceMeters>
            <HeartRateBpm>
              <Value>147</Value>
            </HeartRateBpm>
            <Extensions>
              <ns3:TPX>
                <ns3:Speed>1.7170000076293945</ns3:Speed>
                <ns3:RunCadence>62</ns3:RunCadence>
              </ns3:TPX>
            </Extensions>
          </Trackpoint>
          <Trackpoint>
            <Time>2022-10-17T18:09:00.000Z</Time>
            <Position>
              <LatitudeDegrees>-33.402693662792444</LatitudeDegrees>
              <LongitudeDegrees>-70.53732577711344</LongitudeDegrees>
            </Position>
            <AltitudeMeters>779.4000244140625</AltitudeMeters>
            <DistanceMeters>3445.60009765625</DistanceMeters>
            <HeartRateBpm>
              <Value>147</Value>
            </HeartRateBpm>
            <Extensions>
              <ns3:TPX>
                <ns3:Speed>1.5299999713897705</ns3:Speed>
                <ns3:RunCadence>59</ns3:RunCadence>
              </ns3:TPX>
            </Extensions>
          </Trackpoint>
          <Trackpoint>
            <Time>2022-10-17T18:09:02.000Z</Time>
            <Position>
              <LatitudeDegrees>-33.40266994200647</LatitudeDegrees>
              <LongitudeDegrees>-70.53730976767838</LongitudeDegrees>
            </Position>
            <AltitudeMeters>780.0</AltitudeMeters>
            <DistanceMeters>3448.6201171875</DistanceMeters>
            <HeartRateBpm>
              <Value>147</Value>
            </HeartRateBpm>
            <Extensions>
              <ns3:TPX>
                <ns3:Speed>1.5119999647140503</ns3:Speed>
                <ns3:RunCadence>59</ns3:RunCadence>
              </ns3:TPX>
            </Extensions>
          </Trackpoint>
          <Trackpoint>
            <Time>2022-10-17T18:09:16.000Z</Time>
            <Position>
              <LatitudeDegrees>-33.402495346963406</LatitudeDegrees>
              <LongitudeDegrees>-70.53727422840893</LongitudeDegrees>
            </Position>
            <AltitudeMeters>785.5999755859375</AltitudeMeters>
            <DistanceMeters>3469.239990234375</DistanceMeters>
            <HeartRateBpm>
              <Value>148</Value>
            </HeartRateBpm>
            <Extensions>
              <ns3:TPX>
                <ns3:Speed>1.4839999675750732</ns3:Speed>
                <ns3:RunCadence>59</ns3:RunCadence>
              </ns3:TPX>
            </Extensions>
          </Trackpoint>
          <Trackpoint>
            <Time>2022-10-17T18:09:25.000Z</Time>
            <Position>
              <LatitudeDegrees>-33.402344388887286</LatitudeDegrees>
              <LongitudeDegrees>-70.53715294227004</LongitudeDegrees>
            </Position>
            <AltitudeMeters>790.4000244140625</AltitudeMeters>
            <DistanceMeters>3490.320068359375</DistanceMeters>
            <HeartRateBpm>
              <Value>148</Value>
            </HeartRateBpm>
            <Extensions>
              <ns3:TPX>
                <ns3:Speed>1.4930000305175781</ns3:Speed>
                <ns3:RunCadence>72</ns3:RunCadence>
              </ns3:TPX>
            </Extensions>
          </Trackpoint>
          <Trackpoint>
            <Time>2022-10-17T18:09:33.000Z</Time>
            <Position>
              <LatitudeDegrees>-33.40218203142285</LatitudeDegrees>
              <LongitudeDegrees>-70.53701003082097</LongitudeDegrees>
            </Position>
            <AltitudeMeters>792.5999755859375</AltitudeMeters>
            <DistanceMeters>3510.5</DistanceMeters>
            <HeartRateBpm>
              <Value>149</Value>
            </HeartRateBpm>
            <Extensions>
              <ns3:TPX>
                <ns3:Speed>1.6330000162124634</ns3:Speed>
                <ns3:RunCadence>80</ns3:RunCadence>
              </ns3:TPX>
            </Extensions>
          </Trackpoint>
          <Trackpoint>
            <Time>2022-10-17T18:09:36.000Z</Time>
            <Position>
              <LatitudeDegrees>-33.402122519910336</LatitudeDegrees>
              <LongitudeDegrees>-70.53696636110544</LongitudeDegrees>
            </Position>
            <AltitudeMeters>793.5999755859375</AltitudeMeters>
            <DistanceMeters>3518.360107421875</DistanceMeters>
            <HeartRateBpm>
              <Value>146</Value>
            </HeartRateBpm>
            <Extensions>
              <ns3:TPX>
                <ns3:Speed>1.781999945640564</ns3:Speed>
                <ns3:RunCadence>79</ns3:RunCadence>
              </ns3:TPX>
            </Extensions>
          </Trackpoint>
          <Trackpoint>
            <Time>2022-10-17T18:09:44.000Z</Time>
            <Position>
              <LatitudeDegrees>-33.40197524987161</LatitudeDegrees>
              <LongitudeDegrees>-70.53682127036154</LongitudeDegrees>
            </Position>
            <AltitudeMeters>795.2000122070312</AltitudeMeters>
            <DistanceMeters>3539.68994140625</DistanceMeters>
            <HeartRateBpm>
              <Value>146</Value>
            </HeartRateBpm>
            <Extensions>
              <ns3:TPX>
                <ns3:Speed>2.118000030517578</ns3:Speed>
                <ns3:RunCadence>80</ns3:RunCadence>
              </ns3:TPX>
            </Extensions>
          </Trackpoint>
          <Trackpoint>
            <Time>2022-10-17T18:09:46.000Z</Time>
            <Position>
              <LatitudeDegrees>-33.40194440446794</LatitudeDegrees>
              <LongitudeDegrees>-70.53680492565036</LongitudeDegrees>
            </Position>
            <AltitudeMeters>796.0</AltitudeMeters>
            <DistanceMeters>3543.449951171875</DistanceMeters>
            <HeartRateBpm>
              <Value>147</Value>
            </HeartRateBpm>
            <Extensions>
              <ns3:TPX>
                <ns3:Speed>2.1740000247955322</ns3:Speed>
                <ns3:RunCadence>79</ns3:RunCadence>
              </ns3:TPX>
            </Extensions>
          </Trackpoint>
          <Trackpoint>
            <Time>2022-10-17T18:09:51.000Z</Time>
            <Position>
              <LatitudeDegrees>-33.40185832232237</LatitudeDegrees>
              <LongitudeDegrees>-70.53674893453717</LongitudeDegrees>
            </Position>
            <AltitudeMeters>797.4000244140625</AltitudeMeters>
            <DistanceMeters>3554.429931640625</DistanceMeters>
            <HeartRateBpm>
              <Value>144</Value>
            </HeartRateBpm>
            <Extensions>
              <ns3:TPX>
                <ns3:Speed>2.2209999561309814</ns3:Speed>
                <ns3:RunCadence>75</ns3:RunCadence>
              </ns3:TPX>
            </Extensions>
          </Trackpoint>
          <Trackpoint>
            <Time>2022-10-17T18:10:01.000Z</Time>
            <Position>
              <LatitudeDegrees>-33.401695461943746</LatitudeDegrees>
              <LongitudeDegrees>-70.53665379993618</LongitudeDegrees>
            </Position>
            <AltitudeMeters>800.0</AltitudeMeters>
            <DistanceMeters>3574.659912109375</DistanceMeters>
            <HeartRateBpm>
              <Value>142</Value>
            </HeartRateBpm>
            <Extensions>
              <ns3:TPX>
                <ns3:Speed>2.1549999713897705</ns3:Speed>
                <ns3:RunCadence>74</ns3:RunCadence>
              </ns3:TPX>
            </Extensions>
          </Trackpoint>
          <Trackpoint>
            <Time>2022-10-17T18:10:04.000Z</Time>
            <Position>
              <LatitudeDegrees>-33.40164768509567</LatitudeDegrees>
              <LongitudeDegrees>-70.53660535253584</LongitudeDegrees>
            </Position>
            <AltitudeMeters>800.2000122070312</AltitudeMeters>
            <DistanceMeters>3581.610107421875</DistanceMeters>
            <HeartRateBpm>
              <Value>145</Value>
            </HeartRateBpm>
            <Extensions>
              <ns3:TPX>
                <ns3:Speed>2.1459999084472656</ns3:Speed>
                <ns3:RunCadence>74</ns3:RunCadence>
              </ns3:TPX>
            </Extensions>
          </Trackpoint>
          <Trackpoint>
            <Time>2022-10-17T18:10:05.000Z</Time>
            <Position>
              <LatitudeDegrees>-33.40163159184158</LatitudeDegrees>
              <LongitudeDegrees>-70.53659060038626</LongitudeDegrees>
            </Position>
            <AltitudeMeters>800.4000244140625</AltitudeMeters>
            <DistanceMeters>3583.8701171875</DistanceMeters>
            <HeartRateBpm>
              <Value>146</Value>
            </HeartRateBpm>
            <Extensions>
              <ns3:TPX>
                <ns3:Speed>2.13700008392334</ns3:Speed>
                <ns3:RunCadence>73</ns3:RunCadence>
              </ns3:TPX>
            </Extensions>
          </Trackpoint>
          <Trackpoint>
            <Time>2022-10-17T18:10:13.000Z</Time>
            <Position>
              <LatitudeDegrees>-33.40147661045194</LatitudeDegrees>
              <LongitudeDegrees>-70.53645632229745</LongitudeDegrees>
            </Position>
            <AltitudeMeters>801.4000244140625</AltitudeMeters>
            <DistanceMeters>3605.159912109375</DistanceMeters>
            <HeartRateBpm>
              <Value>146</Value>
            </HeartRateBpm>
            <Extensions>
              <ns3:TPX>
                <ns3:Speed>2.1549999713897705</ns3:Speed>
                <ns3:RunCadence>80</ns3:RunCadence>
              </ns3:TPX>
            </Extensions>
          </Trackpoint>
          <Trackpoint>
            <Time>2022-10-17T18:10:21.000Z</Time>
            <Position>
              <LatitudeDegrees>-33.401305032894015</LatitudeDegrees>
              <LongitudeDegrees>-70.53636009804904</LongitudeDegrees>
            </Position>
            <AltitudeMeters>804.0</AltitudeMeters>
            <DistanceMeters>3626.4599609375</DistanceMeters>
            <HeartRateBpm>
              <Value>145</Value>
            </HeartRateBpm>
            <Extensions>
              <ns3:TPX>
                <ns3:Speed>2.249000072479248</ns3:Speed>
                <ns3:RunCadence>83</ns3:RunCadence>
              </ns3:TPX>
            </Extensions>
          </Trackpoint>
          <Trackpoint>
            <Time>2022-10-17T18:10:29.000Z</Time>
            <Position>
              <LatitudeDegrees>-33.401132952421904</LatitudeDegrees>
              <LongitudeDegrees>-70.53624727763236</LongitudeDegrees>
            </Position>
            <AltitudeMeters>806.4000244140625</AltitudeMeters>
            <DistanceMeters>3648.800048828125</DistanceMeters>
            <HeartRateBpm>
              <Value>145</Value>
            </HeartRateBpm>
            <Extensions>
              <ns3:TPX>
                <ns3:Speed>2.322999954223633</ns3:Speed>
                <ns3:RunCadence>82</ns3:RunCadence>
              </ns3:TPX>
            </Extensions>
          </Trackpoint>
          <Trackpoint>
            <Time>2022-10-17T18:10:39.000Z</Time>
            <Position>
              <LatitudeDegrees>-33.40095944702625</LatitudeDegrees>
              <LongitudeDegrees>-70.5361549090594</LongitudeDegrees>
            </Position>
            <AltitudeMeters>809.0</AltitudeMeters>
            <DistanceMeters>3670.050048828125</DistanceMeters>
            <HeartRateBpm>
              <Value>143</Value>
            </HeartRateBpm>
            <Extensions>
              <ns3:TPX>
                <ns3:Speed>2.322999954223633</ns3:Speed>
                <ns3:RunCadence>77</ns3:RunCadence>
              </ns3:TPX>
            </Extensions>
          </Trackpoint>
          <Trackpoint>
            <Time>2022-10-17T18:10:48.000Z</Time>
            <Position>
              <LatitudeDegrees>-33.4007706027478</LatitudeDegrees>
              <LongitudeDegrees>-70.53605256602168</LongitudeDegrees>
            </Position>
            <AltitudeMeters>810.2000122070312</AltitudeMeters>
            <DistanceMeters>3692.179931640625</DistanceMeters>
            <HeartRateBpm>
              <Value>143</Value>
            </HeartRateBpm>
            <Extensions>
              <ns3:TPX>
                <ns3:Speed>2.2950000762939453</ns3:Speed>
                <ns3:RunCadence>79</ns3:RunCadence>
              </ns3:TPX>
            </Extensions>
          </Trackpoint>
          <Trackpoint>
            <Time>2022-10-17T18:10:58.000Z</Time>
            <Position>
              <LatitudeDegrees>-33.40059005655348</LatitudeDegrees>
              <LongitudeDegrees>-70.53597461432219</LongitudeDegrees>
            </Position>
            <AltitudeMeters>811.7999877929688</AltitudeMeters>
            <DistanceMeters>3713.580078125</DistanceMeters>
            <HeartRateBpm>
              <Value>142</Value>
            </HeartRateBpm>
            <Extensions>
              <ns3:TPX>
                <ns3:Speed>2.2769999504089355</ns3:Speed>
                <ns3:RunCadence>77</ns3:RunCadence>
              </ns3:TPX>
            </Extensions>
          </Trackpoint>
          <Trackpoint>
            <Time>2022-10-17T18:11:07.000Z</Time>
            <Position>
              <LatitudeDegrees>-33.40042023919523</LatitudeDegrees>
              <LongitudeDegrees>-70.53590252995491</LongitudeDegrees>
            </Position>
            <AltitudeMeters>814.2000122070312</AltitudeMeters>
            <DistanceMeters>3733.909912109375</DistanceMeters>
            <HeartRateBpm>
              <Value>143</Value>
            </HeartRateBpm>
            <Extensions>
              <ns3:TPX>
                <ns3:Speed>2.249000072479248</ns3:Speed>
                <ns3:RunCadence>75</ns3:RunCadence>
              </ns3:TPX>
            </Extensions>
          </Trackpoint>
          <Trackpoint>
            <Time>2022-10-17T18:11:20.000Z</Time>
            <Position>
              <LatitudeDegrees>-33.4002386033535</LatitudeDegrees>
              <LongitudeDegrees>-70.53582977503538</LongitudeDegrees>
            </Position>
            <AltitudeMeters>817.0</AltitudeMeters>
            <DistanceMeters>3754.889892578125</DistanceMeters>
            <HeartRateBpm>
              <Value>145</Value>
            </HeartRateBpm>
            <Extensions>
              <ns3:TPX>
                <ns3:Speed>1.5679999589920044</ns3:Speed>
                <ns3:RunCadence>57</ns3:RunCadence>
              </ns3:TPX>
            </Extensions>
          </Trackpoint>
          <Trackpoint>
            <Time>2022-10-17T18:11:32.000Z</Time>
            <Position>
              <LatitudeDegrees>-33.40007892809808</LatitudeDegrees>
              <LongitudeDegrees>-70.53572206757963</LongitudeDegrees>
            </Position>
            <AltitudeMeters>817.7999877929688</AltitudeMeters>
            <DistanceMeters>3775.27001953125</DistanceMeters>
            <HeartRateBpm>
              <Value>144</Value>
            </HeartRateBpm>
            <Extensions>
              <ns3:TPX>
                <ns3:Speed>1.6239999532699585</ns3:Speed>
                <ns3:RunCadence>60</ns3:RunCadence>
              </ns3:TPX>
            </Extensions>
          </Trackpoint>
          <Trackpoint>
            <Time>2022-10-17T18:11:37.000Z</Time>
            <Position>
              <LatitudeDegrees>-33.4000263735652</LatitudeDegrees>
              <LongitudeDegrees>-70.53568099625409</LongitudeDegrees>
            </Position>
            <AltitudeMeters>817.7999877929688</AltitudeMeters>
            <DistanceMeters>3782.25</DistanceMeters>
            <HeartRateBpm>
              <Value>145</Value>
            </HeartRateBpm>
            <Extensions>
              <ns3:TPX>
                <ns3:Speed>1.6330000162124634</ns3:Speed>
                <ns3:RunCadence>57</ns3:RunCadence>
              </ns3:TPX>
            </Extensions>
          </Trackpoint>
          <Trackpoint>
            <Time>2022-10-17T18:11:41.000Z</Time>
            <Position>
              <LatitudeDegrees>-33.39997817762196</LatitudeDegrees>
              <LongitudeDegrees>-70.53565652109683</LongitudeDegrees>
            </Position>
            <AltitudeMeters>818.0</AltitudeMeters>
            <DistanceMeters>3788.06005859375</DistanceMeters>
            <HeartRateBpm>
              <Value>146</Value>
            </HeartRateBpm>
            <Extensions>
              <ns3:TPX>
                <ns3:Speed>1.6139999628067017</ns3:Speed>
                <ns3:RunCadence>62</ns3:RunCadence>
              </ns3:TPX>
            </Extensions>
          </Trackpoint>
          <Trackpoint>
            <Time>2022-10-17T18:11:50.000Z</Time>
            <Position>
              <LatitudeDegrees>-33.399792686104774</LatitudeDegrees>
              <LongitudeDegrees>-70.53557018749416</LongitudeDegrees>
            </Position>
            <AltitudeMeters>819.5999755859375</AltitudeMeters>
            <DistanceMeters>3810.239990234375</DistanceMeters>
            <HeartRateBpm>
              <Value>146</Value>
            </HeartRateBpm>
            <Extensions>
              <ns3:TPX>
                <ns3:Speed>1.6050000190734863</ns3:Speed>
                <ns3:RunCadence>75</ns3:RunCadence>
              </ns3:TPX>
            </Extensions>
          </Trackpoint>
          <Trackpoint>
            <Time>2022-10-17T18:11:58.000Z</Time>
            <Position>
              <LatitudeDegrees>-33.399608451873064</LatitudeDegrees>
              <LongitudeDegrees>-70.53555241785944</LongitudeDegrees>
            </Position>
            <AltitudeMeters>823.0</AltitudeMeters>
            <DistanceMeters>3830.330078125</DistanceMeters>
            <HeartRateBpm>
              <Value>144</Value>
            </HeartRateBpm>
            <Extensions>
              <ns3:TPX>
                <ns3:Speed>1.7259999513626099</ns3:Speed>
                <ns3:RunCadence>81</ns3:RunCadence>
              </ns3:TPX>
            </Extensions>
          </Trackpoint>
          <Trackpoint>
            <Time>2022-10-17T18:12:06.000Z</Time>
            <Position>
              <LatitudeDegrees>-33.39942849241197</LatitudeDegrees>
              <LongitudeDegrees>-70.53551872260869</LongitudeDegrees>
            </Position>
            <AltitudeMeters>826.0</AltitudeMeters>
            <DistanceMeters>3850.60009765625</DistanceMeters>
            <HeartRateBpm>
              <Value>142</Value>
            </HeartRateBpm>
            <Extensions>
              <ns3:TPX>
                <ns3:Speed>1.968999981880188</ns3:Speed>
                <ns3:RunCadence>78</ns3:RunCadence>
              </ns3:TPX>
            </Extensions>
          </Trackpoint>
          <Trackpoint>
            <Time>2022-10-17T18:12:13.000Z</Time>
            <Position>
              <LatitudeDegrees>-33.39925364591181</LatitudeDegrees>
              <LongitudeDegrees>-70.53545736707747</LongitudeDegrees>
            </Position>
            <AltitudeMeters>827.4000244140625</AltitudeMeters>
            <DistanceMeters>3870.830078125</DistanceMeters>
            <HeartRateBpm>
              <Value>142</Value>
            </HeartRateBpm>
            <Extensions>
              <ns3:TPX>
                <ns3:Speed>2.1740000247955322</ns3:Speed>
                <ns3:RunCadence>81</ns3:RunCadence>
              </ns3:TPX>
            </Extensions>
          </Trackpoint>
          <Trackpoint>
            <Time>2022-10-17T18:12:21.000Z</Time>
            <Position>
              <LatitudeDegrees>-33.399068070575595</LatitudeDegrees>
              <LongitudeDegrees>-70.53539701737463</LongitudeDegrees>
            </Position>
            <AltitudeMeters>827.7999877929688</AltitudeMeters>
            <DistanceMeters>3892.219970703125</DistanceMeters>
            <HeartRateBpm>
              <Value>141</Value>
            </HeartRateBpm>
            <Extensions>
              <ns3:TPX>
                <ns3:Speed>2.4070000648498535</ns3:Speed>
                <ns3:RunCadence>83</ns3:RunCadence>
              </ns3:TPX>
            </Extensions>
          </Trackpoint>
          <Trackpoint>
            <Time>2022-10-17T18:12:27.000Z</Time>
            <Position>
              <LatitudeDegrees>-33.3989364746958</LatitudeDegrees>
              <LongitudeDegrees>-70.535384779796</LongitudeDegrees>
            </Position>
            <AltitudeMeters>829.0</AltitudeMeters>
            <DistanceMeters>3906.860107421875</DistanceMeters>
            <HeartRateBpm>
              <Value>138</Value>
            </HeartRateBpm>
            <Extensions>
              <ns3:TPX>
                <ns3:Speed>2.4820001125335693</ns3:Speed>
                <ns3:RunCadence>84</ns3:RunCadence>
              </ns3:TPX>
            </Extensions>
          </Trackpoint>
          <Trackpoint>
            <Time>2022-10-17T18:12:35.000Z</Time>
            <Position>
              <LatitudeDegrees>-33.39875601232052</LatitudeDegrees>
              <LongitudeDegrees>-70.53533197380602</LongitudeDegrees>
            </Position>
            <AltitudeMeters>829.7999877929688</AltitudeMeters>
            <DistanceMeters>3927.56005859375</DistanceMeters>
            <HeartRateBpm>
              <Value>138</Value>
            </HeartRateBpm>
            <Extensions>
              <ns3:TPX>
                <ns3:Speed>2.490999937057495</ns3:Speed>
                <ns3:RunCadence>82</ns3:RunCadence>
              </ns3:TPX>
            </Extensions>
          </Trackpoint>
          <Trackpoint>
            <Time>2022-10-17T18:12:45.000Z</Time>
            <Position>
              <LatitudeDegrees>-33.398554511368275</LatitudeDegrees>
              <LongitudeDegrees>-70.53534605540335</LongitudeDegrees>
            </Position>
            <AltitudeMeters>832.5999755859375</AltitudeMeters>
            <DistanceMeters>3949.929931640625</DistanceMeters>
            <HeartRateBpm>
              <Value>139</Value>
            </HeartRateBpm>
            <Extensions>
              <ns3:TPX>
                <ns3:Speed>2.434999942779541</ns3:Speed>
                <ns3:RunCadence>79</ns3:RunCadence>
              </ns3:TPX>
            </Extensions>
          </Trackpoint>
          <Trackpoint>
            <Time>2022-10-17T18:12:48.000Z</Time>
            <Position>
              <LatitudeDegrees>-33.398501789197326</LatitudeDegrees>
              <LongitudeDegrees>-70.53533893078566</LongitudeDegrees>
            </Position>
            <AltitudeMeters>833.0</AltitudeMeters>
            <DistanceMeters>3955.830078125</DistanceMeters>
            <HeartRateBpm>
              <Value>139</Value>
            </HeartRateBpm>
            <Extensions>
              <ns3:TPX>
                <ns3:Speed>2.3980000019073486</ns3:Speed>
                <ns3:RunCadence>77</ns3:RunCadence>
              </ns3:TPX>
            </Extensions>
          </Trackpoint>
          <Trackpoint>
            <Time>2022-10-17T18:12:53.000Z</Time>
            <Position>
              <LatitudeDegrees>-33.39845803566277</LatitudeDegrees>
              <LongitudeDegrees>-70.53537623025477</LongitudeDegrees>
            </Position>
            <AltitudeMeters>834.4000244140625</AltitudeMeters>
            <DistanceMeters>3962.080078125</DistanceMeters>
            <HeartRateBpm>
              <Value>138</Value>
            </HeartRateBpm>
            <Extensions>
              <ns3:TPX>
                <ns3:Speed>2.3420000076293945</ns3:Speed>
                <ns3:RunCadence>74</ns3:RunCadence>
              </ns3:TPX>
            </Extensions>
          </Trackpoint>
          <Trackpoint>
            <Time>2022-10-17T18:12:55.000Z</Time>
            <Position>
              <LatitudeDegrees>-33.398481672629714</LatitudeDegrees>
              <LongitudeDegrees>-70.53540305234492</LongitudeDegrees>
            </Position>
            <AltitudeMeters>835.0</AltitudeMeters>
            <DistanceMeters>3965.77001953125</DistanceMeters>
            <HeartRateBpm>
              <Value>142</Value>
            </HeartRateBpm>
            <Extensions>
              <ns3:TPX>
                <ns3:Speed>2.2860000133514404</ns3:Speed>
                <ns3:RunCadence>73</ns3:RunCadence>
              </ns3:TPX>
            </Extensions>
          </Trackpoint>
          <Trackpoint>
            <Time>2022-10-17T18:13:02.000Z</Time>
            <Position>
              <LatitudeDegrees>-33.39866045862436</LatitudeDegrees>
              <LongitudeDegrees>-70.53546155802906</LongitudeDegrees>
            </Position>
            <AltitudeMeters>834.5999755859375</AltitudeMeters>
            <DistanceMeters>3986.31005859375</DistanceMeters>
            <HeartRateBpm>
              <Value>142</Value>
            </HeartRateBpm>
            <Extensions>
              <ns3:TPX>
                <ns3:Speed>2.0989999771118164</ns3:Speed>
                <ns3:RunCadence>81</ns3:RunCadence>
              </ns3:TPX>
            </Extensions>
          </Trackpoint>
          <Trackpoint>
            <Time>2022-10-17T18:13:09.000Z</Time>
            <Position>
              <LatitudeDegrees>-33.39885441586375</LatitudeDegrees>
              <LongitudeDegrees>-70.53549122996628</LongitudeDegrees>
            </Position>
            <AltitudeMeters>833.2000122070312</AltitudeMeters>
            <DistanceMeters>4008.010009765625</DistanceMeters>
            <HeartRateBpm>
              <Value>143</Value>
            </HeartRateBpm>
            <Extensions>
              <ns3:TPX>
                <ns3:Speed>2.257999897003174</ns3:Speed>
                <ns3:RunCadence>83</ns3:RunCadence>
              </ns3:TPX>
            </Extensions>
          </Trackpoint>
          <Trackpoint>
            <Time>2022-10-17T18:13:17.000Z</Time>
            <Position>
              <LatitudeDegrees>-33.39907569810748</LatitudeDegrees>
              <LongitudeDegrees>-70.53552182391286</LongitudeDegrees>
            </Position>
            <AltitudeMeters>831.4000244140625</AltitudeMeters>
            <DistanceMeters>4030.800048828125</DistanceMeters>
            <HeartRateBpm>
              <Value>143</Value>
            </HeartRateBpm>
            <Extensions>
              <ns3:TPX>
                <ns3:Speed>2.3889999389648438</ns3:Speed>
                <ns3:RunCadence>82</ns3:RunCadence>
              </ns3:TPX>
            </Extensions>
          </Trackpoint>
          <Trackpoint>
            <Time>2022-10-17T18:13:24.000Z</Time>
            <Position>
              <LatitudeDegrees>-33.399270828813314</LatitudeDegrees>
              <LongitudeDegrees>-70.53558108396828</LongitudeDegrees>
            </Position>
            <AltitudeMeters>831.2000122070312</AltitudeMeters>
            <DistanceMeters>4053.1201171875</DistanceMeters>
            <HeartRateBpm>
              <Value>142</Value>
            </HeartRateBpm>
            <Extensions>
              <ns3:TPX>
                <ns3:Speed>2.61299991607666</ns3:Speed>
                <ns3:RunCadence>85</ns3:RunCadence>
              </ns3:TPX>
            </Extensions>
          </Trackpoint>
          <Trackpoint>
            <Time>2022-10-17T18:13:31.000Z</Time>
            <Position>
              <LatitudeDegrees>-33.39944492094219</LatitudeDegrees>
              <LongitudeDegrees>-70.5356749612838</LongitudeDegrees>
            </Position>
            <AltitudeMeters>830.4000244140625</AltitudeMeters>
            <DistanceMeters>4074.219970703125</DistanceMeters>
            <HeartRateBpm>
              <Value>140</Value>
            </HeartRateBpm>
            <Extensions>
              <ns3:TPX>
                <ns3:Speed>2.743000030517578</ns3:Speed>
                <ns3:RunCadence>86</ns3:RunCadence>
              </ns3:TPX>
            </Extensions>
          </Trackpoint>
          <Trackpoint>
            <Time>2022-10-17T18:13:38.000Z</Time>
            <Position>
              <LatitudeDegrees>-33.39962236583233</LatitudeDegrees>
              <LongitudeDegrees>-70.53577152080834</LongitudeDegrees>
            </Position>
            <AltitudeMeters>829.0</AltitudeMeters>
            <DistanceMeters>4095.820068359375</DistanceMeters>
            <HeartRateBpm>
              <Value>139</Value>
            </HeartRateBpm>
            <Extensions>
              <ns3:TPX>
                <ns3:Speed>2.809000015258789</ns3:Speed>
                <ns3:RunCadence>85</ns3:RunCadence>
              </ns3:TPX>
            </Extensions>
          </Trackpoint>
          <Trackpoint>
            <Time>2022-10-17T18:13:45.000Z</Time>
            <Position>
              <LatitudeDegrees>-33.39979042299092</LatitudeDegrees>
              <LongitudeDegrees>-70.53588593378663</LongitudeDegrees>
            </Position>
            <AltitudeMeters>828.7999877929688</AltitudeMeters>
            <DistanceMeters>4117.27001953125</DistanceMeters>
            <HeartRateBpm>
              <Value>136</Value>
            </HeartRateBpm>
            <Extensions>
              <ns3:TPX>
                <ns3:Speed>2.8459999561309814</ns3:Speed>
                <ns3:RunCadence>84</ns3:RunCadence>
              </ns3:TPX>
            </Extensions>
          </Trackpoint>
          <Trackpoint>
            <Time>2022-10-17T18:13:52.000Z</Time>
            <Position>
              <LatitudeDegrees>-33.39995412155986</LatitudeDegrees>
              <LongitudeDegrees>-70.53599380888045</LongitudeDegrees>
            </Position>
            <AltitudeMeters>828.2000122070312</AltitudeMeters>
            <DistanceMeters>4137.990234375</DistanceMeters>
            <HeartRateBpm>
              <Value>135</Value>
            </HeartRateBpm>
            <Extensions>
              <ns3:TPX>
                <ns3:Speed>2.8459999561309814</ns3:Speed>
                <ns3:RunCadence>86</ns3:RunCadence>
              </ns3:TPX>
            </Extensions>
          </Trackpoint>
          <Trackpoint>
            <Time>2022-10-17T18:13:59.000Z</Time>
            <Position>
              <LatitudeDegrees>-33.40010306797922</LatitudeDegrees>
              <LongitudeDegrees>-70.53615876473486</LongitudeDegrees>
            </Position>
            <AltitudeMeters>829.7999877929688</AltitudeMeters>
            <DistanceMeters>4160.27978515625</DistanceMeters>
            <HeartRateBpm>
              <Value>136</Value>
            </HeartRateBpm>
            <Extensions>
              <ns3:TPX>
                <ns3:Speed>2.8269999027252197</ns3:Speed>
                <ns3:RunCadence>83</ns3:RunCadence>
              </ns3:TPX>
            </Extensions>
          </Trackpoint>
          <Trackpoint>
            <Time>2022-10-17T18:14:06.000Z</Time>
            <Position>
              <LatitudeDegrees>-33.4002560377121</LatitudeDegrees>
              <LongitudeDegrees>-70.53631969727576</LongitudeDegrees>
            </Position>
            <AltitudeMeters>830.5999755859375</AltitudeMeters>
            <DistanceMeters>4182.759765625</DistanceMeters>
            <HeartRateBpm>
              <Value>137</Value>
            </HeartRateBpm>
            <Extensions>
              <ns3:TPX>
                <ns3:Speed>2.8550000190734863</ns3:Speed>
                <ns3:RunCadence>84</ns3:RunCadence>
              </ns3:TPX>
            </Extensions>
          </Trackpoint>
          <Trackpoint>
            <Time>2022-10-17T18:14:13.000Z</Time>
            <Position>
              <LatitudeDegrees>-33.40040992945433</LatitudeDegrees>
              <LongitudeDegrees>-70.53645296953619</LongitudeDegrees>
            </Position>
            <AltitudeMeters>829.5999755859375</AltitudeMeters>
            <DistanceMeters>4203.830078125</DistanceMeters>
            <HeartRateBpm>
              <Value>136</Value>
            </HeartRateBpm>
            <Extensions>
              <ns3:TPX>
                <ns3:Speed>2.882999897003174</ns3:Speed>
                <ns3:RunCadence>84</ns3:RunCadence>
              </ns3:TPX>
            </Extensions>
          </Trackpoint>
          <Trackpoint>
            <Time>2022-10-17T18:14:20.000Z</Time>
            <Position>
              <LatitudeDegrees>-33.4005684312433</LatitudeDegrees>
              <LongitudeDegrees>-70.53659814409912</LongitudeDegrees>
            </Position>
            <AltitudeMeters>828.5999755859375</AltitudeMeters>
            <DistanceMeters>4226.02001953125</DistanceMeters>
            <HeartRateBpm>
              <Value>136</Value>
            </HeartRateBpm>
            <Extensions>
              <ns3:TPX>
                <ns3:Speed>2.874000072479248</ns3:Speed>
                <ns3:RunCadence>83</ns3:RunCadence>
              </ns3:TPX>
            </Extensions>
          </Trackpoint>
          <Trackpoint>
            <Time>2022-10-17T18:14:24.000Z</Time>
            <Position>
              <LatitudeDegrees>-33.40065040625632</LatitudeDegrees>
              <LongitudeDegrees>-70.5366924405098</LongitudeDegrees>
            </Position>
            <AltitudeMeters>828.4000244140625</AltitudeMeters>
            <DistanceMeters>4238.6201171875</DistanceMeters>
            <HeartRateBpm>
              <Value>133</Value>
            </HeartRateBpm>
            <Extensions>
              <ns3:TPX>
                <ns3:Speed>2.874000072479248</ns3:Speed>
                <ns3:RunCadence>84</ns3:RunCadence>
              </ns3:TPX>
            </Extensions>
          </Trackpoint>
          <Trackpoint>
            <Time>2022-10-17T18:14:31.000Z</Time>
            <Position>
              <LatitudeDegrees>-33.400795832276344</LatitudeDegrees>
              <LongitudeDegrees>-70.53685136139393</LongitudeDegrees>
            </Position>
            <AltitudeMeters>828.0</AltitudeMeters>
            <DistanceMeters>4259.18994140625</DistanceMeters>
            <HeartRateBpm>
              <Value>132</Value>
            </HeartRateBpm>
            <Extensions>
              <ns3:TPX>
                <ns3:Speed>2.882999897003174</ns3:Speed>
                <ns3:RunCadence>85</ns3:RunCadence>
              </ns3:TPX>
            </Extensions>
          </Trackpoint>
          <Trackpoint>
            <Time>2022-10-17T18:14:38.000Z</Time>
            <Position>
              <LatitudeDegrees>-33.400969756767154</LatitudeDegrees>
              <LongitudeDegrees>-70.53698454983532</LongitudeDegrees>
            </Position>
            <AltitudeMeters>826.2000122070312</AltitudeMeters>
            <DistanceMeters>4282.10986328125</DistanceMeters>
            <HeartRateBpm>
              <Value>133</Value>
            </HeartRateBpm>
            <Extensions>
              <ns3:TPX>
                <ns3:Speed>2.882999897003174</ns3:Speed>
                <ns3:RunCadence>83</ns3:RunCadence>
              </ns3:TPX>
            </Extensions>
          </Trackpoint>
          <Trackpoint>
            <Time>2022-10-17T18:14:45.000Z</Time>
            <Position>
              <LatitudeDegrees>-33.401134964078665</LatitudeDegrees>
              <LongitudeDegrees>-70.5371375195682</LongitudeDegrees>
            </Position>
            <AltitudeMeters>825.2000122070312</AltitudeMeters>
            <DistanceMeters>4305.2900390625</DistanceMeters>
            <HeartRateBpm>
              <Value>134</Value>
            </HeartRateBpm>
            <Extensions>
              <ns3:TPX>
                <ns3:Speed>2.9019999504089355</ns3:Speed>
                <ns3:RunCadence>83</ns3:RunCadence>
              </ns3:TPX>
            </Extensions>
          </Trackpoint>
          <Trackpoint>
            <Time>2022-10-17T18:14:52.000Z</Time>
            <Position>
              <LatitudeDegrees>-33.40127502568066</LatitudeDegrees>
              <LongitudeDegrees>-70.53729233331978</LongitudeDegrees>
            </Position>
            <AltitudeMeters>821.4000244140625</AltitudeMeters>
            <DistanceMeters>4326.35986328125</DistanceMeters>
            <HeartRateBpm>
              <Value>135</Value>
            </HeartRateBpm>
            <Extensions>
              <ns3:TPX>
                <ns3:Speed>2.9210000038146973</ns3:Speed>
                <ns3:RunCadence>85</ns3:RunCadence>
              </ns3:TPX>
            </Extensions>
          </Trackpoint>
          <Trackpoint>
            <Time>2022-10-17T18:14:59.000Z</Time>
            <Position>
              <LatitudeDegrees>-33.401424223557115</LatitudeDegrees>
              <LongitudeDegrees>-70.53745871409774</LongitudeDegrees>
            </Position>
            <AltitudeMeters>816.2000122070312</AltitudeMeters>
            <DistanceMeters>4348.8701171875</DistanceMeters>
            <HeartRateBpm>
              <Value>136</Value>
            </HeartRateBpm>
            <Extensions>
              <ns3:TPX>
                <ns3:Speed>2.9210000038146973</ns3:Speed>
                <ns3:RunCadence>84</ns3:RunCadence>
              </ns3:TPX>
            </Extensions>
          </Trackpoint>
          <Trackpoint>
            <Time>2022-10-17T18:15:06.000Z</Time>
            <Position>
              <LatitudeDegrees>-33.40155498124659</LatitudeDegrees>
              <LongitudeDegrees>-70.53763506934047</LongitudeDegrees>
            </Position>
            <AltitudeMeters>811.5999755859375</AltitudeMeters>
            <DistanceMeters>4370.6298828125</DistanceMeters>
            <HeartRateBpm>
              <Value>137</Value>
            </HeartRateBpm>
            <Extensions>
              <ns3:TPX>
                <ns3:Speed>2.930000066757202</ns3:Speed>
                <ns3:RunCadence>83</ns3:RunCadence>
              </ns3:TPX>
            </Extensions>
          </Trackpoint>
          <Trackpoint>
            <Time>2022-10-17T18:15:08.000Z</Time>
            <Position>
              <LatitudeDegrees>-33.401569314301014</LatitudeDegrees>
              <LongitudeDegrees>-70.5376592092216</LongitudeDegrees>
            </Position>
            <AltitudeMeters>811.0</AltitudeMeters>
            <DistanceMeters>4373.0</DistanceMeters>
            <HeartRateBpm>
              <Value>138</Value>
            </HeartRateBpm>
            <Extensions>
              <ns3:TPX>
                <ns3:Speed>2.938999891281128</ns3:Speed>
                <ns3:RunCadence>86</ns3:RunCadence>
              </ns3:TPX>
            </Extensions>
          </Trackpoint>
          <Trackpoint>
            <Time>2022-10-17T18:15:16.000Z</Time>
            <Position>
              <LatitudeDegrees>-33.401687582954764</LatitudeDegrees>
              <LongitudeDegrees>-70.53781134076416</LongitudeDegrees>
            </Position>
            <AltitudeMeters>806.7999877929688</AltitudeMeters>
            <DistanceMeters>4393.16015625</DistanceMeters>
            <HeartRateBpm>
              <Value>137</Value>
            </HeartRateBpm>
            <Extensions>
              <ns3:TPX>
                <ns3:Speed>2.7990000247955322</ns3:Speed>
                <ns3:RunCadence>85</ns3:RunCadence>
              </ns3:TPX>
            </Extensions>
          </Trackpoint>
          <Trackpoint>
            <Time>2022-10-17T18:15:26.000Z</Time>
            <Position>
              <LatitudeDegrees>-33.40183887630701</LatitudeDegrees>
              <LongitudeDegrees>-70.53793304599822</LongitudeDegrees>
            </Position>
            <AltitudeMeters>801.7999877929688</AltitudeMeters>
            <DistanceMeters>4414.02978515625</DistanceMeters>
            <HeartRateBpm>
              <Value>137</Value>
            </HeartRateBpm>
            <Extensions>
              <ns3:TPX>
                <ns3:Speed>3.0420000553131104</ns3:Speed>
                <ns3:RunCadence>77</ns3:RunCadence>
              </ns3:TPX>
            </Extensions>
          </Trackpoint>
          <Trackpoint>
            <Time>2022-10-17T18:15:36.000Z</Time>
            <Position>
              <LatitudeDegrees>-33.40202243998647</LatitudeDegrees>
              <LongitudeDegrees>-70.53791854530573</LongitudeDegrees>
            </Position>
            <AltitudeMeters>796.4000244140625</AltitudeMeters>
            <DistanceMeters>4435.89013671875</DistanceMeters>
            <HeartRateBpm>
              <Value>137</Value>
            </HeartRateBpm>
            <Extensions>
              <ns3:TPX>
                <ns3:Speed>2.76200008392334</ns3:Speed>
                <ns3:RunCadence>47</ns3:RunCadence>
              </ns3:TPX>
            </Extensions>
          </Trackpoint>
          <Trackpoint>
            <Time>2022-10-17T18:15:38.000Z</Time>
            <Position>
              <LatitudeDegrees>-33.40206275694072</LatitudeDegrees>
              <LongitudeDegrees>-70.53792290389538</LongitudeDegrees>
            </Position>
            <AltitudeMeters>795.2000122070312</AltitudeMeters>
            <DistanceMeters>4440.43017578125</DistanceMeters>
            <HeartRateBpm>
              <Value>137</Value>
            </HeartRateBpm>
            <Extensions>
              <ns3:TPX>
                <ns3:Speed>2.677999973297119</ns3:Speed>
                <ns3:RunCadence>48</ns3:RunCadence>
              </ns3:TPX>
            </Extensions>
          </Trackpoint>
          <Trackpoint>
            <Time>2022-10-17T18:15:47.000Z</Time>
            <Position>
              <LatitudeDegrees>-33.40223257429898</LatitudeDegrees>
              <LongitudeDegrees>-70.53799716755748</LongitudeDegrees>
            </Position>
            <AltitudeMeters>789.5999755859375</AltitudeMeters>
            <DistanceMeters>4460.7099609375</DistanceMeters>
            <HeartRateBpm>
              <Value>135</Value>
            </HeartRateBpm>
            <Extensions>
              <ns3:TPX>
                <ns3:Speed>2.4539999961853027</ns3:Speed>
                <ns3:RunCadence>50</ns3:RunCadence>
              </ns3:TPX>
            </Extensions>
          </Trackpoint>
          <Trackpoint>
            <Time>2022-10-17T18:15:48.000Z</Time>
            <Position>
              <LatitudeDegrees>-33.40225260704756</LatitudeDegrees>
              <LongitudeDegrees>-70.53800236433744</LongitudeDegrees>
            </Position>
            <AltitudeMeters>789.0</AltitudeMeters>
            <DistanceMeters>4462.9501953125</DistanceMeters>
            <HeartRateBpm>
              <Value>135</Value>
            </HeartRateBpm>
            <Extensions>
              <ns3:TPX>
                <ns3:Speed>2.4260001182556152</ns3:Speed>
                <ns3:RunCadence>55</ns3:RunCadence>
              </ns3:TPX>
            </Extensions>
          </Trackpoint>
          <Trackpoint>
            <Time>2022-10-17T18:15:57.000Z</Time>
            <Position>
              <LatitudeDegrees>-33.40244824066758</LatitudeDegrees>
              <LongitudeDegrees>-70.5380268394947</LongitudeDegrees>
            </Position>
            <AltitudeMeters>782.5999755859375</AltitudeMeters>
            <DistanceMeters>4484.759765625</DistanceMeters>
            <HeartRateBpm>
              <Value>135</Value>
            </HeartRateBpm>
            <Extensions>
              <ns3:TPX>
                <ns3:Speed>2.322999954223633</ns3:Speed>
                <ns3:RunCadence>105</ns3:RunCadence>
              </ns3:TPX>
            </Extensions>
          </Trackpoint>
          <Trackpoint>
            <Time>2022-10-17T18:16:00.000Z</Time>
            <Position>
              <LatitudeDegrees>-33.40251169167459</LatitudeDegrees>
              <LongitudeDegrees>-70.53803865797818</LongitudeDegrees>
            </Position>
            <AltitudeMeters>780.4000244140625</AltitudeMeters>
            <DistanceMeters>4492.16015625</DistanceMeters>
            <HeartRateBpm>
              <Value>135</Value>
            </HeartRateBpm>
            <Extensions>
              <ns3:TPX>
                <ns3:Speed>2.313999891281128</ns3:Speed>
                <ns3:RunCadence>105</ns3:RunCadence>
              </ns3:TPX>
            </Extensions>
          </Trackpoint>
          <Trackpoint>
            <Time>2022-10-17T18:16:10.000Z</Time>
            <Position>
              <LatitudeDegrees>-33.4026768989861</LatitudeDegrees>
              <LongitudeDegrees>-70.5380960740149</LongitudeDegrees>
            </Position>
            <AltitudeMeters>774.7999877929688</AltitudeMeters>
            <DistanceMeters>4511.64013671875</DistanceMeters>
            <HeartRateBpm>
              <Value>132</Value>
            </HeartRateBpm>
            <Extensions>
              <ns3:TPX>
                <ns3:Speed>2.249000072479248</ns3:Speed>
                <ns3:RunCadence>51</ns3:RunCadence>
              </ns3:TPX>
            </Extensions>
          </Trackpoint>
          <Trackpoint>
            <Time>2022-10-17T18:16:12.000Z</Time>
            <Position>
              <LatitudeDegrees>-33.40271352790296</LatitudeDegrees>
              <LongitudeDegrees>-70.53810227662325</LongitudeDegrees>
            </Position>
            <AltitudeMeters>774.2000122070312</AltitudeMeters>
            <DistanceMeters>4515.66015625</DistanceMeters>
            <HeartRateBpm>
              <Value>131</Value>
            </HeartRateBpm>
            <Extensions>
              <ns3:TPX>
                <ns3:Speed>2.00600004196167</ns3:Speed>
                <ns3:RunCadence>51</ns3:RunCadence>
              </ns3:TPX>
            </Extensions>
          </Trackpoint>
          <Trackpoint>
            <Time>2022-10-17T18:16:23.000Z</Time>
            <Position>
              <LatitudeDegrees>-33.402915028855205</LatitudeDegrees>
              <LongitudeDegrees>-70.53809221833944</LongitudeDegrees>
            </Position>
            <AltitudeMeters>770.4000244140625</AltitudeMeters>
            <DistanceMeters>4536.27978515625</DistanceMeters>
            <HeartRateBpm>
              <Value>130</Value>
            </HeartRateBpm>
            <Extensions>
              <ns3:TPX>
                <ns3:Speed>2.1459999084472656</ns3:Speed>
                <ns3:RunCadence>53</ns3:RunCadence>
              </ns3:TPX>
            </Extensions>
          </Trackpoint>
          <Trackpoint>
            <Time>2022-10-17T18:16:33.000Z</Time>
            <Position>
              <LatitudeDegrees>-33.403092892840505</LatitudeDegrees>
              <LongitudeDegrees>-70.5381444375962</LongitudeDegrees>
            </Position>
            <AltitudeMeters>766.2000122070312</AltitudeMeters>
            <DistanceMeters>4557.08984375</DistanceMeters>
            <HeartRateBpm>
              <Value>130</Value>
            </HeartRateBpm>
            <Extensions>
              <ns3:TPX>
                <ns3:Speed>2.071000099182129</ns3:Speed>
                <ns3:RunCadence>53</ns3:RunCadence>
              </ns3:TPX>
            </Extensions>
          </Trackpoint>
          <Trackpoint>
            <Time>2022-10-17T18:16:41.000Z</Time>
            <Position>
              <LatitudeDegrees>-33.40325189754367</LatitudeDegrees>
              <LongitudeDegrees>-70.53825474344194</LongitudeDegrees>
            </Position>
            <AltitudeMeters>761.5999755859375</AltitudeMeters>
            <DistanceMeters>4577.72998046875</DistanceMeters>
            <HeartRateBpm>
              <Value>133</Value>
            </HeartRateBpm>
            <Extensions>
              <ns3:TPX>
                <ns3:Speed>2.0989999771118164</ns3:Speed>
                <ns3:RunCadence>53</ns3:RunCadence>
              </ns3:TPX>
            </Extensions>
          </Trackpoint>
          <Trackpoint>
            <Time>2022-10-17T18:16:49.000Z</Time>
            <Position>
              <LatitudeDegrees>-33.403424145653844</LatitudeDegrees>
              <LongitudeDegrees>-70.5383793823421</LongitudeDegrees>
            </Position>
            <AltitudeMeters>756.5999755859375</AltitudeMeters>
            <DistanceMeters>4600.080078125</DistanceMeters>
            <HeartRateBpm>
              <Value>136</Value>
            </HeartRateBpm>
            <Extensions>
              <ns3:TPX>
                <ns3:Speed>2.2109999656677246</ns3:Speed>
                <ns3:RunCadence>57</ns3:RunCadence>
              </ns3:TPX>
            </Extensions>
          </Trackpoint>
          <Trackpoint>
            <Time>2022-10-17T18:16:55.000Z</Time>
            <Position>
              <LatitudeDegrees>-33.403598573058844</LatitudeDegrees>
              <LongitudeDegrees>-70.53850670345128</LongitudeDegrees>
            </Position>
            <AltitudeMeters>753.5999755859375</AltitudeMeters>
            <DistanceMeters>4622.83984375</DistanceMeters>
            <HeartRateBpm>
              <Value>137</Value>
            </HeartRateBpm>
            <Extensions>
              <ns3:TPX>
                <ns3:Speed>2.3889999389648438</ns3:Speed>
                <ns3:RunCadence>57</ns3:RunCadence>
              </ns3:TPX>
            </Extensions>
          </Trackpoint>
          <Trackpoint>
            <Time>2022-10-17T18:17:01.000Z</Time>
            <Position>
              <LatitudeDegrees>-33.403717428445816</LatitudeDegrees>
              <LongitudeDegrees>-70.53866604343057</LongitudeDegrees>
            </Position>
            <AltitudeMeters>751.2000122070312</AltitudeMeters>
            <DistanceMeters>4642.81005859375</DistanceMeters>
            <HeartRateBpm>
              <Value>134</Value>
            </HeartRateBpm>
            <Extensions>
              <ns3:TPX>
                <ns3:Speed>2.7060000896453857</ns3:Speed>
                <ns3:RunCadence>82</ns3:RunCadence>
              </ns3:TPX>
            </Extensions>
          </Trackpoint>
          <Trackpoint>
            <Time>2022-10-17T18:17:05.000Z</Time>
            <Position>
              <LatitudeDegrees>-33.403740394860506</LatitudeDegrees>
              <LongitudeDegrees>-70.53871390409768</LongitudeDegrees>
            </Position>
            <AltitudeMeters>750.5999755859375</AltitudeMeters>
            <DistanceMeters>4647.83984375</DistanceMeters>
            <HeartRateBpm>
              <Value>131</Value>
            </HeartRateBpm>
            <Extensions>
              <ns3:TPX>
                <ns3:Speed>2.874000072479248</ns3:Speed>
                <ns3:RunCadence>80</ns3:RunCadence>
              </ns3:TPX>
            </Extensions>
          </Trackpoint>
          <Trackpoint>
            <Time>2022-10-17T18:17:10.000Z</Time>
            <Position>
              <LatitudeDegrees>-33.403713405132294</LatitudeDegrees>
              <LongitudeDegrees>-70.53871340118349</LongitudeDegrees>
            </Position>
            <AltitudeMeters>750.7999877929688</AltitudeMeters>
            <DistanceMeters>4649.7001953125</DistanceMeters>
            <HeartRateBpm>
              <Value>128</Value>
            </HeartRateBpm>
            <Extensions>
              <ns3:TPX>
                <ns3:Speed>0.0</ns3:Speed>
                <ns3:RunCadence>0</ns3:RunCadence>
              </ns3:TPX>
            </Extensions>
          </Trackpoint>
          <Trackpoint>
            <Time>2022-10-17T18:17:16.000Z</Time>
            <Position>
              <LatitudeDegrees>-33.40370200574398</LatitudeDegrees>
              <LongitudeDegrees>-70.53872094489634</LongitudeDegrees>
            </Position>
            <AltitudeMeters>750.7999877929688</AltitudeMeters>
            <DistanceMeters>4650.2001953125</DistanceMeters>
            <HeartRateBpm>
              <Value>125</Value>
            </HeartRateBpm>
            <Extensions>
              <ns3:TPX>
                <ns3:Speed>0.0</ns3:Speed>
                <ns3:RunCadence>0</ns3:RunCadence>
              </ns3:TPX>
            </Extensions>
          </Trackpoint>
          <Trackpoint>
            <Time>2022-10-17T18:17:30.000Z</Time>
            <Position>
              <LatitudeDegrees>-33.40368775650859</LatitudeDegrees>
              <LongitudeDegrees>-70.53873393684626</LongitudeDegrees>
            </Position>
            <AltitudeMeters>750.7999877929688</AltitudeMeters>
            <DistanceMeters>4653.58984375</DistanceMeters>
            <HeartRateBpm>
              <Value>122</Value>
            </HeartRateBpm>
            <Extensions>
              <ns3:TPX>
                <ns3:Speed>0.0</ns3:Speed>
                <ns3:RunCadence>0</ns3:RunCadence>
              </ns3:TPX>
            </Extensions>
          </Trackpoint>
          <Trackpoint>
            <Time>2022-10-17T18:17:34.000Z</Time>
            <Position>
              <LatitudeDegrees>-33.40368306264281</LatitudeDegrees>
              <LongitudeDegrees>-70.53874575532973</LongitudeDegrees>
            </Position>
            <AltitudeMeters>750.7999877929688</AltitudeMeters>
            <DistanceMeters>4653.58984375</DistanceMeters>
            <HeartRateBpm>
              <Value>119</Value>
            </HeartRateBpm>
            <Extensions>
              <ns3:TPX>
                <ns3:Speed>0.0</ns3:Speed>
                <ns3:RunCadence>0</ns3:RunCadence>
              </ns3:TPX>
            </Extensions>
          </Trackpoint>
          <Trackpoint>
            <Time>2022-10-17T18:17:43.000Z</Time>
            <Position>
              <LatitudeDegrees>-33.40368105098605</LatitudeDegrees>
              <LongitudeDegrees>-70.53876092657447</LongitudeDegrees>
            </Position>
            <AltitudeMeters>750.5999755859375</AltitudeMeters>
            <DistanceMeters>4654.509765625</DistanceMeters>
            <HeartRateBpm>
              <Value>116</Value>
            </HeartRateBpm>
            <Extensions>
              <ns3:TPX>
                <ns3:Speed>0.0</ns3:Speed>
                <ns3:RunCadence>0</ns3:RunCadence>
              </ns3:TPX>
            </Extensions>
          </Trackpoint>
          <Trackpoint>
            <Time>2022-10-17T18:17:46.000Z</Time>
            <Position>
              <LatitudeDegrees>-33.40368582867086</LatitudeDegrees>
              <LongitudeDegrees>-70.53875748999417</LongitudeDegrees>
            </Position>
            <AltitudeMeters>750.5999755859375</AltitudeMeters>
            <DistanceMeters>4655.22998046875</DistanceMeters>
            <HeartRateBpm>
              <Value>111</Value>
            </HeartRateBpm>
            <Extensions>
              <ns3:TPX>
                <ns3:Speed>0.0</ns3:Speed>
                <ns3:RunCadence>0</ns3:RunCadence>
              </ns3:TPX>
            </Extensions>
          </Trackpoint>
          <Trackpoint>
            <Time>2022-10-17T18:17:47.000Z</Time>
            <Position>
              <LatitudeDegrees>-33.40368633158505</LatitudeDegrees>
              <LongitudeDegrees>-70.5387541372329</LongitudeDegrees>
            </Position>
            <AltitudeMeters>750.5999755859375</AltitudeMeters>
            <DistanceMeters>4655.47998046875</DistanceMeters>
            <HeartRateBpm>
              <Value>108</Value>
            </HeartRateBpm>
            <Extensions>
              <ns3:TPX>
                <ns3:Speed>0.0</ns3:Speed>
                <ns3:RunCadence>0</ns3:RunCadence>
              </ns3:TPX>
            </Extensions>
          </Trackpoint>
          <Trackpoint>
            <Time>2022-10-17T18:17:49.000Z</Time>
            <Position>
              <LatitudeDegrees>-33.4036872535944</LatitudeDegrees>
              <LongitudeDegrees>-70.53875086829066</LongitudeDegrees>
            </Position>
            <AltitudeMeters>750.5999755859375</AltitudeMeters>
            <DistanceMeters>4655.5498046875</DistanceMeters>
            <HeartRateBpm>
              <Value>105</Value>
            </HeartRateBpm>
            <Extensions>
              <ns3:TPX>
                <ns3:Speed>0.0</ns3:Speed>
                <ns3:RunCadence>0</ns3:RunCadence>
              </ns3:TPX>
            </Extensions>
          </Trackpoint>
          <Trackpoint>
            <Time>2022-10-17T18:17:54.000Z</Time>
            <Position>
              <LatitudeDegrees>-33.40368817560375</LatitudeDegrees>
              <LongitudeDegrees>-70.53874776698649</LongitudeDegrees>
            </Position>
            <AltitudeMeters>750.5999755859375</AltitudeMeters>
            <DistanceMeters>4656.10986328125</DistanceMeters>
            <HeartRateBpm>
              <Value>108</Value>
            </HeartRateBpm>
            <Extensions>
              <ns3:TPX>
                <ns3:Speed>0.0</ns3:Speed>
                <ns3:RunCadence>0</ns3:RunCadence>
              </ns3:TPX>
            </Extensions>
          </Trackpoint>
          <Trackpoint>
            <Time>2022-10-17T18:18:01.000Z</Time>
            <Position>
              <LatitudeDegrees>-33.40369471348822</LatitudeDegrees>
              <LongitudeDegrees>-70.53872547112405</LongitudeDegrees>
            </Position>
            <AltitudeMeters>750.7999877929688</AltitudeMeters>
            <DistanceMeters>4658.68017578125</DistanceMeters>
            <HeartRateBpm>
              <Value>105</Value>
            </HeartRateBpm>
            <Extensions>
              <ns3:TPX>
                <ns3:Speed>0.0</ns3:Speed>
                <ns3:RunCadence>0</ns3:RunCadence>
              </ns3:TPX>
            </Extensions>
          </Trackpoint>
          <Trackpoint>
            <Time>2022-10-17T18:18:09.000Z</Time>
            <Position>
              <LatitudeDegrees>-33.403684571385384</LatitudeDegrees>
              <LongitudeDegrees>-70.53873452357948</LongitudeDegrees>
            </Position>
            <AltitudeMeters>750.7999877929688</AltitudeMeters>
            <DistanceMeters>4659.9501953125</DistanceMeters>
            <HeartRateBpm>
              <Value>101</Value>
            </HeartRateBpm>
            <Extensions>
              <ns3:TPX>
                <ns3:Speed>0.0</ns3:Speed>
                <ns3:RunCadence>0</ns3:RunCadence>
              </ns3:TPX>
            </Extensions>
          </Trackpoint>
          <Trackpoint>
            <Time>2022-10-17T18:18:19.000Z</Time>
            <Position>
              <LatitudeDegrees>-33.40355163440108</LatitudeDegrees>
              <LongitudeDegrees>-70.53855548612773</LongitudeDegrees>
            </Position>
            <AltitudeMeters>753.4000244140625</AltitudeMeters>
            <DistanceMeters>4682.27978515625</DistanceMeters>
            <HeartRateBpm>
              <Value>104</Value>
            </HeartRateBpm>
            <Extensions>
              <ns3:TPX>
                <ns3:Speed>3.1440000534057617</ns3:Speed>
                <ns3:RunCadence>83</ns3:RunCadence>
              </ns3:TPX>
            </Extensions>
          </Trackpoint>
          <Trackpoint>
            <Time>2022-10-17T18:18:20.000Z</Time>
            <Position>
              <LatitudeDegrees>-33.40352808125317</LatitudeDegrees>
              <LongitudeDegrees>-70.53853469900787</LongitudeDegrees>
            </Position>
            <AltitudeMeters>753.5999755859375</AltitudeMeters>
            <DistanceMeters>4685.52978515625</DistanceMeters>
            <HeartRateBpm>
              <Value>107</Value>
            </HeartRateBpm>
            <Extensions>
              <ns3:TPX>
                <ns3:Speed>3.1540000438690186</ns3:Speed>
                <ns3:RunCadence>83</ns3:RunCadence>
              </ns3:TPX>
            </Extensions>
          </Trackpoint>
          <Trackpoint>
            <Time>2022-10-17T18:18:22.000Z</Time>
            <Position>
              <LatitudeDegrees>-33.40348499827087</LatitudeDegrees>
              <LongitudeDegrees>-70.53849253803492</LongitudeDegrees>
            </Position>
            <AltitudeMeters>754.4000244140625</AltitudeMeters>
            <DistanceMeters>4691.7099609375</DistanceMeters>
            <HeartRateBpm>
              <Value>111</Value>
            </HeartRateBpm>
            <Extensions>
              <ns3:TPX>
                <ns3:Speed>3.1540000438690186</ns3:Speed>
                <ns3:RunCadence>86</ns3:RunCadence>
              </ns3:TPX>
            </Extensions>
          </Trackpoint>
          <Trackpoint>
            <Time>2022-10-17T18:18:24.000Z</Time>
            <Position>
              <LatitudeDegrees>-33.40343705378473</LatitudeDegrees>
              <LongitudeDegrees>-70.53845909424126</LongitudeDegrees>
            </Position>
            <AltitudeMeters>755.5999755859375</AltitudeMeters>
            <DistanceMeters>4697.41015625</DistanceMeters>
            <HeartRateBpm>
              <Value>115</Value>
            </HeartRateBpm>
            <Extensions>
              <ns3:TPX>
                <ns3:Speed>2.9210000038146973</ns3:Speed>
                <ns3:RunCadence>85</ns3:RunCadence>
              </ns3:TPX>
            </Extensions>
          </Trackpoint>
          <Trackpoint>
            <Time>2022-10-17T18:18:27.000Z</Time>
            <Position>
              <LatitudeDegrees>-33.403370501473546</LatitudeDegrees>
              <LongitudeDegrees>-70.53841969929636</LongitudeDegrees>
            </Position>
            <AltitudeMeters>757.4000244140625</AltitudeMeters>
            <DistanceMeters>4705.31005859375</DistanceMeters>
            <HeartRateBpm>
              <Value>118</Value>
            </HeartRateBpm>
            <Extensions>
              <ns3:TPX>
                <ns3:Speed>3.181999921798706</ns3:Speed>
                <ns3:RunCadence>84</ns3:RunCadence>
              </ns3:TPX>
            </Extensions>
          </Trackpoint>
          <Trackpoint>
            <Time>2022-10-17T18:18:31.000Z</Time>
            <Position>
              <LatitudeDegrees>-33.403298165649176</LatitudeDegrees>
              <LongitudeDegrees>-70.53837401792407</LongitudeDegrees>
            </Position>
            <AltitudeMeters>759.4000244140625</AltitudeMeters>
            <DistanceMeters>4714.3701171875</DistanceMeters>
            <HeartRateBpm>
              <Value>121</Value>
            </HeartRateBpm>
            <Extensions>
              <ns3:TPX>
                <ns3:Speed>2.500999927520752</ns3:Speed>
                <ns3:RunCadence>80</ns3:RunCadence>
              </ns3:TPX>
            </Extensions>
          </Trackpoint>
          <Trackpoint>
            <Time>2022-10-17T18:18:35.000Z</Time>
            <Position>
              <LatitudeDegrees>-33.40324703603983</LatitudeDegrees>
              <LongitudeDegrees>-70.53833940066397</LongitudeDegrees>
            </Position>
            <AltitudeMeters>761.0</AltitudeMeters>
            <DistanceMeters>4720.93017578125</DistanceMeters>
            <HeartRateBpm>
              <Value>124</Value>
            </HeartRateBpm>
            <Extensions>
              <ns3:TPX>
                <ns3:Speed>2.444999933242798</ns3:Speed>
                <ns3:RunCadence>82</ns3:RunCadence>
              </ns3:TPX>
            </Extensions>
          </Trackpoint>
          <Trackpoint>
            <Time>2022-10-17T18:18:39.000Z</Time>
            <Position>
              <LatitudeDegrees>-33.40320060029626</LatitudeDegrees>
              <LongitudeDegrees>-70.53831308148801</LongitudeDegrees>
            </Position>
            <AltitudeMeters>762.2000122070312</AltitudeMeters>
            <DistanceMeters>4726.6298828125</DistanceMeters>
            <HeartRateBpm>
              <Value>127</Value>
            </HeartRateBpm>
            <Extensions>
              <ns3:TPX>
                <ns3:Speed>2.378999948501587</ns3:Speed>
                <ns3:RunCadence>81</ns3:RunCadence>
              </ns3:TPX>
            </Extensions>
          </Trackpoint>
          <Trackpoint>
            <Time>2022-10-17T18:18:41.000Z</Time>
            <Position>
              <LatitudeDegrees>-33.40317721478641</LatitudeDegrees>
              <LongitudeDegrees>-70.53829598240554</LongitudeDegrees>
            </Position>
            <AltitudeMeters>762.7999877929688</AltitudeMeters>
            <DistanceMeters>4729.669921875</DistanceMeters>
            <HeartRateBpm>
              <Value>130</Value>
            </HeartRateBpm>
            <Extensions>
              <ns3:TPX>
                <ns3:Speed>2.305000066757202</ns3:Speed>
                <ns3:RunCadence>83</ns3:RunCadence>
              </ns3:TPX>
            </Extensions>
          </Trackpoint>
          <Trackpoint>
            <Time>2022-10-17T18:18:44.000Z</Time>
            <Position>
              <LatitudeDegrees>-33.40314779430628</LatitudeDegrees>
              <LongitudeDegrees>-70.53826563991606</LongitudeDegrees>
            </Position>
            <AltitudeMeters>763.7999877929688</AltitudeMeters>
            <DistanceMeters>4733.97998046875</DistanceMeters>
            <HeartRateBpm>
              <Value>133</Value>
            </HeartRateBpm>
            <Extensions>
              <ns3:TPX>
                <ns3:Speed>2.193000078201294</ns3:Speed>
                <ns3:RunCadence>82</ns3:RunCadence>
              </ns3:TPX>
            </Extensions>
          </Trackpoint>
          <Trackpoint>
            <Time>2022-10-17T18:18:46.000Z</Time>
            <Position>
              <LatitudeDegrees>-33.40312457643449</LatitudeDegrees>
              <LongitudeDegrees>-70.53825189359486</LongitudeDegrees>
            </Position>
            <AltitudeMeters>764.4000244140625</AltitudeMeters>
            <DistanceMeters>4736.85986328125</DistanceMeters>
            <HeartRateBpm>
              <Value>136</Value>
            </HeartRateBpm>
            <Extensions>
              <ns3:TPX>
                <ns3:Speed>2.127000093460083</ns3:Speed>
                <ns3:RunCadence>81</ns3:RunCadence>
              </ns3:TPX>
            </Extensions>
          </Trackpoint>
          <Trackpoint>
            <Time>2022-10-17T18:18:48.000Z</Time>
            <Position>
              <LatitudeDegrees>-33.40310144238174</LatitudeDegrees>
              <LongitudeDegrees>-70.53823672235012</LongitudeDegrees>
            </Position>
            <AltitudeMeters>765.0</AltitudeMeters>
            <DistanceMeters>4739.77978515625</DistanceMeters>
            <HeartRateBpm>
              <Value>139</Value>
            </HeartRateBpm>
            <Extensions>
              <ns3:TPX>
                <ns3:Speed>2.052999973297119</ns3:Speed>
                <ns3:RunCadence>81</ns3:RunCadence>
              </ns3:TPX>
            </Extensions>
          </Trackpoint>
          <Trackpoint>
            <Time>2022-10-17T18:18:51.000Z</Time>
            <Position>
              <LatitudeDegrees>-33.40306816622615</LatitudeDegrees>
              <LongitudeDegrees>-70.53821442648768</LongitudeDegrees>
            </Position>
            <AltitudeMeters>766.0</AltitudeMeters>
            <DistanceMeters>4744.02001953125</DistanceMeters>
            <HeartRateBpm>
              <Value>142</Value>
            </HeartRateBpm>
            <Extensions>
              <ns3:TPX>
                <ns3:Speed>1.9500000476837158</ns3:Speed>
                <ns3:RunCadence>82</ns3:RunCadence>
              </ns3:TPX>
            </Extensions>
          </Trackpoint>
          <Trackpoint>
            <Time>2022-10-17T18:18:54.000Z</Time>
            <Position>
              <LatitudeDegrees>-33.40303204022348</LatitudeDegrees>
              <LongitudeDegrees>-70.53819062188268</LongitudeDegrees>
            </Position>
            <AltitudeMeters>767.0</AltitudeMeters>
            <DistanceMeters>4748.58984375</DistanceMeters>
            <HeartRateBpm>
              <Value>145</Value>
            </HeartRateBpm>
            <Extensions>
              <ns3:TPX>
                <ns3:Speed>1.8569999933242798</ns3:Speed>
                <ns3:RunCadence>82</ns3:RunCadence>
              </ns3:TPX>
            </Extensions>
          </Trackpoint>
          <Trackpoint>
            <Time>2022-10-17T18:18:58.000Z</Time>
            <Position>
              <LatitudeDegrees>-33.40299448929727</LatitudeDegrees>
              <LongitudeDegrees>-70.53818559274077</LongitudeDegrees>
            </Position>
            <AltitudeMeters>767.7999877929688</AltitudeMeters>
            <DistanceMeters>4752.85009765625</DistanceMeters>
            <HeartRateBpm>
              <Value>148</Value>
            </HeartRateBpm>
            <Extensions>
              <ns3:TPX>
                <ns3:Speed>1.753999948501587</ns3:Speed>
                <ns3:RunCadence>83</ns3:RunCadence>
              </ns3:TPX>
            </Extensions>
          </Trackpoint>
          <Trackpoint>
            <Time>2022-10-17T18:19:00.000Z</Time>
            <Position>
              <LatitudeDegrees>-33.40297060087323</LatitudeDegrees>
              <LongitudeDegrees>-70.5381880234927</LongitudeDegrees>
            </Position>
            <AltitudeMeters>768.4000244140625</AltitudeMeters>
            <DistanceMeters>4755.509765625</DistanceMeters>
            <HeartRateBpm>
              <Value>148</Value>
            </HeartRateBpm>
            <Extensions>
              <ns3:TPX>
                <ns3:Speed>1.7170000076293945</ns3:Speed>
                <ns3:RunCadence>83</ns3:RunCadence>
              </ns3:TPX>
            </Extensions>
          </Trackpoint>
          <Trackpoint>
            <Time>2022-10-17T18:19:06.000Z</Time>
            <Position>
              <LatitudeDegrees>-33.40292944572866</LatitudeDegrees>
              <LongitudeDegrees>-70.53814619779587</LongitudeDegrees>
            </Position>
            <AltitudeMeters>769.5999755859375</AltitudeMeters>
            <DistanceMeters>4761.8701171875</DistanceMeters>
            <HeartRateBpm>
              <Value>148</Value>
            </HeartRateBpm>
            <Extensions>
              <ns3:TPX>
                <ns3:Speed>1.5490000247955322</ns3:Speed>
                <ns3:RunCadence>77</ns3:RunCadence>
              </ns3:TPX>
            </Extensions>
          </Trackpoint>
          <Trackpoint>
            <Time>2022-10-17T18:19:09.000Z</Time>
            <Position>
              <LatitudeDegrees>-33.40291008353233</LatitudeDegrees>
              <LongitudeDegrees>-70.53814871236682</LongitudeDegrees>
            </Position>
            <AltitudeMeters>770.0</AltitudeMeters>
            <DistanceMeters>4764.06005859375</DistanceMeters>
            <HeartRateBpm>
              <Value>149</Value>
            </HeartRateBpm>
            <Extensions>
              <ns3:TPX>
                <ns3:Speed>1.4839999675750732</ns3:Speed>
                <ns3:RunCadence>77</ns3:RunCadence>
              </ns3:TPX>
            </Extensions>
          </Trackpoint>
          <Trackpoint>
            <Time>2022-10-17T18:19:14.000Z</Time>
            <Position>
              <LatitudeDegrees>-33.402858786284924</LatitudeDegrees>
              <LongitudeDegrees>-70.5381740257144</LongitudeDegrees>
            </Position>
            <AltitudeMeters>770.7999877929688</AltitudeMeters>
            <DistanceMeters>4776.490234375</DistanceMeters>
            <HeartRateBpm>
              <Value>153</Value>
            </HeartRateBpm>
            <Extensions>
              <ns3:TPX>
                <ns3:Speed>2.7709999084472656</ns3:Speed>
                <ns3:RunCadence>76</ns3:RunCadence>
              </ns3:TPX>
            </Extensions>
          </Trackpoint>
          <Trackpoint>
            <Time>2022-10-17T18:19:17.000Z</Time>
            <Position>
              <LatitudeDegrees>-33.40283313766122</LatitudeDegrees>
              <LongitudeDegrees>-70.53818701766431</LongitudeDegrees>
            </Position>
            <AltitudeMeters>771.4000244140625</AltitudeMeters>
            <DistanceMeters>4779.56982421875</DistanceMeters>
            <HeartRateBpm>
              <Value>156</Value>
            </HeartRateBpm>
            <Extensions>
              <ns3:TPX>
                <ns3:Speed>1.3899999856948853</ns3:Speed>
                <ns3:RunCadence>72</ns3:RunCadence>
              </ns3:TPX>
            </Extensions>
          </Trackpoint>
          <Trackpoint>
            <Time>2022-10-17T18:19:18.000Z</Time>
            <Position>
              <LatitudeDegrees>-33.40282827615738</LatitudeDegrees>
              <LongitudeDegrees>-70.53819187916815</LongitudeDegrees>
            </Position>
            <AltitudeMeters>771.2000122070312</AltitudeMeters>
            <DistanceMeters>4780.259765625</DistanceMeters>
            <HeartRateBpm>
              <Value>157</Value>
            </HeartRateBpm>
            <Extensions>
              <ns3:TPX>
                <ns3:Speed>1.371999979019165</ns3:Speed>
                <ns3:RunCadence>71</ns3:RunCadence>
              </ns3:TPX>
            </Extensions>
          </Trackpoint>
          <Trackpoint>
            <Time>2022-10-17T18:19:26.000Z</Time>
            <Position>
              <LatitudeDegrees>-33.40275015681982</LatitudeDegrees>
              <LongitudeDegrees>-70.53822808898985</LongitudeDegrees>
            </Position>
            <AltitudeMeters>771.2000122070312</AltitudeMeters>
            <DistanceMeters>4789.72021484375</DistanceMeters>
            <HeartRateBpm>
              <Value>160</Value>
            </HeartRateBpm>
            <Extensions>
              <ns3:TPX>
                <ns3:Speed>1.2319999933242798</ns3:Speed>
                <ns3:RunCadence>74</ns3:RunCadence>
              </ns3:TPX>
            </Extensions>
          </Trackpoint>
          <Trackpoint>
            <Time>2022-10-17T18:19:32.000Z</Time>
            <Position>
              <LatitudeDegrees>-33.40268846601248</LatitudeDegrees>
              <LongitudeDegrees>-70.53822817280889</LongitudeDegrees>
            </Position>
            <AltitudeMeters>771.5999755859375</AltitudeMeters>
            <DistanceMeters>4796.5498046875</DistanceMeters>
            <HeartRateBpm>
              <Value>161</Value>
            </HeartRateBpm>
            <Extensions>
              <ns3:TPX>
                <ns3:Speed>1.1660000085830688</ns3:Speed>
                <ns3:RunCadence>72</ns3:RunCadence>
              </ns3:TPX>
            </Extensions>
          </Trackpoint>
          <Trackpoint>
            <Time>2022-10-17T18:19:33.000Z</Time>
            <Position>
              <LatitudeDegrees>-33.40267865918577</LatitudeDegrees>
              <LongitudeDegrees>-70.53822247311473</LongitudeDegrees>
            </Position>
            <AltitudeMeters>771.7999877929688</AltitudeMeters>
            <DistanceMeters>4797.72998046875</DistanceMeters>
            <HeartRateBpm>
              <Value>161</Value>
            </HeartRateBpm>
            <Extensions>
              <ns3:TPX>
                <ns3:Speed>1.1660000085830688</ns3:Speed>
                <ns3:RunCadence>72</ns3:RunCadence>
              </ns3:TPX>
            </Extensions>
          </Trackpoint>
          <Trackpoint>
            <Time>2022-10-17T18:19:40.000Z</Time>
            <Position>
              <LatitudeDegrees>-33.40260598808527</LatitudeDegrees>
              <LongitudeDegrees>-70.53819204680622</LongitudeDegrees>
            </Position>
            <AltitudeMeters>774.0</AltitudeMeters>
            <DistanceMeters>4806.56005859375</DistanceMeters>
            <HeartRateBpm>
              <Value>162</Value>
            </HeartRateBpm>
            <Extensions>
              <ns3:TPX>
                <ns3:Speed>1.1480000019073486</ns3:Speed>
                <ns3:RunCadence>68</ns3:RunCadence>
              </ns3:TPX>
            </Extensions>
          </Trackpoint>
          <Trackpoint>
            <Time>2022-10-17T18:19:46.000Z</Time>
            <Position>
              <LatitudeDegrees>-33.40256240218878</LatitudeDegrees>
              <LongitudeDegrees>-70.53816170431674</LongitudeDegrees>
            </Position>
            <AltitudeMeters>776.0</AltitudeMeters>
            <DistanceMeters>4812.52978515625</DistanceMeters>
            <HeartRateBpm>
              <Value>163</Value>
            </HeartRateBpm>
            <Extensions>
              <ns3:TPX>
                <ns3:Speed>1.156999945640564</ns3:Speed>
                <ns3:RunCadence>121</ns3:RunCadence>
              </ns3:TPX>
            </Extensions>
          </Trackpoint>
          <Trackpoint>
            <Time>2022-10-17T18:19:51.000Z</Time>
            <Position>
              <LatitudeDegrees>-33.4025283716619</LatitudeDegrees>
              <LongitudeDegrees>-70.53808400407434</LongitudeDegrees>
            </Position>
            <AltitudeMeters>778.7999877929688</AltitudeMeters>
            <DistanceMeters>4821.419921875</DistanceMeters>
            <HeartRateBpm>
              <Value>165</Value>
            </HeartRateBpm>
            <Extensions>
              <ns3:TPX>
                <ns3:Speed>2.1089999675750732</ns3:Speed>
                <ns3:RunCadence>65</ns3:RunCadence>
              </ns3:TPX>
            </Extensions>
          </Trackpoint>
          <Trackpoint>
            <Time>2022-10-17T18:20:02.000Z</Time>
            <Position>
              <LatitudeDegrees>-33.40243826620281</LatitudeDegrees>
              <LongitudeDegrees>-70.53813664242625</LongitudeDegrees>
            </Position>
            <AltitudeMeters>780.4000244140625</AltitudeMeters>
            <DistanceMeters>4836.47998046875</DistanceMeters>
            <HeartRateBpm>
              <Value>162</Value>
            </HeartRateBpm>
            <Extensions>
              <ns3:TPX>
                <ns3:Speed>1.1759999990463257</ns3:Speed>
                <ns3:RunCadence>66</ns3:RunCadence>
              </ns3:TPX>
            </Extensions>
          </Trackpoint>
          <Trackpoint>
            <Time>2022-10-17T18:20:10.000Z</Time>
            <Position>
              <LatitudeDegrees>-33.40235696174204</LatitudeDegrees>
              <LongitudeDegrees>-70.53811409510672</LongitudeDegrees>
            </Position>
            <AltitudeMeters>783.4000244140625</AltitudeMeters>
            <DistanceMeters>4846.2998046875</DistanceMeters>
            <HeartRateBpm>
              <Value>161</Value>
            </HeartRateBpm>
            <Extensions>
              <ns3:TPX>
                <ns3:Speed>1.1200000047683716</ns3:Speed>
                <ns3:RunCadence>66</ns3:RunCadence>
              </ns3:TPX>
            </Extensions>
          </Trackpoint>
          <Trackpoint>
            <Time>2022-10-17T18:20:14.000Z</Time>
            <Position>
              <LatitudeDegrees>-33.40232661925256</LatitudeDegrees>
              <LongitudeDegrees>-70.53809867240489</LongitudeDegrees>
            </Position>
            <AltitudeMeters>784.5999755859375</AltitudeMeters>
            <DistanceMeters>4849.919921875</DistanceMeters>
            <HeartRateBpm>
              <Value>161</Value>
            </HeartRateBpm>
            <Extensions>
              <ns3:TPX>
                <ns3:Speed>1.128999948501587</ns3:Speed>
                <ns3:RunCadence>67</ns3:RunCadence>
              </ns3:TPX>
            </Extensions>
          </Trackpoint>
          <Trackpoint>
            <Time>2022-10-17T18:20:23.000Z</Time>
            <Position>
              <LatitudeDegrees>-33.40224891901016</LatitudeDegrees>
              <LongitudeDegrees>-70.53809456527233</LongitudeDegrees>
            </Position>
            <AltitudeMeters>787.0</AltitudeMeters>
            <DistanceMeters>4858.6298828125</DistanceMeters>
            <HeartRateBpm>
              <Value>160</Value>
            </HeartRateBpm>
            <Extensions>
              <ns3:TPX>
                <ns3:Speed>1.1200000047683716</ns3:Speed>
                <ns3:RunCadence>120</ns3:RunCadence>
              </ns3:TPX>
            </Extensions>
          </Trackpoint>
          <Trackpoint>
            <Time>2022-10-17T18:20:46.000Z</Time>
            <Position>
              <LatitudeDegrees>-33.402078514918685</LatitudeDegrees>
              <LongitudeDegrees>-70.53804561495781</LongitudeDegrees>
            </Position>
            <AltitudeMeters>793.2000122070312</AltitudeMeters>
            <DistanceMeters>4878.66015625</DistanceMeters>
            <HeartRateBpm>
              <Value>158</Value>
            </HeartRateBpm>
            <Extensions>
              <ns3:TPX>
                <ns3:Speed>1.0640000104904175</ns3:Speed>
                <ns3:RunCadence>122</ns3:RunCadence>
              </ns3:TPX>
            </Extensions>
          </Trackpoint>
          <Trackpoint>
            <Time>2022-10-17T18:20:49.000Z</Time>
            <Position>
              <LatitudeDegrees>-33.40204406529665</LatitudeDegrees>
              <LongitudeDegrees>-70.5380183737725</LongitudeDegrees>
            </Position>
            <AltitudeMeters>794.7999877929688</AltitudeMeters>
            <DistanceMeters>4883.240234375</DistanceMeters>
            <HeartRateBpm>
              <Value>158</Value>
            </HeartRateBpm>
            <Extensions>
              <ns3:TPX>
                <ns3:Speed>1.3250000476837158</ns3:Speed>
                <ns3:RunCadence>66</ns3:RunCadence>
              </ns3:TPX>
            </Extensions>
          </Trackpoint>
          <Trackpoint>
            <Time>2022-10-17T18:21:07.000Z</Time>
            <Position>
              <LatitudeDegrees>-33.401862094178796</LatitudeDegrees>
              <LongitudeDegrees>-70.53802977316082</LongitudeDegrees>
            </Position>
            <AltitudeMeters>800.0</AltitudeMeters>
            <DistanceMeters>4903.7998046875</DistanceMeters>
            <HeartRateBpm>
              <Value>158</Value>
            </HeartRateBpm>
            <Extensions>
              <ns3:TPX>
                <ns3:Speed>1.2970000505447388</ns3:Speed>
                <ns3:RunCadence>67</ns3:RunCadence>
              </ns3:TPX>
            </Extensions>
          </Trackpoint>
          <Trackpoint>
            <Time>2022-10-17T18:21:13.000Z</Time>
            <Position>
              <LatitudeDegrees>-33.401791267096996</LatitudeDegrees>
              <LongitudeDegrees>-70.53803748451173</LongitudeDegrees>
            </Position>
            <AltitudeMeters>801.2000122070312</AltitudeMeters>
            <DistanceMeters>4911.72021484375</DistanceMeters>
            <HeartRateBpm>
              <Value>158</Value>
            </HeartRateBpm>
            <Extensions>
              <ns3:TPX>
                <ns3:Speed>1.2319999933242798</ns3:Speed>
                <ns3:RunCadence>66</ns3:RunCadence>
              </ns3:TPX>
            </Extensions>
          </Trackpoint>
          <Trackpoint>
            <Time>2022-10-17T18:21:26.000Z</Time>
            <Position>
              <LatitudeDegrees>-33.40162589214742</LatitudeDegrees>
              <LongitudeDegrees>-70.53792893886566</LongitudeDegrees>
            </Position>
            <AltitudeMeters>806.5999755859375</AltitudeMeters>
            <DistanceMeters>4932.990234375</DistanceMeters>
            <HeartRateBpm>
              <Value>158</Value>
            </HeartRateBpm>
            <Extensions>
              <ns3:TPX>
                <ns3:Speed>1.25</ns3:Speed>
                <ns3:RunCadence>68</ns3:RunCadence>
              </ns3:TPX>
            </Extensions>
          </Trackpoint>
          <Trackpoint>
            <Time>2022-10-17T18:21:29.000Z</Time>
            <Position>
              <LatitudeDegrees>-33.401580629870296</LatitudeDegrees>
              <LongitudeDegrees>-70.53788937628269</LongitudeDegrees>
            </Position>
            <AltitudeMeters>808.0</AltitudeMeters>
            <DistanceMeters>4939.3798828125</DistanceMeters>
            <HeartRateBpm>
              <Value>157</Value>
            </HeartRateBpm>
            <Extensions>
              <ns3:TPX>
                <ns3:Speed>2.257999897003174</ns3:Speed>
                <ns3:RunCadence>70</ns3:RunCadence>
              </ns3:TPX>
            </Extensions>
          </Trackpoint>
          <Trackpoint>
            <Time>2022-10-17T18:21:38.000Z</Time>
            <Position>
              <LatitudeDegrees>-33.401464289054275</LatitudeDegrees>
              <LongitudeDegrees>-70.53773305378854</LongitudeDegrees>
            </Position>
            <AltitudeMeters>812.5999755859375</AltitudeMeters>
            <DistanceMeters>4958.43017578125</DistanceMeters>
            <HeartRateBpm>
              <Value>160</Value>
            </HeartRateBpm>
            <Extensions>
              <ns3:TPX>
                <ns3:Speed>1.4930000305175781</ns3:Speed>
                <ns3:RunCadence>74</ns3:RunCadence>
              </ns3:TPX>
            </Extensions>
          </Trackpoint>
          <Trackpoint>
            <Time>2022-10-17T18:21:40.000Z</Time>
            <Position>
              <LatitudeDegrees>-33.40144207701087</LatitudeDegrees>
              <LongitudeDegrees>-70.53772970102727</LongitudeDegrees>
            </Position>
            <AltitudeMeters>813.0</AltitudeMeters>
            <DistanceMeters>4960.8701171875</DistanceMeters>
            <HeartRateBpm>
              <Value>159</Value>
            </HeartRateBpm>
            <Extensions>
              <ns3:TPX>
                <ns3:Speed>1.5579999685287476</ns3:Speed>
                <ns3:RunCadence>74</ns3:RunCadence>
              </ns3:TPX>
            </Extensions>
          </Trackpoint>
          <Trackpoint>
            <Time>2022-10-17T18:21:48.000Z</Time>
            <Position>
              <LatitudeDegrees>-33.40130092576146</LatitudeDegrees>
              <LongitudeDegrees>-70.53756197914481</LongitudeDegrees>
            </Position>
            <AltitudeMeters>818.2000122070312</AltitudeMeters>
            <DistanceMeters>4982.990234375</DistanceMeters>
            <HeartRateBpm>
              <Value>159</Value>
            </HeartRateBpm>
            <Extensions>
              <ns3:TPX>
                <ns3:Speed>1.6979999542236328</ns3:Speed>
                <ns3:RunCadence>81</ns3:RunCadence>
              </ns3:TPX>
            </Extensions>
          </Trackpoint>
          <Trackpoint>
            <Time>2022-10-17T18:21:52.000Z</Time>
            <Position>
              <LatitudeDegrees>-33.40121325105429</LatitudeDegrees>
              <LongitudeDegrees>-70.53746541962028</LongitudeDegrees>
            </Position>
            <AltitudeMeters>821.2000122070312</AltitudeMeters>
            <DistanceMeters>4996.22998046875</DistanceMeters>
            <HeartRateBpm>
              <Value>156</Value>
            </HeartRateBpm>
            <Extensions>
              <ns3:TPX>
                <ns3:Speed>1.8660000562667847</ns3:Speed>
                <ns3:RunCadence>85</ns3:RunCadence>
              </ns3:TPX>
            </Extensions>
          </Trackpoint>
          <Trackpoint>
            <Time>2022-10-17T18:21:59.000Z</Time>
            <Position>
              <LatitudeDegrees>-33.40107126161456</LatitudeDegrees>
              <LongitudeDegrees>-70.5373018886894</LongitudeDegrees>
            </Position>
            <AltitudeMeters>826.4000244140625</AltitudeMeters>
            <DistanceMeters>5018.16015625</DistanceMeters>
            <HeartRateBpm>
              <Value>156</Value>
            </HeartRateBpm>
            <Extensions>
              <ns3:TPX>
                <ns3:Speed>2.249000072479248</ns3:Speed>
                <ns3:RunCadence>85</ns3:RunCadence>
              </ns3:TPX>
            </Extensions>
          </Trackpoint>
          <Trackpoint>
            <Time>2022-10-17T18:22:06.000Z</Time>
            <Position>
              <LatitudeDegrees>-33.40092499740422</LatitudeDegrees>
              <LongitudeDegrees>-70.53716308437288</LongitudeDegrees>
            </Position>
            <AltitudeMeters>831.0</AltitudeMeters>
            <DistanceMeters>5038.93017578125</DistanceMeters>
            <HeartRateBpm>
              <Value>153</Value>
            </HeartRateBpm>
            <Extensions>
              <ns3:TPX>
                <ns3:Speed>2.546999931335449</ns3:Speed>
                <ns3:RunCadence>85</ns3:RunCadence>
              </ns3:TPX>
            </Extensions>
          </Trackpoint>
          <Trackpoint>
            <Time>2022-10-17T18:22:13.000Z</Time>
            <Position>
              <LatitudeDegrees>-33.400775883346796</LatitudeDegrees>
              <LongitudeDegrees>-70.53702025674284</LongitudeDegrees>
            </Position>
            <AltitudeMeters>831.7999877929688</AltitudeMeters>
            <DistanceMeters>5060.1298828125</DistanceMeters>
            <HeartRateBpm>
              <Value>151</Value>
            </HeartRateBpm>
            <Extensions>
              <ns3:TPX>
                <ns3:Speed>2.697000026702881</ns3:Speed>
                <ns3:RunCadence>81</ns3:RunCadence>
              </ns3:TPX>
            </Extensions>
          </Trackpoint>
          <Trackpoint>
            <Time>2022-10-17T18:22:20.000Z</Time>
            <Position>
              <LatitudeDegrees>-33.40062123723328</LatitudeDegrees>
              <LongitudeDegrees>-70.53688254207373</LongitudeDegrees>
            </Position>
            <AltitudeMeters>832.7999877929688</AltitudeMeters>
            <DistanceMeters>5081.56982421875</DistanceMeters>
            <HeartRateBpm>
              <Value>149</Value>
            </HeartRateBpm>
            <Extensions>
              <ns3:TPX>
                <ns3:Speed>2.818000078201294</ns3:Speed>
                <ns3:RunCadence>87</ns3:RunCadence>
              </ns3:TPX>
            </Extensions>
          </Trackpoint>
          <Trackpoint>
            <Time>2022-10-17T18:22:27.000Z</Time>
            <Position>
              <LatitudeDegrees>-33.40046885423362</LatitudeDegrees>
              <LongitudeDegrees>-70.53673761896789</LongitudeDegrees>
            </Position>
            <AltitudeMeters>833.5999755859375</AltitudeMeters>
            <DistanceMeters>5103.2099609375</DistanceMeters>
            <HeartRateBpm>
              <Value>146</Value>
            </HeartRateBpm>
            <Extensions>
              <ns3:TPX>
                <ns3:Speed>2.8929998874664307</ns3:Speed>
                <ns3:RunCadence>86</ns3:RunCadence>
              </ns3:TPX>
            </Extensions>
          </Trackpoint>
          <Trackpoint>
            <Time>2022-10-17T18:22:30.000Z</Time>
            <Position>
              <LatitudeDegrees>-33.40040523558855</LatitudeDegrees>
              <LongitudeDegrees>-70.53666846826673</LongitudeDegrees>
            </Position>
            <AltitudeMeters>834.0</AltitudeMeters>
            <DistanceMeters>5111.1298828125</DistanceMeters>
            <HeartRateBpm>
              <Value>142</Value>
            </HeartRateBpm>
            <Extensions>
              <ns3:TPX>
                <ns3:Speed>2.7709999084472656</ns3:Speed>
                <ns3:RunCadence>87</ns3:RunCadence>
              </ns3:TPX>
            </Extensions>
          </Trackpoint>
          <Trackpoint>
            <Time>2022-10-17T18:22:37.000Z</Time>
            <Position>
              <LatitudeDegrees>-33.40025184676051</LatitudeDegrees>
              <LongitudeDegrees>-70.53653159178793</LongitudeDegrees>
            </Position>
            <AltitudeMeters>835.0</AltitudeMeters>
            <DistanceMeters>5132.10986328125</DistanceMeters>
            <HeartRateBpm>
              <Value>141</Value>
            </HeartRateBpm>
            <Extensions>
              <ns3:TPX>
                <ns3:Speed>2.930000066757202</ns3:Speed>
                <ns3:RunCadence>87</ns3:RunCadence>
              </ns3:TPX>
            </Extensions>
          </Trackpoint>
          <Trackpoint>
            <Time>2022-10-17T18:22:44.000Z</Time>
            <Position>
              <LatitudeDegrees>-33.40010432526469</LatitudeDegrees>
              <LongitudeDegrees>-70.53638784214854</LongitudeDegrees>
            </Position>
            <AltitudeMeters>836.0</AltitudeMeters>
            <DistanceMeters>5153.22998046875</DistanceMeters>
            <HeartRateBpm>
              <Value>142</Value>
            </HeartRateBpm>
            <Extensions>
              <ns3:TPX>
                <ns3:Speed>2.938999891281128</ns3:Speed>
                <ns3:RunCadence>85</ns3:RunCadence>
              </ns3:TPX>
            </Extensions>
          </Trackpoint>
          <Trackpoint>
            <Time>2022-10-17T18:22:50.000Z</Time>
            <Position>
              <LatitudeDegrees>-33.399983206763864</LatitudeDegrees>
              <LongitudeDegrees>-70.53626127541065</LongitudeDegrees>
            </Position>
            <AltitudeMeters>835.7999877929688</AltitudeMeters>
            <DistanceMeters>5171.08984375</DistanceMeters>
            <HeartRateBpm>
              <Value>139</Value>
            </HeartRateBpm>
            <Extensions>
              <ns3:TPX>
                <ns3:Speed>2.9210000038146973</ns3:Speed>
                <ns3:RunCadence>84</ns3:RunCadence>
              </ns3:TPX>
            </Extensions>
          </Trackpoint>
          <Trackpoint>
            <Time>2022-10-17T18:22:57.000Z</Time>
            <Position>
              <LatitudeDegrees>-33.399835266172886</LatitudeDegrees>
              <LongitudeDegrees>-70.53612506948411</LongitudeDegrees>
            </Position>
            <AltitudeMeters>835.2000122070312</AltitudeMeters>
            <DistanceMeters>5191.830078125</DistanceMeters>
            <HeartRateBpm>
              <Value>138</Value>
            </HeartRateBpm>
            <Extensions>
              <ns3:TPX>
                <ns3:Speed>2.882999897003174</ns3:Speed>
                <ns3:RunCadence>83</ns3:RunCadence>
              </ns3:TPX>
            </Extensions>
          </Trackpoint>
          <Trackpoint>
            <Time>2022-10-17T18:23:04.000Z</Time>
            <Position>
              <LatitudeDegrees>-33.39965354651213</LatitudeDegrees>
              <LongitudeDegrees>-70.53599565289915</LongitudeDegrees>
            </Position>
            <AltitudeMeters>835.7999877929688</AltitudeMeters>
            <DistanceMeters>5215.2998046875</DistanceMeters>
            <HeartRateBpm>
              <Value>135</Value>
            </HeartRateBpm>
            <Extensions>
              <ns3:TPX>
                <ns3:Speed>2.865000009536743</ns3:Speed>
                <ns3:RunCadence>88</ns3:RunCadence>
              </ns3:TPX>
            </Extensions>
          </Trackpoint>
          <Trackpoint>
            <Time>2022-10-17T18:23:12.000Z</Time>
            <Position>
              <LatitudeDegrees>-33.399451710283756</LatitudeDegrees>
              <LongitudeDegrees>-70.53586070425808</LongitudeDegrees>
            </Position>
            <AltitudeMeters>836.5999755859375</AltitudeMeters>
            <DistanceMeters>5238.0</DistanceMeters>
            <HeartRateBpm>
              <Value>135</Value>
            </HeartRateBpm>
            <Extensions>
              <ns3:TPX>
                <ns3:Speed>2.882999897003174</ns3:Speed>
                <ns3:RunCadence>83</ns3:RunCadence>
              </ns3:TPX>
            </Extensions>
          </Trackpoint>
          <Trackpoint>
            <Time>2022-10-17T18:23:19.000Z</Time>
            <Position>
              <LatitudeDegrees>-33.39926764369011</LatitudeDegrees>
              <LongitudeDegrees>-70.53575827740133</LongitudeDegrees>
            </Position>
            <AltitudeMeters>837.4000244140625</AltitudeMeters>
            <DistanceMeters>5260.52978515625</DistanceMeters>
            <HeartRateBpm>
              <Value>134</Value>
            </HeartRateBpm>
            <Extensions>
              <ns3:TPX>
                <ns3:Speed>2.882999897003174</ns3:Speed>
                <ns3:RunCadence>84</ns3:RunCadence>
              </ns3:TPX>
            </Extensions>
          </Trackpoint>
          <Trackpoint>
            <Time>2022-10-17T18:23:26.000Z</Time>
            <Position>
              <LatitudeDegrees>-33.39907905086875</LatitudeDegrees>
              <LongitudeDegrees>-70.5356680881232</LongitudeDegrees>
            </Position>
            <AltitudeMeters>836.4000244140625</AltitudeMeters>
            <DistanceMeters>5283.08984375</DistanceMeters>
            <HeartRateBpm>
              <Value>136</Value>
            </HeartRateBpm>
            <Extensions>
              <ns3:TPX>
                <ns3:Speed>2.9019999504089355</ns3:Speed>
                <ns3:RunCadence>85</ns3:RunCadence>
              </ns3:TPX>
            </Extensions>
          </Trackpoint>
          <Trackpoint>
            <Time>2022-10-17T18:23:33.000Z</Time>
            <Position>
              <LatitudeDegrees>-33.39889012277126</LatitudeDegrees>
              <LongitudeDegrees>-70.53558468818665</LongitudeDegrees>
            </Position>
            <AltitudeMeters>835.7999877929688</AltitudeMeters>
            <DistanceMeters>5305.43017578125</DistanceMeters>
            <HeartRateBpm>
              <Value>135</Value>
            </HeartRateBpm>
            <Extensions>
              <ns3:TPX>
                <ns3:Speed>2.9110000133514404</ns3:Speed>
                <ns3:RunCadence>84</ns3:RunCadence>
              </ns3:TPX>
            </Extensions>
          </Trackpoint>
          <Trackpoint>
            <Time>2022-10-17T18:23:40.000Z</Time>
            <Position>
              <LatitudeDegrees>-33.39870370924473</LatitudeDegrees>
              <LongitudeDegrees>-70.53552752360702</LongitudeDegrees>
            </Position>
            <AltitudeMeters>836.2000122070312</AltitudeMeters>
            <DistanceMeters>5326.7900390625</DistanceMeters>
            <HeartRateBpm>
              <Value>135</Value>
            </HeartRateBpm>
            <Extensions>
              <ns3:TPX>
                <ns3:Speed>2.9110000133514404</ns3:Speed>
                <ns3:RunCadence>85</ns3:RunCadence>
              </ns3:TPX>
            </Extensions>
          </Trackpoint>
          <Trackpoint>
            <Time>2022-10-17T18:23:47.000Z</Time>
            <Position>
              <LatitudeDegrees>-33.39851167984307</LatitudeDegrees>
              <LongitudeDegrees>-70.53546566516161</LongitudeDegrees>
            </Position>
            <AltitudeMeters>836.4000244140625</AltitudeMeters>
            <DistanceMeters>5348.85986328125</DistanceMeters>
            <HeartRateBpm>
              <Value>134</Value>
            </HeartRateBpm>
            <Extensions>
              <ns3:TPX>
                <ns3:Speed>2.9019999504089355</ns3:Speed>
                <ns3:RunCadence>83</ns3:RunCadence>
              </ns3:TPX>
            </Extensions>
          </Trackpoint>
          <Trackpoint>
            <Time>2022-10-17T18:23:51.000Z</Time>
            <Position>
              <LatitudeDegrees>-33.3984306268394</LatitudeDegrees>
              <LongitudeDegrees>-70.53539651446044</LongitudeDegrees>
            </Position>
            <AltitudeMeters>835.2000122070312</AltitudeMeters>
            <DistanceMeters>5360.6298828125</DistanceMeters>
            <HeartRateBpm>
              <Value>135</Value>
            </HeartRateBpm>
            <Extensions>
              <ns3:TPX>
                <ns3:Speed>2.9019999504089355</ns3:Speed>
                <ns3:RunCadence>85</ns3:RunCadence>
              </ns3:TPX>
            </Extensions>
          </Trackpoint>
          <Trackpoint>
            <Time>2022-10-17T18:23:57.000Z</Time>
            <Position>
              <LatitudeDegrees>-33.39860027655959</LatitudeDegrees>
              <LongitudeDegrees>-70.53528905846179</LongitudeDegrees>
            </Position>
            <AltitudeMeters>830.4000244140625</AltitudeMeters>
            <DistanceMeters>5384.10986328125</DistanceMeters>
            <HeartRateBpm>
              <Value>134</Value>
            </HeartRateBpm>
            <Extensions>
              <ns3:TPX>
                <ns3:Speed>2.8929998874664307</ns3:Speed>
                <ns3:RunCadence>85</ns3:RunCadence>
              </ns3:TPX>
            </Extensions>
          </Trackpoint>
          <Trackpoint>
            <Time>2022-10-17T18:24:01.000Z</Time>
            <Position>
              <LatitudeDegrees>-33.398740254342556</LatitudeDegrees>
              <LongitudeDegrees>-70.53526718169451</LongitudeDegrees>
            </Position>
            <AltitudeMeters>828.0</AltitudeMeters>
            <DistanceMeters>5399.77001953125</DistanceMeters>
            <HeartRateBpm>
              <Value>132</Value>
            </HeartRateBpm>
            <Extensions>
              <ns3:TPX>
                <ns3:Speed>2.930000066757202</ns3:Speed>
                <ns3:RunCadence>86</ns3:RunCadence>
              </ns3:TPX>
            </Extensions>
          </Trackpoint>
          <Trackpoint>
            <Time>2022-10-17T18:24:07.000Z</Time>
            <Position>
              <LatitudeDegrees>-33.39893739670515</LatitudeDegrees>
              <LongitudeDegrees>-70.53528017364442</LongitudeDegrees>
            </Position>
            <AltitudeMeters>826.0</AltitudeMeters>
            <DistanceMeters>5421.81982421875</DistanceMeters>
            <HeartRateBpm>
              <Value>133</Value>
            </HeartRateBpm>
            <Extensions>
              <ns3:TPX>
                <ns3:Speed>3.0139999389648438</ns3:Speed>
                <ns3:RunCadence>84</ns3:RunCadence>
              </ns3:TPX>
            </Extensions>
          </Trackpoint>
          <Trackpoint>
            <Time>2022-10-17T18:24:13.000Z</Time>
            <Position>
              <LatitudeDegrees>-33.399146692827344</LatitudeDegrees>
              <LongitudeDegrees>-70.53529375232756</LongitudeDegrees>
            </Position>
            <AltitudeMeters>824.0</AltitudeMeters>
            <DistanceMeters>5445.08984375</DistanceMeters>
            <HeartRateBpm>
              <Value>133</Value>
            </HeartRateBpm>
            <Extensions>
              <ns3:TPX>
                <ns3:Speed>3.059999942779541</ns3:Speed>
                <ns3:RunCadence>84</ns3:RunCadence>
              </ns3:TPX>
            </Extensions>
          </Trackpoint>
          <Trackpoint>
            <Time>2022-10-17T18:24:20.000Z</Time>
            <Position>
              <LatitudeDegrees>-33.39937501586974</LatitudeDegrees>
              <LongitudeDegrees>-70.53534479811788</LongitudeDegrees>
            </Position>
            <AltitudeMeters>822.4000244140625</AltitudeMeters>
            <DistanceMeters>5467.31982421875</DistanceMeters>
            <HeartRateBpm>
              <Value>134</Value>
            </HeartRateBpm>
            <Extensions>
              <ns3:TPX>
                <ns3:Speed>3.0789999961853027</ns3:Speed>
                <ns3:RunCadence>86</ns3:RunCadence>
              </ns3:TPX>
            </Extensions>
          </Trackpoint>
          <Trackpoint>
            <Time>2022-10-17T18:24:26.000Z</Time>
            <Position>
              <LatitudeDegrees>-33.39955631643534</LatitudeDegrees>
              <LongitudeDegrees>-70.53539014421403</LongitudeDegrees>
            </Position>
            <AltitudeMeters>819.7999877929688</AltitudeMeters>
            <DistanceMeters>5487.8701171875</DistanceMeters>
            <HeartRateBpm>
              <Value>134</Value>
            </HeartRateBpm>
            <Extensions>
              <ns3:TPX>
                <ns3:Speed>3.115999937057495</ns3:Speed>
                <ns3:RunCadence>89</ns3:RunCadence>
              </ns3:TPX>
            </Extensions>
          </Trackpoint>
          <Trackpoint>
            <Time>2022-10-17T18:24:33.000Z</Time>
            <Position>
              <LatitudeDegrees>-33.3997515309602</LatitudeDegrees>
              <LongitudeDegrees>-70.53539793938398</LongitudeDegrees>
            </Position>
            <AltitudeMeters>815.7999877929688</AltitudeMeters>
            <DistanceMeters>5509.47998046875</DistanceMeters>
            <HeartRateBpm>
              <Value>134</Value>
            </HeartRateBpm>
            <Extensions>
              <ns3:TPX>
                <ns3:Speed>3.134999990463257</ns3:Speed>
                <ns3:RunCadence>87</ns3:RunCadence>
              </ns3:TPX>
            </Extensions>
          </Trackpoint>
          <Trackpoint>
            <Time>2022-10-17T18:24:39.000Z</Time>
            <Position>
              <LatitudeDegrees>-33.39992646127939</LatitudeDegrees>
              <LongitudeDegrees>-70.5354606360197</LongitudeDegrees>
            </Position>
            <AltitudeMeters>813.5999755859375</AltitudeMeters>
            <DistanceMeters>5529.830078125</DistanceMeters>
            <HeartRateBpm>
              <Value>134</Value>
            </HeartRateBpm>
            <Extensions>
              <ns3:TPX>
                <ns3:Speed>3.134999990463257</ns3:Speed>
                <ns3:RunCadence>86</ns3:RunCadence>
              </ns3:TPX>
            </Extensions>
          </Trackpoint>
          <Trackpoint>
            <Time>2022-10-17T18:24:45.000Z</Time>
            <Position>
              <LatitudeDegrees>-33.400086890906096</LatitudeDegrees>
              <LongitudeDegrees>-70.53556742146611</LongitudeDegrees>
            </Position>
            <AltitudeMeters>813.2000122070312</AltitudeMeters>
            <DistanceMeters>5550.080078125</DistanceMeters>
            <HeartRateBpm>
              <Value>134</Value>
            </HeartRateBpm>
            <Extensions>
              <ns3:TPX>
                <ns3:Speed>3.1540000438690186</ns3:Speed>
                <ns3:RunCadence>86</ns3:RunCadence>
              </ns3:TPX>
            </Extensions>
          </Trackpoint>
          <Trackpoint>
            <Time>2022-10-17T18:24:51.000Z</Time>
            <Position>
              <LatitudeDegrees>-33.40025628916919</LatitudeDegrees>
              <LongitudeDegrees>-70.53568677976727</LongitudeDegrees>
            </Position>
            <AltitudeMeters>812.4000244140625</AltitudeMeters>
            <DistanceMeters>5571.81982421875</DistanceMeters>
            <HeartRateBpm>
              <Value>134</Value>
            </HeartRateBpm>
            <Extensions>
              <ns3:TPX>
                <ns3:Speed>3.171999931335449</ns3:Speed>
                <ns3:RunCadence>86</ns3:RunCadence>
              </ns3:TPX>
            </Extensions>
          </Trackpoint>
          <Trackpoint>
            <Time>2022-10-17T18:24:58.000Z</Time>
            <Position>
              <LatitudeDegrees>-33.400433817878366</LatitudeDegrees>
              <LongitudeDegrees>-70.53577596321702</LongitudeDegrees>
            </Position>
            <AltitudeMeters>810.4000244140625</AltitudeMeters>
            <DistanceMeters>5593.27978515625</DistanceMeters>
            <HeartRateBpm>
              <Value>133</Value>
            </HeartRateBpm>
            <Extensions>
              <ns3:TPX>
                <ns3:Speed>3.200000047683716</ns3:Speed>
                <ns3:RunCadence>88</ns3:RunCadence>
              </ns3:TPX>
            </Extensions>
          </Trackpoint>
          <Trackpoint>
            <Time>2022-10-17T18:25:05.000Z</Time>
            <Position>
              <LatitudeDegrees>-33.400629702955484</LatitudeDegrees>
              <LongitudeDegrees>-70.53583472035825</LongitudeDegrees>
            </Position>
            <AltitudeMeters>808.4000244140625</AltitudeMeters>
            <DistanceMeters>5615.68994140625</DistanceMeters>
            <HeartRateBpm>
              <Value>132</Value>
            </HeartRateBpm>
            <Extensions>
              <ns3:TPX>
                <ns3:Speed>3.200000047683716</ns3:Speed>
                <ns3:RunCadence>83</ns3:RunCadence>
              </ns3:TPX>
            </Extensions>
          </Trackpoint>
          <Trackpoint>
            <Time>2022-10-17T18:25:12.000Z</Time>
            <Position>
              <LatitudeDegrees>-33.400817876681685</LatitudeDegrees>
              <LongitudeDegrees>-70.53593069314957</LongitudeDegrees>
            </Position>
            <AltitudeMeters>807.2000122070312</AltitudeMeters>
            <DistanceMeters>5638.759765625</DistanceMeters>
            <HeartRateBpm>
              <Value>130</Value>
            </HeartRateBpm>
            <Extensions>
              <ns3:TPX>
                <ns3:Speed>3.200000047683716</ns3:Speed>
                <ns3:RunCadence>80</ns3:RunCadence>
              </ns3:TPX>
            </Extensions>
          </Trackpoint>
          <Trackpoint>
            <Time>2022-10-17T18:25:19.000Z</Time>
            <Position>
              <LatitudeDegrees>-33.40105248615146</LatitudeDegrees>
              <LongitudeDegrees>-70.53603588603437</LongitudeDegrees>
            </Position>
            <AltitudeMeters>804.7999877929688</AltitudeMeters>
            <DistanceMeters>5662.18017578125</DistanceMeters>
            <HeartRateBpm>
              <Value>129</Value>
            </HeartRateBpm>
            <Extensions>
              <ns3:TPX>
                <ns3:Speed>3.200000047683716</ns3:Speed>
                <ns3:RunCadence>87</ns3:RunCadence>
              </ns3:TPX>
            </Extensions>
          </Trackpoint>
          <Trackpoint>
            <Time>2022-10-17T18:25:25.000Z</Time>
            <Position>
              <LatitudeDegrees>-33.40123018249869</LatitudeDegrees>
              <LongitudeDegrees>-70.5361083894968</LongitudeDegrees>
            </Position>
            <AltitudeMeters>801.4000244140625</AltitudeMeters>
            <DistanceMeters>5683.02001953125</DistanceMeters>
            <HeartRateBpm>
              <Value>129</Value>
            </HeartRateBpm>
            <Extensions>
              <ns3:TPX>
                <ns3:Speed>3.2279999256134033</ns3:Speed>
                <ns3:RunCadence>81</ns3:RunCadence>
              </ns3:TPX>
            </Extensions>
          </Trackpoint>
          <Trackpoint>
            <Time>2022-10-17T18:25:31.000Z</Time>
            <Position>
              <LatitudeDegrees>-33.40141022577882</LatitudeDegrees>
              <LongitudeDegrees>-70.53624409250915</LongitudeDegrees>
            </Position>
            <AltitudeMeters>799.0</AltitudeMeters>
            <DistanceMeters>5706.6298828125</DistanceMeters>
            <HeartRateBpm>
              <Value>132</Value>
            </HeartRateBpm>
            <Extensions>
              <ns3:TPX>
                <ns3:Speed>3.246999979019165</ns3:Speed>
                <ns3:RunCadence>81</ns3:RunCadence>
              </ns3:TPX>
            </Extensions>
          </Trackpoint>
          <Trackpoint>
            <Time>2022-10-17T18:25:35.000Z</Time>
            <Position>
              <LatitudeDegrees>-33.40152774006128</LatitudeDegrees>
              <LongitudeDegrees>-70.53629832342267</LongitudeDegrees>
            </Position>
            <AltitudeMeters>796.7999877929688</AltitudeMeters>
            <DistanceMeters>5720.66015625</DistanceMeters>
            <HeartRateBpm>
              <Value>131</Value>
            </HeartRateBpm>
            <Extensions>
              <ns3:TPX>
                <ns3:Speed>3.2750000953674316</ns3:Speed>
                <ns3:RunCadence>85</ns3:RunCadence>
              </ns3:TPX>
            </Extensions>
          </Trackpoint>
          <Trackpoint>
            <Time>2022-10-17T18:25:40.000Z</Time>
            <Position>
              <LatitudeDegrees>-33.40165715664625</LatitudeDegrees>
              <LongitudeDegrees>-70.53641483187675</LongitudeDegrees>
            </Position>
            <AltitudeMeters>795.7999877929688</AltitudeMeters>
            <DistanceMeters>5738.5498046875</DistanceMeters>
            <HeartRateBpm>
              <Value>128</Value>
            </HeartRateBpm>
            <Extensions>
              <ns3:TPX>
                <ns3:Speed>3.302999973297119</ns3:Speed>
                <ns3:RunCadence>85</ns3:RunCadence>
              </ns3:TPX>
            </Extensions>
          </Trackpoint>
          <Trackpoint>
            <Time>2022-10-17T18:25:45.000Z</Time>
            <Position>
              <LatitudeDegrees>-33.401780705899</LatitudeDegrees>
              <LongitudeDegrees>-70.53654458373785</LongitudeDegrees>
            </Position>
            <AltitudeMeters>795.4000244140625</AltitudeMeters>
            <DistanceMeters>5756.68994140625</DistanceMeters>
            <HeartRateBpm>
              <Value>125</Value>
            </HeartRateBpm>
            <Extensions>
              <ns3:TPX>
                <ns3:Speed>3.3310000896453857</ns3:Speed>
                <ns3:RunCadence>84</ns3:RunCadence>
              </ns3:TPX>
            </Extensions>
          </Trackpoint>
          <Trackpoint>
            <Time>2022-10-17T18:25:52.000Z</Time>
            <Position>
              <LatitudeDegrees>-33.401952870190144</LatitudeDegrees>
              <LongitudeDegrees>-70.53667307831347</LongitudeDegrees>
            </Position>
            <AltitudeMeters>792.7999877929688</AltitudeMeters>
            <DistanceMeters>5779.16015625</DistanceMeters>
            <HeartRateBpm>
              <Value>125</Value>
            </HeartRateBpm>
            <Extensions>
              <ns3:TPX>
                <ns3:Speed>3.3589999675750732</ns3:Speed>
                <ns3:RunCadence>84</ns3:RunCadence>
              </ns3:TPX>
            </Extensions>
          </Trackpoint>
          <Trackpoint>
            <Time>2022-10-17T18:25:59.000Z</Time>
            <Position>
              <LatitudeDegrees>-33.40213165618479</LatitudeDegrees>
              <LongitudeDegrees>-70.53679704666138</LongitudeDegrees>
            </Position>
            <AltitudeMeters>789.5999755859375</AltitudeMeters>
            <DistanceMeters>5802.25</DistanceMeters>
            <HeartRateBpm>
              <Value>124</Value>
            </HeartRateBpm>
            <Extensions>
              <ns3:TPX>
                <ns3:Speed>3.3589999675750732</ns3:Speed>
                <ns3:RunCadence>88</ns3:RunCadence>
              </ns3:TPX>
            </Extensions>
          </Trackpoint>
          <Trackpoint>
            <Time>2022-10-17T18:26:03.000Z</Time>
            <Position>
              <LatitudeDegrees>-33.40222201310098</LatitudeDegrees>
              <LongitudeDegrees>-70.53691389039159</LongitudeDegrees>
            </Position>
            <AltitudeMeters>789.2000122070312</AltitudeMeters>
            <DistanceMeters>5816.97021484375</DistanceMeters>
            <HeartRateBpm>
              <Value>128</Value>
            </HeartRateBpm>
            <Extensions>
              <ns3:TPX>
                <ns3:Speed>3.3589999675750732</ns3:Speed>
                <ns3:RunCadence>88</ns3:RunCadence>
              </ns3:TPX>
            </Extensions>
          </Trackpoint>
          <Trackpoint>
            <Time>2022-10-17T18:26:10.000Z</Time>
            <Position>
              <LatitudeDegrees>-33.40239442884922</LatitudeDegrees>
              <LongitudeDegrees>-70.53705403581262</LongitudeDegrees>
            </Position>
            <AltitudeMeters>786.7999877929688</AltitudeMeters>
            <DistanceMeters>5840.1201171875</DistanceMeters>
            <HeartRateBpm>
              <Value>130</Value>
            </HeartRateBpm>
            <Extensions>
              <ns3:TPX>
                <ns3:Speed>3.368000030517578</ns3:Speed>
                <ns3:RunCadence>83</ns3:RunCadence>
              </ns3:TPX>
            </Extensions>
          </Trackpoint>
          <Trackpoint>
            <Time>2022-10-17T18:26:18.000Z</Time>
            <Position>
              <LatitudeDegrees>-33.40254253707826</LatitudeDegrees>
              <LongitudeDegrees>-70.53714749403298</LongitudeDegrees>
            </Position>
            <AltitudeMeters>784.0</AltitudeMeters>
            <DistanceMeters>5861.2998046875</DistanceMeters>
            <HeartRateBpm>
              <Value>129</Value>
            </HeartRateBpm>
            <Extensions>
              <ns3:TPX>
                <ns3:Speed>3.368000030517578</ns3:Speed>
                <ns3:RunCadence>83</ns3:RunCadence>
              </ns3:TPX>
            </Extensions>
          </Trackpoint>
          <Trackpoint>
            <Time>2022-10-17T18:26:19.000Z</Time>
            <Position>
              <LatitudeDegrees>-33.40256256982684</LatitudeDegrees>
              <LongitudeDegrees>-70.5371462367475</LongitudeDegrees>
            </Position>
            <AltitudeMeters>783.2000122070312</AltitudeMeters>
            <DistanceMeters>5863.5</DistanceMeters>
            <HeartRateBpm>
              <Value>129</Value>
            </HeartRateBpm>
            <Extensions>
              <ns3:TPX>
                <ns3:Speed>3.3589999675750732</ns3:Speed>
                <ns3:RunCadence>83</ns3:RunCadence>
              </ns3:TPX>
            </Extensions>
          </Trackpoint>
          <Trackpoint>
            <Time>2022-10-17T18:26:26.000Z</Time>
            <Position>
              <LatitudeDegrees>-33.40274688787758</LatitudeDegrees>
              <LongitudeDegrees>-70.53722293116152</LongitudeDegrees>
            </Position>
            <AltitudeMeters>778.5999755859375</AltitudeMeters>
            <DistanceMeters>5885.18017578125</DistanceMeters>
            <HeartRateBpm>
              <Value>129</Value>
            </HeartRateBpm>
            <Extensions>
              <ns3:TPX>
                <ns3:Speed>3.2939999103546143</ns3:Speed>
                <ns3:RunCadence>84</ns3:RunCadence>
              </ns3:TPX>
            </Extensions>
          </Trackpoint>
          <Trackpoint>
            <Time>2022-10-17T18:26:28.000Z</Time>
            <Position>
              <LatitudeDegrees>-33.402793323621154</LatitudeDegrees>
              <LongitudeDegrees>-70.53723910823464</LongitudeDegrees>
            </Position>
            <AltitudeMeters>777.4000244140625</AltitudeMeters>
            <DistanceMeters>5890.64013671875</DistanceMeters>
            <HeartRateBpm>
              <Value>129</Value>
            </HeartRateBpm>
            <Extensions>
              <ns3:TPX>
                <ns3:Speed>3.2839999198913574</ns3:Speed>
                <ns3:RunCadence>79</ns3:RunCadence>
              </ns3:TPX>
            </Extensions>
          </Trackpoint>
          <Trackpoint>
            <Time>2022-10-17T18:26:35.000Z</Time>
            <Position>
              <LatitudeDegrees>-33.403004463762045</LatitudeDegrees>
              <LongitudeDegrees>-70.53728546015918</LongitudeDegrees>
            </Position>
            <AltitudeMeters>772.5999755859375</AltitudeMeters>
            <DistanceMeters>5915.06982421875</DistanceMeters>
            <HeartRateBpm>
              <Value>130</Value>
            </HeartRateBpm>
            <Extensions>
              <ns3:TPX>
                <ns3:Speed>3.23799991607666</ns3:Speed>
                <ns3:RunCadence>82</ns3:RunCadence>
              </ns3:TPX>
            </Extensions>
          </Trackpoint>
          <Trackpoint>
            <Time>2022-10-17T18:26:41.000Z</Time>
            <Position>
              <LatitudeDegrees>-33.40318517759442</LatitudeDegrees>
              <LongitudeDegrees>-70.53734731860459</LongitudeDegrees>
            </Position>
            <AltitudeMeters>768.2000122070312</AltitudeMeters>
            <DistanceMeters>5936.08984375</DistanceMeters>
            <HeartRateBpm>
              <Value>131</Value>
            </HeartRateBpm>
            <Extensions>
              <ns3:TPX>
                <ns3:Speed>3.23799991607666</ns3:Speed>
                <ns3:RunCadence>89</ns3:RunCadence>
              </ns3:TPX>
            </Extensions>
          </Trackpoint>
          <Trackpoint>
            <Time>2022-10-17T18:26:47.000Z</Time>
            <Position>
              <LatitudeDegrees>-33.40334912762046</LatitudeDegrees>
              <LongitudeDegrees>-70.53746106103063</LongitudeDegrees>
            </Position>
            <AltitudeMeters>764.0</AltitudeMeters>
            <DistanceMeters>5958.89013671875</DistanceMeters>
            <HeartRateBpm>
              <Value>130</Value>
            </HeartRateBpm>
            <Extensions>
              <ns3:TPX>
                <ns3:Speed>3.246999979019165</ns3:Speed>
                <ns3:RunCadence>88</ns3:RunCadence>
              </ns3:TPX>
            </Extensions>
          </Trackpoint>
          <Trackpoint>
            <Time>2022-10-17T18:26:53.000Z</Time>
            <Position>
              <LatitudeDegrees>-33.4034023527056</LatitudeDegrees>
              <LongitudeDegrees>-70.53768368437886</LongitudeDegrees>
            </Position>
            <AltitudeMeters>762.0</AltitudeMeters>
            <DistanceMeters>5980.64013671875</DistanceMeters>
            <HeartRateBpm>
              <Value>130</Value>
            </HeartRateBpm>
            <Extensions>
              <ns3:TPX>
                <ns3:Speed>3.2750000953674316</ns3:Speed>
                <ns3:RunCadence>83</ns3:RunCadence>
              </ns3:TPX>
            </Extensions>
          </Trackpoint>
          <Trackpoint>
            <Time>2022-10-17T18:26:56.000Z</Time>
            <Position>
              <LatitudeDegrees>-33.403409980237484</LatitudeDegrees>
              <LongitudeDegrees>-70.53779818117619</LongitudeDegrees>
            </Position>
            <AltitudeMeters>761.4000244140625</AltitudeMeters>
            <DistanceMeters>5991.64013671875</DistanceMeters>
            <HeartRateBpm>
              <Value>129</Value>
            </HeartRateBpm>
            <Extensions>
              <ns3:TPX>
                <ns3:Speed>3.2839999198913574</ns3:Speed>
                <ns3:RunCadence>83</ns3:RunCadence>
              </ns3:TPX>
            </Extensions>
          </Trackpoint>
          <Trackpoint>
            <Time>2022-10-17T18:27:02.000Z</Time>
            <Position>
              <LatitudeDegrees>-33.403562027961016</LatitudeDegrees>
              <LongitudeDegrees>-70.53791938349605</LongitudeDegrees>
            </Position>
            <AltitudeMeters>758.5999755859375</AltitudeMeters>
            <DistanceMeters>6012.10009765625</DistanceMeters>
            <HeartRateBpm>
              <Value>129</Value>
            </HeartRateBpm>
            <Extensions>
              <ns3:TPX>
                <ns3:Speed>3.312000036239624</ns3:Speed>
                <ns3:RunCadence>85</ns3:RunCadence>
              </ns3:TPX>
            </Extensions>
          </Trackpoint>
          <Trackpoint>
            <Time>2022-10-17T18:27:04.000Z</Time>
            <Position>
              <LatitudeDegrees>-33.40360963717103</LatitudeDegrees>
              <LongitudeDegrees>-70.53797512315214</LongitudeDegrees>
            </Position>
            <AltitudeMeters>758.0</AltitudeMeters>
            <DistanceMeters>6019.580078125</DistanceMeters>
            <HeartRateBpm>
              <Value>129</Value>
            </HeartRateBpm>
            <Extensions>
              <ns3:TPX>
                <ns3:Speed>3.322000026702881</ns3:Speed>
                <ns3:RunCadence>85</ns3:RunCadence>
              </ns3:TPX>
            </Extensions>
          </Trackpoint>
          <Trackpoint>
            <Time>2022-10-17T18:27:11.000Z</Time>
            <Position>
              <LatitudeDegrees>-33.403746262192726</LatitudeDegrees>
              <LongitudeDegrees>-70.53822146728635</LongitudeDegrees>
            </Position>
            <AltitudeMeters>755.2000122070312</AltitudeMeters>
            <DistanceMeters>6042.18017578125</DistanceMeters>
            <HeartRateBpm>
              <Value>129</Value>
            </HeartRateBpm>
            <Extensions>
              <ns3:TPX>
                <ns3:Speed>3.3310000896453857</ns3:Speed>
                <ns3:RunCadence>85</ns3:RunCadence>
              </ns3:TPX>
            </Extensions>
          </Trackpoint>
          <Trackpoint>
            <Time>2022-10-17T18:27:12.000Z</Time>
            <Position>
              <LatitudeDegrees>-33.40375137515366</LatitudeDegrees>
              <LongitudeDegrees>-70.53825851529837</LongitudeDegrees>
            </Position>
            <AltitudeMeters>755.0</AltitudeMeters>
            <DistanceMeters>6045.64013671875</DistanceMeters>
            <HeartRateBpm>
              <Value>129</Value>
            </HeartRateBpm>
            <Extensions>
              <ns3:TPX>
                <ns3:Speed>3.3310000896453857</ns3:Speed>
                <ns3:RunCadence>85</ns3:RunCadence>
              </ns3:TPX>
            </Extensions>
          </Trackpoint>
          <Trackpoint>
            <Time>2022-10-17T18:27:16.000Z</Time>
            <Position>
              <LatitudeDegrees>-33.40372237376869</LatitudeDegrees>
              <LongitudeDegrees>-70.53841391578317</LongitudeDegrees>
            </Position>
            <AltitudeMeters>753.5999755859375</AltitudeMeters>
            <DistanceMeters>6060.5</DistanceMeters>
            <HeartRateBpm>
              <Value>129</Value>
            </HeartRateBpm>
            <Extensions>
              <ns3:TPX>
                <ns3:Speed>3.3399999141693115</ns3:Speed>
                <ns3:RunCadence>81</ns3:RunCadence>
              </ns3:TPX>
            </Extensions>
          </Trackpoint>
          <Trackpoint>
            <Time>2022-10-17T18:27:22.000Z</Time>
            <Position>
              <LatitudeDegrees>-33.4036991558969</LatitudeDegrees>
              <LongitudeDegrees>-70.53863352164626</LongitudeDegrees>
            </Position>
            <AltitudeMeters>751.5999755859375</AltitudeMeters>
            <DistanceMeters>6081.580078125</DistanceMeters>
            <HeartRateBpm>
              <Value>129</Value>
            </HeartRateBpm>
            <Extensions>
              <ns3:TPX>
                <ns3:Speed>3.3589999675750732</ns3:Speed>
                <ns3:RunCadence>87</ns3:RunCadence>
              </ns3:TPX>
            </Extensions>
          </Trackpoint>
          <Trackpoint>
            <Time>2022-10-17T18:27:26.000Z</Time>
            <Position>
              <LatitudeDegrees>-33.40371038764715</LatitudeDegrees>
              <LongitudeDegrees>-70.53872379474342</LongitudeDegrees>
            </Position>
            <AltitudeMeters>750.7999877929688</AltitudeMeters>
            <DistanceMeters>6090.10009765625</DistanceMeters>
            <HeartRateBpm>
              <Value>129</Value>
            </HeartRateBpm>
            <Extensions>
              <ns3:TPX>
                <ns3:Speed>3.368000030517578</ns3:Speed>
                <ns3:RunCadence>85</ns3:RunCadence>
              </ns3:TPX>
            </Extensions>
          </Trackpoint>
          <Trackpoint>
            <Time>2022-10-17T18:27:30.000Z</Time>
            <Position>
              <LatitudeDegrees>-33.40368113480508</LatitudeDegrees>
              <LongitudeDegrees>-70.5386888422072</LongitudeDegrees>
            </Position>
            <AltitudeMeters>751.2000122070312</AltitudeMeters>
            <DistanceMeters>6094.72021484375</DistanceMeters>
            <HeartRateBpm>
              <Value>128</Value>
            </HeartRateBpm>
            <Extensions>
              <ns3:TPX>
                <ns3:Speed>0.9139999747276306</ns3:Speed>
                <ns3:RunCadence>0</ns3:RunCadence>
              </ns3:TPX>
            </Extensions>
          </Trackpoint>
          <Trackpoint>
            <Time>2022-10-17T18:27:31.000Z</Time>
            <Position>
              <LatitudeDegrees>-33.403682224452496</LatitudeDegrees>
              <LongitudeDegrees>-70.53868180140853</LongitudeDegrees>
            </Position>
            <AltitudeMeters>751.4000244140625</AltitudeMeters>
            <DistanceMeters>6095.33984375</DistanceMeters>
            <HeartRateBpm>
              <Value>128</Value>
            </HeartRateBpm>
            <Extensions>
              <ns3:TPX>
                <ns3:Speed>0.9139999747276306</ns3:Speed>
                <ns3:RunCadence>0</ns3:RunCadence>
              </ns3:TPX>
            </Extensions>
          </Trackpoint>
          <Trackpoint>
            <Time>2022-10-17T18:27:36.000Z</Time>
            <Position>
              <LatitudeDegrees>-33.403670405969024</LatitudeDegrees>
              <LongitudeDegrees>-70.53868297487497</LongitudeDegrees>
            </Position>
            <AltitudeMeters>751.4000244140625</AltitudeMeters>
            <DistanceMeters>6096.85986328125</DistanceMeters>
            <HeartRateBpm>
              <Value>125</Value>
            </HeartRateBpm>
            <Extensions>
              <ns3:TPX>
                <ns3:Speed>0.0</ns3:Speed>
                <ns3:RunCadence>60</ns3:RunCadence>
              </ns3:TPX>
            </Extensions>
          </Trackpoint>
          <Trackpoint>
            <Time>2022-10-17T18:27:43.000Z</Time>
            <Position>
              <LatitudeDegrees>-33.4036526363343</LatitudeDegrees>
              <LongitudeDegrees>-70.53862606175244</LongitudeDegrees>
            </Position>
            <AltitudeMeters>752.0</AltitudeMeters>
            <DistanceMeters>6103.2001953125</DistanceMeters>
            <HeartRateBpm>
              <Value>128</Value>
            </HeartRateBpm>
            <Extensions>
              <ns3:TPX>
                <ns3:Speed>0.0</ns3:Speed>
                <ns3:RunCadence>67</ns3:RunCadence>
              </ns3:TPX>
            </Extensions>
          </Trackpoint>
          <Trackpoint>
            <Time>2022-10-17T18:27:47.000Z</Time>
            <Position>
              <LatitudeDegrees>-33.40365716256201</LatitudeDegrees>
              <LongitudeDegrees>-70.53851684555411</LongitudeDegrees>
            </Position>
            <AltitudeMeters>753.0</AltitudeMeters>
            <DistanceMeters>6113.509765625</DistanceMeters>
            <HeartRateBpm>
              <Value>132</Value>
            </HeartRateBpm>
            <Extensions>
              <ns3:TPX>
                <ns3:Speed>2.0250000953674316</ns3:Speed>
                <ns3:RunCadence>78</ns3:RunCadence>
              </ns3:TPX>
            </Extensions>
          </Trackpoint>
          <Trackpoint>
            <Time>2022-10-17T18:27:54.000Z</Time>
            <Position>
              <LatitudeDegrees>-33.403702676296234</LatitudeDegrees>
              <LongitudeDegrees>-70.53830545395613</LongitudeDegrees>
            </Position>
            <AltitudeMeters>754.7999877929688</AltitudeMeters>
            <DistanceMeters>6133.81005859375</DistanceMeters>
            <HeartRateBpm>
              <Value>134</Value>
            </HeartRateBpm>
            <Extensions>
              <ns3:TPX>
                <ns3:Speed>3.003999948501587</ns3:Speed>
                <ns3:RunCadence>85</ns3:RunCadence>
              </ns3:TPX>
            </Extensions>
          </Trackpoint>
          <Trackpoint>
            <Time>2022-10-17T18:27:57.000Z</Time>
            <Position>
              <LatitudeDegrees>-33.40367945842445</LatitudeDegrees>
              <LongitudeDegrees>-70.53822322748601</LongitudeDegrees>
            </Position>
            <AltitudeMeters>755.7999877929688</AltitudeMeters>
            <DistanceMeters>6142.02001953125</DistanceMeters>
            <HeartRateBpm>
              <Value>131</Value>
            </HeartRateBpm>
            <Extensions>
              <ns3:TPX>
                <ns3:Speed>3.003999948501587</ns3:Speed>
                <ns3:RunCadence>84</ns3:RunCadence>
              </ns3:TPX>
            </Extensions>
          </Trackpoint>
          <Trackpoint>
            <Time>2022-10-17T18:28:05.000Z</Time>
            <Position>
              <LatitudeDegrees>-33.40355817228556</LatitudeDegrees>
              <LongitudeDegrees>-70.53803362883627</LongitudeDegrees>
            </Position>
            <AltitudeMeters>758.2000122070312</AltitudeMeters>
            <DistanceMeters>6164.35009765625</DistanceMeters>
            <HeartRateBpm>
              <Value>130</Value>
            </HeartRateBpm>
            <Extensions>
              <ns3:TPX>
                <ns3:Speed>2.930000066757202</ns3:Speed>
                <ns3:RunCadence>83</ns3:RunCadence>
              </ns3:TPX>
            </Extensions>
          </Trackpoint>
          <Trackpoint>
            <Time>2022-10-17T18:28:08.000Z</Time>
            <Position>
              <LatitudeDegrees>-33.40351433493197</LatitudeDegrees>
              <LongitudeDegrees>-70.53799264132977</LongitudeDegrees>
            </Position>
            <AltitudeMeters>758.7999877929688</AltitudeMeters>
            <DistanceMeters>6170.56005859375</DistanceMeters>
            <HeartRateBpm>
              <Value>132</Value>
            </HeartRateBpm>
            <Extensions>
              <ns3:TPX>
                <ns3:Speed>2.9019999504089355</ns3:Speed>
                <ns3:RunCadence>80</ns3:RunCadence>
              </ns3:TPX>
            </Extensions>
          </Trackpoint>
          <Trackpoint>
            <Time>2022-10-17T18:28:16.000Z</Time>
            <Position>
              <LatitudeDegrees>-33.403410986065865</LatitudeDegrees>
              <LongitudeDegrees>-70.53790387697518</LongitudeDegrees>
            </Position>
            <AltitudeMeters>761.0</AltitudeMeters>
            <DistanceMeters>6188.89013671875</DistanceMeters>
            <HeartRateBpm>
              <Value>135</Value>
            </HeartRateBpm>
            <Extensions>
              <ns3:TPX>
                <ns3:Speed>2.818000078201294</ns3:Speed>
                <ns3:RunCadence>71</ns3:RunCadence>
              </ns3:TPX>
            </Extensions>
          </Trackpoint>
          <Trackpoint>
            <Time>2022-10-17T18:28:18.000Z</Time>
            <Position>
              <LatitudeDegrees>-33.40338584035635</LatitudeDegrees>
              <LongitudeDegrees>-70.5378753785044</LongitudeDegrees>
            </Position>
            <AltitudeMeters>761.5999755859375</AltitudeMeters>
            <DistanceMeters>6192.72998046875</DistanceMeters>
            <HeartRateBpm>
              <Value>138</Value>
            </HeartRateBpm>
            <Extensions>
              <ns3:TPX>
                <ns3:Speed>2.753000020980835</ns3:Speed>
                <ns3:RunCadence>70</ns3:RunCadence>
              </ns3:TPX>
            </Extensions>
          </Trackpoint>
          <Trackpoint>
            <Time>2022-10-17T18:28:24.000Z</Time>
            <Position>
              <LatitudeDegrees>-33.40333948843181</LatitudeDegrees>
              <LongitudeDegrees>-70.53778284229338</LongitudeDegrees>
            </Position>
            <AltitudeMeters>763.0</AltitudeMeters>
            <DistanceMeters>6202.81005859375</DistanceMeters>
            <HeartRateBpm>
              <Value>141</Value>
            </HeartRateBpm>
            <Extensions>
              <ns3:TPX>
                <ns3:Speed>2.5290000438690186</ns3:Speed>
                <ns3:RunCadence>69</ns3:RunCadence>
              </ns3:TPX>
            </Extensions>
          </Trackpoint>
          <Trackpoint>
            <Time>2022-10-17T18:28:27.000Z</Time>
            <Position>
              <LatitudeDegrees>-33.40331970714033</LatitudeDegrees>
              <LongitudeDegrees>-70.53772735409439</LongitudeDegrees>
            </Position>
            <AltitudeMeters>763.7999877929688</AltitudeMeters>
            <DistanceMeters>6208.4501953125</DistanceMeters>
            <HeartRateBpm>
              <Value>144</Value>
            </HeartRateBpm>
            <Extensions>
              <ns3:TPX>
                <ns3:Speed>2.3980000019073486</ns3:Speed>
                <ns3:RunCadence>70</ns3:RunCadence>
              </ns3:TPX>
            </Extensions>
          </Trackpoint>
          <Trackpoint>
            <Time>2022-10-17T18:28:37.000Z</Time>
            <Position>
              <LatitudeDegrees>-33.40325005352497</LatitudeDegrees>
              <LongitudeDegrees>-70.53751897998154</LongitudeDegrees>
            </Position>
            <AltitudeMeters>766.0</AltitudeMeters>
            <DistanceMeters>6229.39990234375</DistanceMeters>
            <HeartRateBpm>
              <Value>144</Value>
            </HeartRateBpm>
            <Extensions>
              <ns3:TPX>
                <ns3:Speed>2.127000093460083</ns3:Speed>
                <ns3:RunCadence>74</ns3:RunCadence>
              </ns3:TPX>
            </Extensions>
          </Trackpoint>
          <Trackpoint>
            <Time>2022-10-17T18:28:48.000Z</Time>
            <Position>
              <LatitudeDegrees>-33.403077218681574</LatitudeDegrees>
              <LongitudeDegrees>-70.53743306547403</LongitudeDegrees>
            </Position>
            <AltitudeMeters>770.4000244140625</AltitudeMeters>
            <DistanceMeters>6250.85986328125</DistanceMeters>
            <HeartRateBpm>
              <Value>145</Value>
            </HeartRateBpm>
            <Extensions>
              <ns3:TPX>
                <ns3:Speed>2.1089999675750732</ns3:Speed>
                <ns3:RunCadence>76</ns3:RunCadence>
              </ns3:TPX>
            </Extensions>
          </Trackpoint>
          <Trackpoint>
            <Time>2022-10-17T18:28:51.000Z</Time>
            <Position>
              <LatitudeDegrees>-33.40304511599243</LatitudeDegrees>
              <LongitudeDegrees>-70.5374263599515</LongitudeDegrees>
            </Position>
            <AltitudeMeters>771.0</AltitudeMeters>
            <DistanceMeters>6254.4501953125</DistanceMeters>
            <HeartRateBpm>
              <Value>148</Value>
            </HeartRateBpm>
            <Extensions>
              <ns3:TPX>
                <ns3:Speed>2.071000099182129</ns3:Speed>
                <ns3:RunCadence>73</ns3:RunCadence>
              </ns3:TPX>
            </Extensions>
          </Trackpoint>
          <Trackpoint>
            <Time>2022-10-17T18:28:56.000Z</Time>
            <Position>
              <LatitudeDegrees>-33.40298074297607</LatitudeDegrees>
              <LongitudeDegrees>-70.53740582428873</LongitudeDegrees>
            </Position>
            <AltitudeMeters>772.5999755859375</AltitudeMeters>
            <DistanceMeters>6261.89990234375</DistanceMeters>
            <HeartRateBpm>
              <Value>148</Value>
            </HeartRateBpm>
            <Extensions>
              <ns3:TPX>
                <ns3:Speed>1.9589999914169312</ns3:Speed>
                <ns3:RunCadence>65</ns3:RunCadence>
              </ns3:TPX>
            </Extensions>
          </Trackpoint>
          <Trackpoint>
            <Time>2022-10-17T18:29:05.000Z</Time>
            <Position>
              <LatitudeDegrees>-33.402858786284924</LatitudeDegrees>
              <LongitudeDegrees>-70.53735611960292</LongitudeDegrees>
            </Position>
            <AltitudeMeters>775.5999755859375</AltitudeMeters>
            <DistanceMeters>6277.740234375</DistanceMeters>
            <HeartRateBpm>
              <Value>149</Value>
            </HeartRateBpm>
            <Extensions>
              <ns3:TPX>
                <ns3:Speed>1.8009999990463257</ns3:Speed>
                <ns3:RunCadence>72</ns3:RunCadence>
              </ns3:TPX>
            </Extensions>
          </Trackpoint>
          <Trackpoint>
            <Time>2022-10-17T18:29:11.000Z</Time>
            <Position>
              <LatitudeDegrees>-33.40278343297541</LatitudeDegrees>
              <LongitudeDegrees>-70.53736969828606</LongitudeDegrees>
            </Position>
            <AltitudeMeters>777.2000122070312</AltitudeMeters>
            <DistanceMeters>6289.7900390625</DistanceMeters>
            <HeartRateBpm>
              <Value>149</Value>
            </HeartRateBpm>
            <Extensions>
              <ns3:TPX>
                <ns3:Speed>2.13700008392334</ns3:Speed>
                <ns3:RunCadence>67</ns3:RunCadence>
              </ns3:TPX>
            </Extensions>
          </Trackpoint>
          <Trackpoint>
            <Time>2022-10-17T18:29:20.000Z</Time>
            <Position>
              <LatitudeDegrees>-33.40266273356974</LatitudeDegrees>
              <LongitudeDegrees>-70.53730767220259</LongitudeDegrees>
            </Position>
            <AltitudeMeters>780.0</AltitudeMeters>
            <DistanceMeters>6304.56005859375</DistanceMeters>
            <HeartRateBpm>
              <Value>150</Value>
            </HeartRateBpm>
            <Extensions>
              <ns3:TPX>
                <ns3:Speed>1.6890000104904175</ns3:Speed>
                <ns3:RunCadence>67</ns3:RunCadence>
              </ns3:TPX>
            </Extensions>
          </Trackpoint>
          <Trackpoint>
            <Time>2022-10-17T18:29:29.000Z</Time>
            <Position>
              <LatitudeDegrees>-33.40254647657275</LatitudeDegrees>
              <LongitudeDegrees>-70.53721605800092</LongitudeDegrees>
            </Position>
            <AltitudeMeters>784.2000122070312</AltitudeMeters>
            <DistanceMeters>6320.10009765625</DistanceMeters>
            <HeartRateBpm>
              <Value>151</Value>
            </HeartRateBpm>
            <Extensions>
              <ns3:TPX>
                <ns3:Speed>1.6519999504089355</ns3:Speed>
                <ns3:RunCadence>70</ns3:RunCadence>
              </ns3:TPX>
            </Extensions>
          </Trackpoint>
          <Trackpoint>
            <Time>2022-10-17T18:29:32.000Z</Time>
            <Position>
              <LatitudeDegrees>-33.40251546353102</LatitudeDegrees>
              <LongitudeDegrees>-70.53721622563899</LongitudeDegrees>
            </Position>
            <AltitudeMeters>785.2000122070312</AltitudeMeters>
            <DistanceMeters>6323.58984375</DistanceMeters>
            <HeartRateBpm>
              <Value>151</Value>
            </HeartRateBpm>
            <Extensions>
              <ns3:TPX>
                <ns3:Speed>1.6610000133514404</ns3:Speed>
                <ns3:RunCadence>70</ns3:RunCadence>
              </ns3:TPX>
            </Extensions>
          </Trackpoint>
          <Trackpoint>
            <Time>2022-10-17T18:29:43.000Z</Time>
            <Position>
              <LatitudeDegrees>-33.402382023632526</LatitudeDegrees>
              <LongitudeDegrees>-70.53722963668406</LongitudeDegrees>
            </Position>
            <AltitudeMeters>789.4000244140625</AltitudeMeters>
            <DistanceMeters>6339.56982421875</DistanceMeters>
            <HeartRateBpm>
              <Value>150</Value>
            </HeartRateBpm>
            <Extensions>
              <ns3:TPX>
                <ns3:Speed>1.5399999618530273</ns3:Speed>
                <ns3:RunCadence>66</ns3:RunCadence>
              </ns3:TPX>
            </Extensions>
          </Trackpoint>
          <Trackpoint>
            <Time>2022-10-17T18:29:47.000Z</Time>
            <Position>
              <LatitudeDegrees>-33.402321338653564</LatitudeDegrees>
              <LongitudeDegrees>-70.53714321926236</LongitudeDegrees>
            </Position>
            <AltitudeMeters>791.0</AltitudeMeters>
            <DistanceMeters>6350.10009765625</DistanceMeters>
            <HeartRateBpm>
              <Value>153</Value>
            </HeartRateBpm>
            <Extensions>
              <ns3:TPX>
                <ns3:Speed>1.5119999647140503</ns3:Speed>
                <ns3:RunCadence>74</ns3:RunCadence>
              </ns3:TPX>
            </Extensions>
          </Trackpoint>
          <Trackpoint>
            <Time>2022-10-17T18:29:55.000Z</Time>
            <Position>
              <LatitudeDegrees>-33.40216862037778</LatitudeDegrees>
              <LongitudeDegrees>-70.53701497614384</LongitudeDegrees>
            </Position>
            <AltitudeMeters>793.2000122070312</AltitudeMeters>
            <DistanceMeters>6370.830078125</DistanceMeters>
            <HeartRateBpm>
              <Value>151</Value>
            </HeartRateBpm>
            <Extensions>
              <ns3:TPX>
                <ns3:Speed>1.7730000019073486</ns3:Speed>
                <ns3:RunCadence>82</ns3:RunCadence>
              </ns3:TPX>
            </Extensions>
          </Trackpoint>
          <Trackpoint>
            <Time>2022-10-17T18:30:03.000Z</Time>
            <Position>
              <LatitudeDegrees>-33.40202118270099</LatitudeDegrees>
              <LongitudeDegrees>-70.53687776438892</LongitudeDegrees>
            </Position>
            <AltitudeMeters>795.0</AltitudeMeters>
            <DistanceMeters>6391.6298828125</DistanceMeters>
            <HeartRateBpm>
              <Value>149</Value>
            </HeartRateBpm>
            <Extensions>
              <ns3:TPX>
                <ns3:Speed>2.0429999828338623</ns3:Speed>
                <ns3:RunCadence>81</ns3:RunCadence>
              </ns3:TPX>
            </Extensions>
          </Trackpoint>
          <Trackpoint>
            <Time>2022-10-17T18:30:13.000Z</Time>
            <Position>
              <LatitudeDegrees>-33.4018687158823</LatitudeDegrees>
              <LongitudeDegrees>-70.53677852265537</LongitudeDegrees>
            </Position>
            <AltitudeMeters>797.7999877929688</AltitudeMeters>
            <DistanceMeters>6412.81005859375</DistanceMeters>
            <HeartRateBpm>
              <Value>151</Value>
            </HeartRateBpm>
            <Extensions>
              <ns3:TPX>
                <ns3:Speed>2.1459999084472656</ns3:Speed>
                <ns3:RunCadence>72</ns3:RunCadence>
              </ns3:TPX>
            </Extensions>
          </Trackpoint>
          <Trackpoint>
            <Time>2022-10-17T18:30:23.000Z</Time>
            <Position>
              <LatitudeDegrees>-33.401715997606516</LatitudeDegrees>
              <LongitudeDegrees>-70.5366646964103</LongitudeDegrees>
            </Position>
            <AltitudeMeters>799.5999755859375</AltitudeMeters>
            <DistanceMeters>6432.81005859375</DistanceMeters>
            <HeartRateBpm>
              <Value>150</Value>
            </HeartRateBpm>
            <Extensions>
              <ns3:TPX>
                <ns3:Speed>2.0989999771118164</ns3:Speed>
                <ns3:RunCadence>73</ns3:RunCadence>
              </ns3:TPX>
            </Extensions>
          </Trackpoint>
          <Trackpoint>
            <Time>2022-10-17T18:30:32.000Z</Time>
            <Position>
              <LatitudeDegrees>-33.40156420134008</LatitudeDegrees>
              <LongitudeDegrees>-70.5365283228457</LongitudeDegrees>
            </Position>
            <AltitudeMeters>800.7999877929688</AltitudeMeters>
            <DistanceMeters>6453.97021484375</DistanceMeters>
            <HeartRateBpm>
              <Value>149</Value>
            </HeartRateBpm>
            <Extensions>
              <ns3:TPX>
                <ns3:Speed>2.0810000896453857</ns3:Speed>
                <ns3:RunCadence>79</ns3:RunCadence>
              </ns3:TPX>
            </Extensions>
          </Trackpoint>
          <Trackpoint>
            <Time>2022-10-17T18:30:41.000Z</Time>
            <Position>
              <LatitudeDegrees>-33.40140544809401</LatitudeDegrees>
              <LongitudeDegrees>-70.53639069199562</LongitudeDegrees>
            </Position>
            <AltitudeMeters>802.0</AltitudeMeters>
            <DistanceMeters>6475.85009765625</DistanceMeters>
            <HeartRateBpm>
              <Value>148</Value>
            </HeartRateBpm>
            <Extensions>
              <ns3:TPX>
                <ns3:Speed>2.13700008392334</ns3:Speed>
                <ns3:RunCadence>79</ns3:RunCadence>
              </ns3:TPX>
            </Extensions>
          </Trackpoint>
          <Trackpoint>
            <Time>2022-10-17T18:30:49.000Z</Time>
            <Position>
              <LatitudeDegrees>-33.40124434791505</LatitudeDegrees>
              <LongitudeDegrees>-70.53629631176591</LongitudeDegrees>
            </Position>
            <AltitudeMeters>804.4000244140625</AltitudeMeters>
            <DistanceMeters>6496.16015625</DistanceMeters>
            <HeartRateBpm>
              <Value>147</Value>
            </HeartRateBpm>
            <Extensions>
              <ns3:TPX>
                <ns3:Speed>2.183000087738037</ns3:Speed>
                <ns3:RunCadence>80</ns3:RunCadence>
              </ns3:TPX>
            </Extensions>
          </Trackpoint>
          <Trackpoint>
            <Time>2022-10-17T18:30:59.000Z</Time>
            <Position>
              <LatitudeDegrees>-33.401062125340104</LatitudeDegrees>
              <LongitudeDegrees>-70.53620838560164</LongitudeDegrees>
            </Position>
            <AltitudeMeters>807.5999755859375</AltitudeMeters>
            <DistanceMeters>6518.22998046875</DistanceMeters>
            <HeartRateBpm>
              <Value>144</Value>
            </HeartRateBpm>
            <Extensions>
              <ns3:TPX>
                <ns3:Speed>2.2209999561309814</ns3:Speed>
                <ns3:RunCadence>77</ns3:RunCadence>
              </ns3:TPX>
            </Extensions>
          </Trackpoint>
          <Trackpoint>
            <Time>2022-10-17T18:31:08.000Z</Time>
            <Position>
              <LatitudeDegrees>-33.40089465491474</LatitudeDegrees>
              <LongitudeDegrees>-70.5361102335155</LongitudeDegrees>
            </Position>
            <AltitudeMeters>809.2000122070312</AltitudeMeters>
            <DistanceMeters>6540.0</DistanceMeters>
            <HeartRateBpm>
              <Value>145</Value>
            </HeartRateBpm>
            <Extensions>
              <ns3:TPX>
                <ns3:Speed>2.2109999656677246</ns3:Speed>
                <ns3:RunCadence>78</ns3:RunCadence>
              </ns3:TPX>
            </Extensions>
          </Trackpoint>
          <Trackpoint>
            <Time>2022-10-17T18:31:17.000Z</Time>
            <Position>
              <LatitudeDegrees>-33.40072869323194</LatitudeDegrees>
              <LongitudeDegrees>-70.53601023741066</LongitudeDegrees>
            </Position>
            <AltitudeMeters>810.0</AltitudeMeters>
            <DistanceMeters>6560.68017578125</DistanceMeters>
            <HeartRateBpm>
              <Value>144</Value>
            </HeartRateBpm>
            <Extensions>
              <ns3:TPX>
                <ns3:Speed>2.2209999561309814</ns3:Speed>
                <ns3:RunCadence>82</ns3:RunCadence>
              </ns3:TPX>
            </Extensions>
          </Trackpoint>
          <Trackpoint>
            <Time>2022-10-17T18:31:27.000Z</Time>
            <Position>
              <LatitudeDegrees>-33.40055577456951</LatitudeDegrees>
              <LongitudeDegrees>-70.53590437397361</LongitudeDegrees>
            </Position>
            <AltitudeMeters>810.7999877929688</AltitudeMeters>
            <DistanceMeters>6582.580078125</DistanceMeters>
            <HeartRateBpm>
              <Value>143</Value>
            </HeartRateBpm>
            <Extensions>
              <ns3:TPX>
                <ns3:Speed>2.2019999027252197</ns3:Speed>
                <ns3:RunCadence>78</ns3:RunCadence>
              </ns3:TPX>
            </Extensions>
          </Trackpoint>
          <Trackpoint>
            <Time>2022-10-17T18:31:38.000Z</Time>
            <Position>
              <LatitudeDegrees>-33.40037430636585</LatitudeDegrees>
              <LongitudeDegrees>-70.53585215471685</LongitudeDegrees>
            </Position>
            <AltitudeMeters>814.0</AltitudeMeters>
            <DistanceMeters>6603.47998046875</DistanceMeters>
            <HeartRateBpm>
              <Value>143</Value>
            </HeartRateBpm>
            <Extensions>
              <ns3:TPX>
                <ns3:Speed>2.183000087738037</ns3:Speed>
                <ns3:RunCadence>73</ns3:RunCadence>
              </ns3:TPX>
            </Extensions>
          </Trackpoint>
          <Trackpoint>
            <Time>2022-10-17T18:31:48.000Z</Time>
            <Position>
              <LatitudeDegrees>-33.40020876377821</LatitudeDegrees>
              <LongitudeDegrees>-70.53577219136059</LongitudeDegrees>
            </Position>
            <AltitudeMeters>816.2000122070312</AltitudeMeters>
            <DistanceMeters>6623.43017578125</DistanceMeters>
            <HeartRateBpm>
              <Value>146</Value>
            </HeartRateBpm>
            <Extensions>
              <ns3:TPX>
                <ns3:Speed>2.13700008392334</ns3:Speed>
                <ns3:RunCadence>73</ns3:RunCadence>
              </ns3:TPX>
            </Extensions>
          </Trackpoint>
          <Trackpoint>
            <Time>2022-10-17T18:31:57.000Z</Time>
            <Position>
              <LatitudeDegrees>-33.40004498139024</LatitudeDegrees>
              <LongitudeDegrees>-70.53566213697195</LongitudeDegrees>
            </Position>
            <AltitudeMeters>816.7999877929688</AltitudeMeters>
            <DistanceMeters>6644.2900390625</DistanceMeters>
            <HeartRateBpm>
              <Value>145</Value>
            </HeartRateBpm>
            <Extensions>
              <ns3:TPX>
                <ns3:Speed>2.118000030517578</ns3:Speed>
                <ns3:RunCadence>76</ns3:RunCadence>
              </ns3:TPX>
            </Extensions>
          </Trackpoint>
          <Trackpoint>
            <Time>2022-10-17T18:32:05.000Z</Time>
            <Position>
              <LatitudeDegrees>-33.39989494532347</LatitudeDegrees>
              <LongitudeDegrees>-70.53557379171252</LongitudeDegrees>
            </Position>
            <AltitudeMeters>817.4000244140625</AltitudeMeters>
            <DistanceMeters>6663.02001953125</DistanceMeters>
            <HeartRateBpm>
              <Value>148</Value>
            </HeartRateBpm>
            <Extensions>
              <ns3:TPX>
                <ns3:Speed>2.500999927520752</ns3:Speed>
                <ns3:RunCadence>79</ns3:RunCadence>
              </ns3:TPX>
            </Extensions>
          </Trackpoint>
          <Trackpoint>
            <Time>2022-10-17T18:32:14.000Z</Time>
            <Position>
              <LatitudeDegrees>-33.39971247129142</LatitudeDegrees>
              <LongitudeDegrees>-70.53552215918899</LongitudeDegrees>
            </Position>
            <AltitudeMeters>820.0</AltitudeMeters>
            <DistanceMeters>6684.419921875</DistanceMeters>
            <HeartRateBpm>
              <Value>147</Value>
            </HeartRateBpm>
            <Extensions>
              <ns3:TPX>
                <ns3:Speed>2.127000093460083</ns3:Speed>
                <ns3:RunCadence>81</ns3:RunCadence>
              </ns3:TPX>
            </Extensions>
          </Trackpoint>
          <Trackpoint>
            <Time>2022-10-17T18:32:23.000Z</Time>
            <Position>
              <LatitudeDegrees>-33.39953100308776</LatitudeDegrees>
              <LongitudeDegrees>-70.53551662713289</LongitudeDegrees>
            </Position>
            <AltitudeMeters>823.5999755859375</AltitudeMeters>
            <DistanceMeters>6704.52978515625</DistanceMeters>
            <HeartRateBpm>
              <Value>146</Value>
            </HeartRateBpm>
            <Extensions>
              <ns3:TPX>
                <ns3:Speed>2.13700008392334</ns3:Speed>
                <ns3:RunCadence>77</ns3:RunCadence>
              </ns3:TPX>
            </Extensions>
          </Trackpoint>
          <Trackpoint>
            <Time>2022-10-17T18:32:31.000Z</Time>
            <Position>
              <LatitudeDegrees>-33.399349953979254</LatitudeDegrees>
              <LongitudeDegrees>-70.53544823080301</LongitudeDegrees>
            </Position>
            <AltitudeMeters>825.7999877929688</AltitudeMeters>
            <DistanceMeters>6725.66015625</DistanceMeters>
            <HeartRateBpm>
              <Value>147</Value>
            </HeartRateBpm>
            <Extensions>
              <ns3:TPX>
                <ns3:Speed>2.1549999713897705</ns3:Speed>
                <ns3:RunCadence>81</ns3:RunCadence>
              </ns3:TPX>
            </Extensions>
          </Trackpoint>
          <Trackpoint>
            <Time>2022-10-17T18:32:39.000Z</Time>
            <Position>
              <LatitudeDegrees>-33.39916211552918</LatitudeDegrees>
              <LongitudeDegrees>-70.53538930602372</LongitudeDegrees>
            </Position>
            <AltitudeMeters>826.4000244140625</AltitudeMeters>
            <DistanceMeters>6747.35009765625</DistanceMeters>
            <HeartRateBpm>
              <Value>145</Value>
            </HeartRateBpm>
            <Extensions>
              <ns3:TPX>
                <ns3:Speed>2.193000078201294</ns3:Speed>
                <ns3:RunCadence>82</ns3:RunCadence>
              </ns3:TPX>
            </Extensions>
          </Trackpoint>
          <Trackpoint>
            <Time>2022-10-17T18:32:47.000Z</Time>
            <Position>
              <LatitudeDegrees>-33.398972265422344</LatitudeDegrees>
              <LongitudeDegrees>-70.53536156192422</LongitudeDegrees>
            </Position>
            <AltitudeMeters>828.0</AltitudeMeters>
            <DistanceMeters>6768.58984375</DistanceMeters>
            <HeartRateBpm>
              <Value>144</Value>
            </HeartRateBpm>
            <Extensions>
              <ns3:TPX>
                <ns3:Speed>2.249000072479248</ns3:Speed>
                <ns3:RunCadence>84</ns3:RunCadence>
              </ns3:TPX>
            </Extensions>
          </Trackpoint>
          <Trackpoint>
            <Time>2022-10-17T18:32:55.000Z</Time>
            <Position>
              <LatitudeDegrees>-33.39879272505641</LatitudeDegrees>
              <LongitudeDegrees>-70.53530322387815</LongitudeDegrees>
            </Position>
            <AltitudeMeters>828.4000244140625</AltitudeMeters>
            <DistanceMeters>6789.330078125</DistanceMeters>
            <HeartRateBpm>
              <Value>143</Value>
            </HeartRateBpm>
            <Extensions>
              <ns3:TPX>
                <ns3:Speed>2.2860000133514404</ns3:Speed>
                <ns3:RunCadence>83</ns3:RunCadence>
              </ns3:TPX>
            </Extensions>
          </Trackpoint>
          <Trackpoint>
            <Time>2022-10-17T18:33:04.000Z</Time>
            <Position>
              <LatitudeDegrees>-33.39859717525542</LatitudeDegrees>
              <LongitudeDegrees>-70.53531831130385</LongitudeDegrees>
            </Position>
            <AltitudeMeters>831.2000122070312</AltitudeMeters>
            <DistanceMeters>6811.1201171875</DistanceMeters>
            <HeartRateBpm>
              <Value>143</Value>
            </HeartRateBpm>
            <Extensions>
              <ns3:TPX>
                <ns3:Speed>2.322999954223633</ns3:Speed>
                <ns3:RunCadence>79</ns3:RunCadence>
              </ns3:TPX>
            </Extensions>
          </Trackpoint>
          <Trackpoint>
            <Time>2022-10-17T18:33:11.000Z</Time>
            <Position>
              <LatitudeDegrees>-33.398473374545574</LatitudeDegrees>
              <LongitudeDegrees>-70.53533859550953</LongitudeDegrees>
            </Position>
            <AltitudeMeters>833.2000122070312</AltitudeMeters>
            <DistanceMeters>6827.14990234375</DistanceMeters>
            <HeartRateBpm>
              <Value>143</Value>
            </HeartRateBpm>
            <Extensions>
              <ns3:TPX>
                <ns3:Speed>2.322999954223633</ns3:Speed>
                <ns3:RunCadence>79</ns3:RunCadence>
              </ns3:TPX>
            </Extensions>
          </Trackpoint>
          <Trackpoint>
            <Time>2022-10-17T18:33:17.000Z</Time>
            <Position>
              <LatitudeDegrees>-33.39853213168681</LatitudeDegrees>
              <LongitudeDegrees>-70.53541730158031</LongitudeDegrees>
            </Position>
            <AltitudeMeters>834.7999877929688</AltitudeMeters>
            <DistanceMeters>6839.6298828125</DistanceMeters>
            <HeartRateBpm>
              <Value>144</Value>
            </HeartRateBpm>
            <Extensions>
              <ns3:TPX>
                <ns3:Speed>2.305000066757202</ns3:Speed>
                <ns3:RunCadence>73</ns3:RunCadence>
              </ns3:TPX>
            </Extensions>
          </Trackpoint>
          <Trackpoint>
            <Time>2022-10-17T18:33:24.000Z</Time>
            <Position>
              <LatitudeDegrees>-33.39871443808079</LatitudeDegrees>
              <LongitudeDegrees>-70.53546558134258</LongitudeDegrees>
            </Position>
            <AltitudeMeters>834.0</AltitudeMeters>
            <DistanceMeters>6860.35986328125</DistanceMeters>
            <HeartRateBpm>
              <Value>146</Value>
            </HeartRateBpm>
            <Extensions>
              <ns3:TPX>
                <ns3:Speed>2.305000066757202</ns3:Speed>
                <ns3:RunCadence>84</ns3:RunCadence>
              </ns3:TPX>
            </Extensions>
          </Trackpoint>
          <Trackpoint>
            <Time>2022-10-17T18:33:31.000Z</Time>
            <Position>
              <LatitudeDegrees>-33.39889599010348</LatitudeDegrees>
              <LongitudeDegrees>-70.53550690412521</LongitudeDegrees>
            </Position>
            <AltitudeMeters>833.0</AltitudeMeters>
            <DistanceMeters>6880.85009765625</DistanceMeters>
            <HeartRateBpm>
              <Value>145</Value>
            </HeartRateBpm>
            <Extensions>
              <ns3:TPX>
                <ns3:Speed>2.3420000076293945</ns3:Speed>
                <ns3:RunCadence>83</ns3:RunCadence>
              </ns3:TPX>
            </Extensions>
          </Trackpoint>
          <Trackpoint>
            <Time>2022-10-17T18:33:38.000Z</Time>
            <Position>
              <LatitudeDegrees>-33.39908106252551</LatitudeDegrees>
              <LongitudeDegrees>-70.53557085804641</LongitudeDegrees>
            </Position>
            <AltitudeMeters>833.0</AltitudeMeters>
            <DistanceMeters>6902.2099609375</DistanceMeters>
            <HeartRateBpm>
              <Value>146</Value>
            </HeartRateBpm>
            <Extensions>
              <ns3:TPX>
                <ns3:Speed>2.378999948501587</ns3:Speed>
                <ns3:RunCadence>85</ns3:RunCadence>
              </ns3:TPX>
            </Extensions>
          </Trackpoint>
          <Trackpoint>
            <Time>2022-10-17T18:33:45.000Z</Time>
            <Position>
              <LatitudeDegrees>-33.39926320128143</LatitudeDegrees>
              <LongitudeDegrees>-70.53564394824207</LongitudeDegrees>
            </Position>
            <AltitudeMeters>833.4000244140625</AltitudeMeters>
            <DistanceMeters>6923.509765625</DistanceMeters>
            <HeartRateBpm>
              <Value>143</Value>
            </HeartRateBpm>
            <Extensions>
              <ns3:TPX>
                <ns3:Speed>2.444999933242798</ns3:Speed>
                <ns3:RunCadence>86</ns3:RunCadence>
              </ns3:TPX>
            </Extensions>
          </Trackpoint>
          <Trackpoint>
            <Time>2022-10-17T18:33:52.000Z</Time>
            <Position>
              <LatitudeDegrees>-33.39943905360997</LatitudeDegrees>
              <LongitudeDegrees>-70.53572734817863</LongitudeDegrees>
            </Position>
            <AltitudeMeters>832.4000244140625</AltitudeMeters>
            <DistanceMeters>6944.47021484375</DistanceMeters>
            <HeartRateBpm>
              <Value>141</Value>
            </HeartRateBpm>
            <Extensions>
              <ns3:TPX>
                <ns3:Speed>2.500999927520752</ns3:Speed>
                <ns3:RunCadence>86</ns3:RunCadence>
              </ns3:TPX>
            </Extensions>
          </Trackpoint>
          <Trackpoint>
            <Time>2022-10-17T18:33:59.000Z</Time>
            <Position>
              <LatitudeDegrees>-33.39962136000395</LatitudeDegrees>
              <LongitudeDegrees>-70.53582566790283</LongitudeDegrees>
            </Position>
            <AltitudeMeters>830.7999877929688</AltitudeMeters>
            <DistanceMeters>6966.64013671875</DistanceMeters>
            <HeartRateBpm>
              <Value>139</Value>
            </HeartRateBpm>
            <Extensions>
              <ns3:TPX>
                <ns3:Speed>2.546999931335449</ns3:Speed>
                <ns3:RunCadence>84</ns3:RunCadence>
              </ns3:TPX>
            </Extensions>
          </Trackpoint>
          <Trackpoint>
            <Time>2022-10-17T18:34:06.000Z</Time>
            <Position>
              <LatitudeDegrees>-33.39978271164</LatitudeDegrees>
              <LongitudeDegrees>-70.5359339620918</LongitudeDegrees>
            </Position>
            <AltitudeMeters>830.2000122070312</AltitudeMeters>
            <DistanceMeters>6987.14013671875</DistanceMeters>
            <HeartRateBpm>
              <Value>138</Value>
            </HeartRateBpm>
            <Extensions>
              <ns3:TPX>
                <ns3:Speed>2.6029999256134033</ns3:Speed>
                <ns3:RunCadence>87</ns3:RunCadence>
              </ns3:TPX>
            </Extensions>
          </Trackpoint>
          <Trackpoint>
            <Time>2022-10-17T18:34:13.000Z</Time>
            <Position>
              <LatitudeDegrees>-33.39995403774083</LatitudeDegrees>
              <LongitudeDegrees>-70.53604954853654</LongitudeDegrees>
            </Position>
            <AltitudeMeters>829.7999877929688</AltitudeMeters>
            <DistanceMeters>7007.18994140625</DistanceMeters>
            <HeartRateBpm>
              <Value>137</Value>
            </HeartRateBpm>
            <Extensions>
              <ns3:TPX>
                <ns3:Speed>2.5940001010894775</ns3:Speed>
                <ns3:RunCadence>85</ns3:RunCadence>
              </ns3:TPX>
            </Extensions>
          </Trackpoint>
          <Trackpoint>
            <Time>2022-10-17T18:34:20.000Z</Time>
            <Position>
              <LatitudeDegrees>-33.400104911997914</LatitudeDegrees>
              <LongitudeDegrees>-70.53616991266608</LongitudeDegrees>
            </Position>
            <AltitudeMeters>830.0</AltitudeMeters>
            <DistanceMeters>7027.31005859375</DistanceMeters>
            <HeartRateBpm>
              <Value>137</Value>
            </HeartRateBpm>
            <Extensions>
              <ns3:TPX>
                <ns3:Speed>2.6689999103546143</ns3:Speed>
                <ns3:RunCadence>86</ns3:RunCadence>
              </ns3:TPX>
            </Extensions>
          </Trackpoint>
          <Trackpoint>
            <Time>2022-10-17T18:34:27.000Z</Time>
            <Position>
              <LatitudeDegrees>-33.40024505741894</LatitudeDegrees>
              <LongitudeDegrees>-70.53631039336324</LongitudeDegrees>
            </Position>
            <AltitudeMeters>830.5999755859375</AltitudeMeters>
            <DistanceMeters>7047.60009765625</DistanceMeters>
            <HeartRateBpm>
              <Value>135</Value>
            </HeartRateBpm>
            <Extensions>
              <ns3:TPX>
                <ns3:Speed>2.697000026702881</ns3:Speed>
                <ns3:RunCadence>82</ns3:RunCadence>
              </ns3:TPX>
            </Extensions>
          </Trackpoint>
          <Trackpoint>
            <Time>2022-10-17T18:34:34.000Z</Time>
            <Position>
              <LatitudeDegrees>-33.400395847857</LatitudeDegrees>
              <LongitudeDegrees>-70.53645003587008</LongitudeDegrees>
            </Position>
            <AltitudeMeters>829.7999877929688</AltitudeMeters>
            <DistanceMeters>7068.72021484375</DistanceMeters>
            <HeartRateBpm>
              <Value>134</Value>
            </HeartRateBpm>
            <Extensions>
              <ns3:TPX>
                <ns3:Speed>2.7149999141693115</ns3:Speed>
                <ns3:RunCadence>87</ns3:RunCadence>
              </ns3:TPX>
            </Extensions>
          </Trackpoint>
          <Trackpoint>
            <Time>2022-10-17T18:34:41.000Z</Time>
            <Position>
              <LatitudeDegrees>-33.40054219588637</LatitudeDegrees>
              <LongitudeDegrees>-70.5365885887295</LongitudeDegrees>
            </Position>
            <AltitudeMeters>829.0</AltitudeMeters>
            <DistanceMeters>7089.3798828125</DistanceMeters>
            <HeartRateBpm>
              <Value>134</Value>
            </HeartRateBpm>
            <Extensions>
              <ns3:TPX>
                <ns3:Speed>2.743000030517578</ns3:Speed>
                <ns3:RunCadence>86</ns3:RunCadence>
              </ns3:TPX>
            </Extensions>
          </Trackpoint>
          <Trackpoint>
            <Time>2022-10-17T18:34:48.000Z</Time>
            <Position>
              <LatitudeDegrees>-33.40068753808737</LatitudeDegrees>
              <LongitudeDegrees>-70.5367403011769</LongitudeDegrees>
            </Position>
            <AltitudeMeters>828.4000244140625</AltitudeMeters>
            <DistanceMeters>7110.740234375</DistanceMeters>
            <HeartRateBpm>
              <Value>134</Value>
            </HeartRateBpm>
            <Extensions>
              <ns3:TPX>
                <ns3:Speed>2.7709999084472656</ns3:Speed>
                <ns3:RunCadence>83</ns3:RunCadence>
              </ns3:TPX>
            </Extensions>
          </Trackpoint>
          <Trackpoint>
            <Time>2022-10-17T18:34:55.000Z</Time>
            <Position>
              <LatitudeDegrees>-33.40083849616349</LatitudeDegrees>
              <LongitudeDegrees>-70.53688002750278</LongitudeDegrees>
            </Position>
            <AltitudeMeters>827.4000244140625</AltitudeMeters>
            <DistanceMeters>7131.89990234375</DistanceMeters>
            <HeartRateBpm>
              <Value>134</Value>
            </HeartRateBpm>
            <Extensions>
              <ns3:TPX>
                <ns3:Speed>2.7990000247955322</ns3:Speed>
                <ns3:RunCadence>85</ns3:RunCadence>
              </ns3:TPX>
            </Extensions>
          </Trackpoint>
          <Trackpoint>
            <Time>2022-10-17T18:35:03.000Z</Time>
            <Position>
              <LatitudeDegrees>-33.40100822970271</LatitudeDegrees>
              <LongitudeDegrees>-70.53701732307673</LongitudeDegrees>
            </Position>
            <AltitudeMeters>826.0</AltitudeMeters>
            <DistanceMeters>7154.56982421875</DistanceMeters>
            <HeartRateBpm>
              <Value>134</Value>
            </HeartRateBpm>
            <Extensions>
              <ns3:TPX>
                <ns3:Speed>2.818000078201294</ns3:Speed>
                <ns3:RunCadence>83</ns3:RunCadence>
              </ns3:TPX>
            </Extensions>
          </Trackpoint>
          <Trackpoint>
            <Time>2022-10-17T18:35:10.000Z</Time>
            <Position>
              <LatitudeDegrees>-33.4011519793421</LatitudeDegrees>
              <LongitudeDegrees>-70.53716333582997</LongitudeDegrees>
            </Position>
            <AltitudeMeters>825.4000244140625</AltitudeMeters>
            <DistanceMeters>7175.4501953125</DistanceMeters>
            <HeartRateBpm>
              <Value>133</Value>
            </HeartRateBpm>
            <Extensions>
              <ns3:TPX>
                <ns3:Speed>2.8269999027252197</ns3:Speed>
                <ns3:RunCadence>82</ns3:RunCadence>
              </ns3:TPX>
            </Extensions>
          </Trackpoint>
          <Trackpoint>
            <Time>2022-10-17T18:35:17.000Z</Time>
            <Position>
              <LatitudeDegrees>-33.401285503059626</LatitudeDegrees>
              <LongitudeDegrees>-70.53731571882963</LongitudeDegrees>
            </Position>
            <AltitudeMeters>821.0</AltitudeMeters>
            <DistanceMeters>7195.8701171875</DistanceMeters>
            <HeartRateBpm>
              <Value>130</Value>
            </HeartRateBpm>
            <Extensions>
              <ns3:TPX>
                <ns3:Speed>2.8369998931884766</ns3:Speed>
                <ns3:RunCadence>85</ns3:RunCadence>
              </ns3:TPX>
            </Extensions>
          </Trackpoint>
          <Trackpoint>
            <Time>2022-10-17T18:35:25.000Z</Time>
            <Position>
              <LatitudeDegrees>-33.401433108374476</LatitudeDegrees>
              <LongitudeDegrees>-70.5374971870333</LongitudeDegrees>
            </Position>
            <AltitudeMeters>815.7999877929688</AltitudeMeters>
            <DistanceMeters>7218.10009765625</DistanceMeters>
            <HeartRateBpm>
              <Value>129</Value>
            </HeartRateBpm>
            <Extensions>
              <ns3:TPX>
                <ns3:Speed>2.8369998931884766</ns3:Speed>
                <ns3:RunCadence>84</ns3:RunCadence>
              </ns3:TPX>
            </Extensions>
          </Trackpoint>
          <Trackpoint>
            <Time>2022-10-17T18:35:32.000Z</Time>
            <Position>
              <LatitudeDegrees>-33.40155187994242</LatitudeDegrees>
              <LongitudeDegrees>-70.53766616620123</LongitudeDegrees>
            </Position>
            <AltitudeMeters>811.4000244140625</AltitudeMeters>
            <DistanceMeters>7238.5498046875</DistanceMeters>
            <HeartRateBpm>
              <Value>132</Value>
            </HeartRateBpm>
            <Extensions>
              <ns3:TPX>
                <ns3:Speed>2.8459999561309814</ns3:Speed>
                <ns3:RunCadence>85</ns3:RunCadence>
              </ns3:TPX>
            </Extensions>
          </Trackpoint>
          <Trackpoint>
            <Time>2022-10-17T18:35:34.000Z</Time>
            <Position>
              <LatitudeDegrees>-33.40157752856612</LatitudeDegrees>
              <LongitudeDegrees>-70.53769282065332</LongitudeDegrees>
            </Position>
            <AltitudeMeters>810.5999755859375</AltitudeMeters>
            <DistanceMeters>7242.06982421875</DistanceMeters>
            <HeartRateBpm>
              <Value>132</Value>
            </HeartRateBpm>
            <Extensions>
              <ns3:TPX>
                <ns3:Speed>2.8459999561309814</ns3:Speed>
                <ns3:RunCadence>84</ns3:RunCadence>
              </ns3:TPX>
            </Extensions>
          </Trackpoint>
          <Trackpoint>
            <Time>2022-10-17T18:35:40.000Z</Time>
            <Position>
              <LatitudeDegrees>-33.40168188326061</LatitudeDegrees>
              <LongitudeDegrees>-70.53778619505465</LongitudeDegrees>
            </Position>
            <AltitudeMeters>807.2000122070312</AltitudeMeters>
            <DistanceMeters>7257.18994140625</DistanceMeters>
            <HeartRateBpm>
              <Value>132</Value>
            </HeartRateBpm>
            <Extensions>
              <ns3:TPX>
                <ns3:Speed>2.8269999027252197</ns3:Speed>
                <ns3:RunCadence>82</ns3:RunCadence>
              </ns3:TPX>
            </Extensions>
          </Trackpoint>
          <Trackpoint>
            <Time>2022-10-17T18:35:49.000Z</Time>
            <Position>
              <LatitudeDegrees>-33.40181155130267</LatitudeDegrees>
              <LongitudeDegrees>-70.53794419392943</LongitudeDegrees>
            </Position>
            <AltitudeMeters>802.5999755859375</AltitudeMeters>
            <DistanceMeters>7277.68994140625</DistanceMeters>
            <HeartRateBpm>
              <Value>133</Value>
            </HeartRateBpm>
            <Extensions>
              <ns3:TPX>
                <ns3:Speed>2.809000015258789</ns3:Speed>
                <ns3:RunCadence>83</ns3:RunCadence>
              </ns3:TPX>
            </Extensions>
          </Trackpoint>
          <Trackpoint>
            <Time>2022-10-17T18:35:58.000Z</Time>
            <Position>
              <LatitudeDegrees>-33.40199863538146</LatitudeDegrees>
              <LongitudeDegrees>-70.53794930689037</LongitudeDegrees>
            </Position>
            <AltitudeMeters>797.0</AltitudeMeters>
            <DistanceMeters>7298.509765625</DistanceMeters>
            <HeartRateBpm>
              <Value>135</Value>
            </HeartRateBpm>
            <Extensions>
              <ns3:TPX>
                <ns3:Speed>2.743000030517578</ns3:Speed>
                <ns3:RunCadence>83</ns3:RunCadence>
              </ns3:TPX>
            </Extensions>
          </Trackpoint>
          <Trackpoint>
            <Time>2022-10-17T18:36:01.000Z</Time>
            <Position>
              <LatitudeDegrees>-33.40206518769264</LatitudeDegrees>
              <LongitudeDegrees>-70.53795265965164</LongitudeDegrees>
            </Position>
            <AltitudeMeters>795.0</AltitudeMeters>
            <DistanceMeters>7305.8701171875</DistanceMeters>
            <HeartRateBpm>
              <Value>135</Value>
            </HeartRateBpm>
            <Extensions>
              <ns3:TPX>
                <ns3:Speed>2.7149999141693115</ns3:Speed>
                <ns3:RunCadence>83</ns3:RunCadence>
              </ns3:TPX>
            </Extensions>
          </Trackpoint>
          <Trackpoint>
            <Time>2022-10-17T18:36:05.000Z</Time>
            <Position>
              <LatitudeDegrees>-33.402146408334374</LatitudeDegrees>
              <LongitudeDegrees>-70.53799943067133</LongitudeDegrees>
            </Position>
            <AltitudeMeters>792.2000122070312</AltitudeMeters>
            <DistanceMeters>7315.830078125</DistanceMeters>
            <HeartRateBpm>
              <Value>138</Value>
            </HeartRateBpm>
            <Extensions>
              <ns3:TPX>
                <ns3:Speed>2.697000026702881</ns3:Speed>
                <ns3:RunCadence>83</ns3:RunCadence>
              </ns3:TPX>
            </Extensions>
          </Trackpoint>
          <Trackpoint>
            <Time>2022-10-17T18:36:12.000Z</Time>
            <Position>
              <LatitudeDegrees>-33.40230155736208</LatitudeDegrees>
              <LongitudeDegrees>-70.53801217116416</LongitudeDegrees>
            </Position>
            <AltitudeMeters>787.4000244140625</AltitudeMeters>
            <DistanceMeters>7333.2001953125</DistanceMeters>
            <HeartRateBpm>
              <Value>135</Value>
            </HeartRateBpm>
            <Extensions>
              <ns3:TPX>
                <ns3:Speed>2.6589999198913574</ns3:Speed>
                <ns3:RunCadence>61</ns3:RunCadence>
              </ns3:TPX>
            </Extensions>
          </Trackpoint>
          <Trackpoint>
            <Time>2022-10-17T18:36:20.000Z</Time>
            <Position>
              <LatitudeDegrees>-33.40248880907893</LatitudeDegrees>
              <LongitudeDegrees>-70.53806087002158</LongitudeDegrees>
            </Position>
            <AltitudeMeters>780.5999755859375</AltitudeMeters>
            <DistanceMeters>7354.5498046875</DistanceMeters>
            <HeartRateBpm>
              <Value>136</Value>
            </HeartRateBpm>
            <Extensions>
              <ns3:TPX>
                <ns3:Speed>2.63100004196167</ns3:Speed>
                <ns3:RunCadence>57</ns3:RunCadence>
              </ns3:TPX>
            </Extensions>
          </Trackpoint>
          <Trackpoint>
            <Time>2022-10-17T18:36:31.000Z</Time>
            <Position>
              <LatitudeDegrees>-33.402691232040524</LatitudeDegrees>
              <LongitudeDegrees>-70.53814871236682</LongitudeDegrees>
            </Position>
            <AltitudeMeters>773.4000244140625</AltitudeMeters>
            <DistanceMeters>7376.419921875</DistanceMeters>
            <HeartRateBpm>
              <Value>138</Value>
            </HeartRateBpm>
            <Extensions>
              <ns3:TPX>
                <ns3:Speed>2.61299991607666</ns3:Speed>
                <ns3:RunCadence>52</ns3:RunCadence>
              </ns3:TPX>
            </Extensions>
          </Trackpoint>
          <Trackpoint>
            <Time>2022-10-17T18:36:40.000Z</Time>
            <Position>
              <LatitudeDegrees>-33.40287680737674</LatitudeDegrees>
              <LongitudeDegrees>-70.53811250254512</LongitudeDegrees>
            </Position>
            <AltitudeMeters>771.0</AltitudeMeters>
            <DistanceMeters>7397.4501953125</DistanceMeters>
            <HeartRateBpm>
              <Value>140</Value>
            </HeartRateBpm>
            <Extensions>
              <ns3:TPX>
                <ns3:Speed>2.556999921798706</ns3:Speed>
                <ns3:RunCadence>71</ns3:RunCadence>
              </ns3:TPX>
            </Extensions>
          </Trackpoint>
          <Trackpoint>
            <Time>2022-10-17T18:36:46.000Z</Time>
            <Position>
              <LatitudeDegrees>-33.403000524267554</LatitudeDegrees>
              <LongitudeDegrees>-70.53807302378118</LongitudeDegrees>
            </Position>
            <AltitudeMeters>768.7999877929688</AltitudeMeters>
            <DistanceMeters>7411.77978515625</DistanceMeters>
            <HeartRateBpm>
              <Value>141</Value>
            </HeartRateBpm>
            <Extensions>
              <ns3:TPX>
                <ns3:Speed>2.5290000438690186</ns3:Speed>
                <ns3:RunCadence>71</ns3:RunCadence>
              </ns3:TPX>
            </Extensions>
          </Trackpoint>
          <Trackpoint>
            <Time>2022-10-17T18:36:54.000Z</Time>
            <Position>
              <LatitudeDegrees>-33.40311015956104</LatitudeDegrees>
              <LongitudeDegrees>-70.53825524635613</LongitudeDegrees>
            </Position>
            <AltitudeMeters>764.5999755859375</AltitudeMeters>
            <DistanceMeters>7432.8798828125</DistanceMeters>
            <HeartRateBpm>
              <Value>143</Value>
            </HeartRateBpm>
            <Extensions>
              <ns3:TPX>
                <ns3:Speed>2.509999990463257</ns3:Speed>
                <ns3:RunCadence>92</ns3:RunCadence>
              </ns3:TPX>
            </Extensions>
          </Trackpoint>
          <Trackpoint>
            <Time>2022-10-17T18:37:00.000Z</Time>
            <Position>
              <LatitudeDegrees>-33.40322071686387</LatitudeDegrees>
              <LongitudeDegrees>-70.53839078173041</LongitudeDegrees>
            </Position>
            <AltitudeMeters>761.0</AltitudeMeters>
            <DistanceMeters>7450.419921875</DistanceMeters>
            <HeartRateBpm>
              <Value>145</Value>
            </HeartRateBpm>
            <Extensions>
              <ns3:TPX>
                <ns3:Speed>2.509999990463257</ns3:Speed>
                <ns3:RunCadence>59</ns3:RunCadence>
              </ns3:TPX>
            </Extensions>
          </Trackpoint>
          <Trackpoint>
            <Time>2022-10-17T18:37:06.000Z</Time>
            <Position>
              <LatitudeDegrees>-33.40340503491461</LatitudeDegrees>
              <LongitudeDegrees>-70.53837309591472</LongitudeDegrees>
            </Position>
            <AltitudeMeters>757.2000122070312</AltitudeMeters>
            <DistanceMeters>7471.259765625</DistanceMeters>
            <HeartRateBpm>
              <Value>145</Value>
            </HeartRateBpm>
            <Extensions>
              <ns3:TPX>
                <ns3:Speed>2.5380001068115234</ns3:Speed>
                <ns3:RunCadence>59</ns3:RunCadence>
              </ns3:TPX>
            </Extensions>
          </Trackpoint>
          <Trackpoint>
            <Time>2022-10-17T18:37:09.000Z</Time>
            <Position>
              <LatitudeDegrees>-33.40350343845785</LatitudeDegrees>
              <LongitudeDegrees>-70.53843704983592</LongitudeDegrees>
            </Position>
            <AltitudeMeters>754.7999877929688</AltitudeMeters>
            <DistanceMeters>7476.85009765625</DistanceMeters>
            <HeartRateBpm>
              <Value>145</Value>
            </HeartRateBpm>
            <Extensions>
              <ns3:TPX>
                <ns3:Speed>1.9500000476837158</ns3:Speed>
                <ns3:RunCadence>63</ns3:RunCadence>
              </ns3:TPX>
            </Extensions>
          </Trackpoint>
          <Trackpoint>
            <Time>2022-10-17T18:37:15.000Z</Time>
            <Position>
              <LatitudeDegrees>-33.403685158118606</LatitudeDegrees>
              <LongitudeDegrees>-70.53860116750002</LongitudeDegrees>
            </Position>
            <AltitudeMeters>752.0</AltitudeMeters>
            <DistanceMeters>7499.93017578125</DistanceMeters>
            <HeartRateBpm>
              <Value>144</Value>
            </HeartRateBpm>
            <Extensions>
              <ns3:TPX>
                <ns3:Speed>2.5850000381469727</ns3:Speed>
                <ns3:RunCadence>84</ns3:RunCadence>
              </ns3:TPX>
            </Extensions>
          </Trackpoint>
          <Trackpoint>
            <Time>2022-10-17T18:37:20.000Z</Time>
            <Position>
              <LatitudeDegrees>-33.40375732630491</LatitudeDegrees>
              <LongitudeDegrees>-70.53871281445026</LongitudeDegrees>
            </Position>
            <AltitudeMeters>750.5999755859375</AltitudeMeters>
            <DistanceMeters>7513.35009765625</DistanceMeters>
            <HeartRateBpm>
              <Value>141</Value>
            </HeartRateBpm>
            <Extensions>
              <ns3:TPX>
                <ns3:Speed>2.6689999103546143</ns3:Speed>
                <ns3:RunCadence>79</ns3:RunCadence>
              </ns3:TPX>
            </Extensions>
          </Trackpoint>
          <Trackpoint>
            <Time>2022-10-17T18:37:21.000Z</Time>
            <Position>
              <LatitudeDegrees>-33.403747603297234</LatitudeDegrees>
              <LongitudeDegrees>-70.53871490992606</LongitudeDegrees>
            </Position>
            <AltitudeMeters>750.5999755859375</AltitudeMeters>
            <DistanceMeters>7514.33984375</DistanceMeters>
            <HeartRateBpm>
              <Value>141</Value>
            </HeartRateBpm>
            <Extensions>
              <ns3:TPX>
                <ns3:Speed>2.677999973297119</ns3:Speed>
                <ns3:RunCadence>79</ns3:RunCadence>
              </ns3:TPX>
            </Extensions>
          </Trackpoint>
          <Trackpoint>
            <Time>2022-10-17T18:37:25.000Z</Time>
            <Position>
              <LatitudeDegrees>-33.40370544232428</LatitudeDegrees>
              <LongitudeDegrees>-70.5387348588556</LongitudeDegrees>
            </Position>
            <AltitudeMeters>750.5999755859375</AltitudeMeters>
            <DistanceMeters>7519.27001953125</DistanceMeters>
            <HeartRateBpm>
              <Value>140</Value>
            </HeartRateBpm>
            <Extensions>
              <ns3:TPX>
                <ns3:Speed>1.0640000104904175</ns3:Speed>
                <ns3:RunCadence>71</ns3:RunCadence>
              </ns3:TPX>
            </Extensions>
          </Trackpoint>
          <Trackpoint>
            <Time>2022-10-17T18:37:29.000Z</Time>
            <Position>
              <LatitudeDegrees>-33.40368490666151</LatitudeDegrees>
              <LongitudeDegrees>-70.53874324075878</LongitudeDegrees>
            </Position>
            <AltitudeMeters>750.7999877929688</AltitudeMeters>
            <DistanceMeters>7521.72021484375</DistanceMeters>
            <HeartRateBpm>
              <Value>138</Value>
            </HeartRateBpm>
            <Extensions>
              <ns3:TPX>
                <ns3:Speed>1.0920000076293945</ns3:Speed>
                <ns3:RunCadence>0</ns3:RunCadence>
              </ns3:TPX>
            </Extensions>
          </Trackpoint>
          <Trackpoint>
            <Time>2022-10-17T18:37:34.000Z</Time>
            <Position>
              <LatitudeDegrees>-33.40367308817804</LatitudeDegrees>
              <LongitudeDegrees>-70.5387417320162</LongitudeDegrees>
            </Position>
            <AltitudeMeters>750.7999877929688</AltitudeMeters>
            <DistanceMeters>7522.93017578125</DistanceMeters>
            <HeartRateBpm>
              <Value>135</Value>
            </HeartRateBpm>
            <Extensions>
              <ns3:TPX>
                <ns3:Speed>0.0</ns3:Speed>
                <ns3:RunCadence>0</ns3:RunCadence>
              </ns3:TPX>
            </Extensions>
          </Trackpoint>
          <Trackpoint>
            <Time>2022-10-17T18:37:39.000Z</Time>
            <Position>
              <LatitudeDegrees>-33.40367015451193</LatitudeDegrees>
              <LongitudeDegrees>-70.53874315693974</LongitudeDegrees>
            </Position>
            <AltitudeMeters>750.7999877929688</AltitudeMeters>
            <DistanceMeters>7523.3701171875</DistanceMeters>
            <HeartRateBpm>
              <Value>132</Value>
            </HeartRateBpm>
            <Extensions>
              <ns3:TPX>
                <ns3:Speed>0.0</ns3:Speed>
                <ns3:RunCadence>0</ns3:RunCadence>
              </ns3:TPX>
            </Extensions>
          </Trackpoint>
          <Trackpoint>
            <Time>2022-10-17T18:37:41.000Z</Time>
            <Position>
              <LatitudeDegrees>-33.40366772376001</LatitudeDegrees>
              <LongitudeDegrees>-70.53874600678682</LongitudeDegrees>
            </Position>
            <AltitudeMeters>750.7999877929688</AltitudeMeters>
            <DistanceMeters>7523.759765625</DistanceMeters>
            <HeartRateBpm>
              <Value>129</Value>
            </HeartRateBpm>
            <Extensions>
              <ns3:TPX>
                <ns3:Speed>0.0</ns3:Speed>
                <ns3:RunCadence>0</ns3:RunCadence>
              </ns3:TPX>
            </Extensions>
          </Trackpoint>
          <Trackpoint>
            <Time>2022-10-17T18:37:48.000Z</Time>
            <Position>
              <LatitudeDegrees>-33.40366973541677</LatitudeDegrees>
              <LongitudeDegrees>-70.53875489160419</LongitudeDegrees>
            </Position>
            <AltitudeMeters>750.5999755859375</AltitudeMeters>
            <DistanceMeters>7524.75</DistanceMeters>
            <HeartRateBpm>
              <Value>126</Value>
            </HeartRateBpm>
            <Extensions>
              <ns3:TPX>
                <ns3:Speed>0.0</ns3:Speed>
                <ns3:RunCadence>0</ns3:RunCadence>
              </ns3:TPX>
            </Extensions>
          </Trackpoint>
          <Trackpoint>
            <Time>2022-10-17T18:37:50.000Z</Time>
            <Position>
              <LatitudeDegrees>-33.403670489788055</LatitudeDegrees>
              <LongitudeDegrees>-70.53875933401287</LongitudeDegrees>
            </Position>
            <AltitudeMeters>750.5999755859375</AltitudeMeters>
            <DistanceMeters>7525.16015625</DistanceMeters>
            <HeartRateBpm>
              <Value>123</Value>
            </HeartRateBpm>
            <Extensions>
              <ns3:TPX>
                <ns3:Speed>0.0</ns3:Speed>
                <ns3:RunCadence>0</ns3:RunCadence>
              </ns3:TPX>
            </Extensions>
          </Trackpoint>
          <Trackpoint>
            <Time>2022-10-17T18:37:54.000Z</Time>
            <Position>
              <LatitudeDegrees>-33.403668478131294</LatitudeDegrees>
              <LongitudeDegrees>-70.53876595571637</LongitudeDegrees>
            </Position>
            <AltitudeMeters>750.5999755859375</AltitudeMeters>
            <DistanceMeters>7525.419921875</DistanceMeters>
            <HeartRateBpm>
              <Value>120</Value>
            </HeartRateBpm>
            <Extensions>
              <ns3:TPX>
                <ns3:Speed>0.0</ns3:Speed>
                <ns3:RunCadence>0</ns3:RunCadence>
              </ns3:TPX>
            </Extensions>
          </Trackpoint>
          <Trackpoint>
            <Time>2022-10-17T18:38:09.000Z</Time>
            <Position>
              <LatitudeDegrees>-33.4036576654762</LatitudeDegrees>
              <LongitudeDegrees>-70.53876117803156</LongitudeDegrees>
            </Position>
            <AltitudeMeters>750.7999877929688</AltitudeMeters>
            <DistanceMeters>7526.27978515625</DistanceMeters>
            <HeartRateBpm>
              <Value>117</Value>
            </HeartRateBpm>
            <Extensions>
              <ns3:TPX>
                <ns3:Speed>0.0</ns3:Speed>
                <ns3:RunCadence>0</ns3:RunCadence>
              </ns3:TPX>
            </Extensions>
          </Trackpoint>
          <Trackpoint>
            <Time>2022-10-17T18:38:15.000Z</Time>
            <Position>
              <LatitudeDegrees>-33.40364618226886</LatitudeDegrees>
              <LongitudeDegrees>-70.53875355049968</LongitudeDegrees>
            </Position>
            <AltitudeMeters>750.7999877929688</AltitudeMeters>
            <DistanceMeters>7527.31982421875</DistanceMeters>
            <HeartRateBpm>
              <Value>114</Value>
            </HeartRateBpm>
            <Extensions>
              <ns3:TPX>
                <ns3:Speed>0.0</ns3:Speed>
                <ns3:RunCadence>0</ns3:RunCadence>
              </ns3:TPX>
            </Extensions>
          </Trackpoint>
          <Trackpoint>
            <Time>2022-10-17T18:38:20.000Z</Time>
            <Position>
              <LatitudeDegrees>-33.403647523373365</LatitudeDegrees>
              <LongitudeDegrees>-70.53875966928899</LongitudeDegrees>
            </Position>
            <AltitudeMeters>750.7999877929688</AltitudeMeters>
            <DistanceMeters>7527.7900390625</DistanceMeters>
            <HeartRateBpm>
              <Value>111</Value>
            </HeartRateBpm>
            <Extensions>
              <ns3:TPX>
                <ns3:Speed>0.0</ns3:Speed>
                <ns3:RunCadence>60</ns3:RunCadence>
              </ns3:TPX>
            </Extensions>
          </Trackpoint>
          <Trackpoint>
            <Time>2022-10-17T18:38:31.000Z</Time>
            <Position>
              <LatitudeDegrees>-33.40364567935467</LatitudeDegrees>
              <LongitudeDegrees>-70.53876562044024</LongitudeDegrees>
            </Position>
            <AltitudeMeters>750.7999877929688</AltitudeMeters>
            <DistanceMeters>7528.740234375</DistanceMeters>
            <HeartRateBpm>
              <Value>108</Value>
            </HeartRateBpm>
            <Extensions>
              <ns3:TPX>
                <ns3:Speed>0.0</ns3:Speed>
                <ns3:RunCadence>0</ns3:RunCadence>
              </ns3:TPX>
            </Extensions>
          </Trackpoint>
          <Trackpoint>
            <Time>2022-10-17T18:38:52.000Z</Time>
            <Position>
              <LatitudeDegrees>-33.40364953503013</LatitudeDegrees>
              <LongitudeDegrees>-70.53877769038081</LongitudeDegrees>
            </Position>
            <AltitudeMeters>750.5999755859375</AltitudeMeters>
            <DistanceMeters>7530.18017578125</DistanceMeters>
            <HeartRateBpm>
              <Value>105</Value>
            </HeartRateBpm>
            <Extensions>
              <ns3:TPX>
                <ns3:Speed>0.0</ns3:Speed>
                <ns3:RunCadence>0</ns3:RunCadence>
              </ns3:TPX>
            </Extensions>
          </Trackpoint>
          <Trackpoint>
            <Time>2022-10-17T18:39:04.000Z</Time>
            <Position>
              <LatitudeDegrees>-33.403595220297575</LatitudeDegrees>
              <LongitudeDegrees>-70.53860041312873</LongitudeDegrees>
            </Position>
            <AltitudeMeters>752.5999755859375</AltitudeMeters>
            <DistanceMeters>7545.58984375</DistanceMeters>
            <HeartRateBpm>
              <Value>108</Value>
            </HeartRateBpm>
            <Extensions>
              <ns3:TPX>
                <ns3:Speed>2.3980000019073486</ns3:Speed>
                <ns3:RunCadence>61</ns3:RunCadence>
              </ns3:TPX>
            </Extensions>
          </Trackpoint>
          <Trackpoint>
            <Time>2022-10-17T18:39:06.000Z</Time>
            <Position>
              <LatitudeDegrees>-33.40359949506819</LatitudeDegrees>
              <LongitudeDegrees>-70.5385971441865</LongitudeDegrees>
            </Position>
            <AltitudeMeters>752.5999755859375</AltitudeMeters>
            <DistanceMeters>7545.8798828125</DistanceMeters>
            <HeartRateBpm>
              <Value>111</Value>
            </HeartRateBpm>
            <Extensions>
              <ns3:TPX>
                <ns3:Speed>2.00600004196167</ns3:Speed>
                <ns3:RunCadence>0</ns3:RunCadence>
              </ns3:TPX>
            </Extensions>
          </Trackpoint>
          <Trackpoint>
            <Time>2022-10-17T18:39:15.000Z</Time>
            <Position>
              <LatitudeDegrees>-33.40363444760442</LatitudeDegrees>
              <LongitudeDegrees>-70.53865254856646</LongitudeDegrees>
            </Position>
            <AltitudeMeters>751.7999877929688</AltitudeMeters>
            <DistanceMeters>7552.72021484375</DistanceMeters>
            <HeartRateBpm>
              <Value>109</Value>
            </HeartRateBpm>
            <Extensions>
              <ns3:TPX>
                <ns3:Speed>1.1660000085830688</ns3:Speed>
                <ns3:RunCadence>0</ns3:RunCadence>
              </ns3:TPX>
            </Extensions>
          </Trackpoint>
          <Trackpoint>
            <Time>2022-10-17T18:39:17.000Z</Time>
            <Position>
              <LatitudeDegrees>-33.403633860871196</LatitudeDegrees>
              <LongitudeDegrees>-70.53865682333708</LongitudeDegrees>
            </Position>
            <AltitudeMeters>751.7999877929688</AltitudeMeters>
            <DistanceMeters>7553.0400390625</DistanceMeters>
            <HeartRateBpm>
              <Value>106</Value>
            </HeartRateBpm>
            <Extensions>
              <ns3:TPX>
                <ns3:Speed>1.1660000085830688</ns3:Speed>
                <ns3:RunCadence>0</ns3:RunCadence>
              </ns3:TPX>
            </Extensions>
          </Trackpoint>
          <Trackpoint>
            <Time>2022-10-17T18:39:30.000Z</Time>
            <Position>
              <LatitudeDegrees>-33.4034990798682</LatitudeDegrees>
              <LongitudeDegrees>-70.53847879171371</LongitudeDegrees>
            </Position>
            <AltitudeMeters>754.4000244140625</AltitudeMeters>
            <DistanceMeters>7575.5498046875</DistanceMeters>
            <HeartRateBpm>
              <Value>108</Value>
            </HeartRateBpm>
            <Extensions>
              <ns3:TPX>
                <ns3:Speed>2.500999927520752</ns3:Speed>
                <ns3:RunCadence>58</ns3:RunCadence>
              </ns3:TPX>
            </Extensions>
          </Trackpoint>
          <Trackpoint>
            <Time>2022-10-17T18:39:33.000Z</Time>
            <Position>
              <LatitudeDegrees>-33.40344158001244</LatitudeDegrees>
              <LongitudeDegrees>-70.53843906149268</LongitudeDegrees>
            </Position>
            <AltitudeMeters>755.7999877929688</AltitudeMeters>
            <DistanceMeters>7582.93994140625</DistanceMeters>
            <HeartRateBpm>
              <Value>111</Value>
            </HeartRateBpm>
            <Extensions>
              <ns3:TPX>
                <ns3:Speed>2.556999921798706</ns3:Speed>
                <ns3:RunCadence>79</ns3:RunCadence>
              </ns3:TPX>
            </Extensions>
          </Trackpoint>
          <Trackpoint>
            <Time>2022-10-17T18:39:35.000Z</Time>
            <Position>
              <LatitudeDegrees>-33.4034055378288</LatitudeDegrees>
              <LongitudeDegrees>-70.53841626271605</LongitudeDegrees>
            </Position>
            <AltitudeMeters>756.7999877929688</AltitudeMeters>
            <DistanceMeters>7587.4599609375</DistanceMeters>
            <HeartRateBpm>
              <Value>116</Value>
            </HeartRateBpm>
            <Extensions>
              <ns3:TPX>
                <ns3:Speed>2.556999921798706</ns3:Speed>
                <ns3:RunCadence>79</ns3:RunCadence>
              </ns3:TPX>
            </Extensions>
          </Trackpoint>
          <Trackpoint>
            <Time>2022-10-17T18:39:44.000Z</Time>
            <Position>
              <LatitudeDegrees>-33.40329137630761</LatitudeDegrees>
              <LongitudeDegrees>-70.53833412006497</LongitudeDegrees>
            </Position>
            <AltitudeMeters>760.0</AltitudeMeters>
            <DistanceMeters>7602.16015625</DistanceMeters>
            <HeartRateBpm>
              <Value>117</Value>
            </HeartRateBpm>
            <Extensions>
              <ns3:TPX>
                <ns3:Speed>2.4630000591278076</ns3:Speed>
                <ns3:RunCadence>18</ns3:RunCadence>
              </ns3:TPX>
            </Extensions>
          </Trackpoint>
          <Trackpoint>
            <Time>2022-10-17T18:39:49.000Z</Time>
            <Position>
              <LatitudeDegrees>-33.4032469522208</LatitudeDegrees>
              <LongitudeDegrees>-70.53829648531973</LongitudeDegrees>
            </Position>
            <AltitudeMeters>761.4000244140625</AltitudeMeters>
            <DistanceMeters>7608.22021484375</DistanceMeters>
            <HeartRateBpm>
              <Value>121</Value>
            </HeartRateBpm>
            <Extensions>
              <ns3:TPX>
                <ns3:Speed>2.257999897003174</ns3:Speed>
                <ns3:RunCadence>60</ns3:RunCadence>
              </ns3:TPX>
            </Extensions>
          </Trackpoint>
          <Trackpoint>
            <Time>2022-10-17T18:39:54.000Z</Time>
            <Position>
              <LatitudeDegrees>-33.40320210903883</LatitudeDegrees>
              <LongitudeDegrees>-70.5382583476603</LongitudeDegrees>
            </Position>
            <AltitudeMeters>762.5999755859375</AltitudeMeters>
            <DistanceMeters>7609.39013671875</DistanceMeters>
            <HeartRateBpm>
              <Value>125</Value>
            </HeartRateBpm>
            <Extensions>
              <ns3:TPX>
                <ns3:Speed>0.0</ns3:Speed>
                <ns3:RunCadence>0</ns3:RunCadence>
              </ns3:TPX>
            </Extensions>
          </Trackpoint>
          <Trackpoint>
            <Time>2022-10-17T18:39:56.000Z</Time>
            <Position>
              <LatitudeDegrees>-33.40318492613733</LatitudeDegrees>
              <LongitudeDegrees>-70.53824359551072</LongitudeDegrees>
            </Position>
            <AltitudeMeters>763.2000122070312</AltitudeMeters>
            <DistanceMeters>7611.7001953125</DistanceMeters>
            <HeartRateBpm>
              <Value>128</Value>
            </HeartRateBpm>
            <Extensions>
              <ns3:TPX>
                <ns3:Speed>2.1089999675750732</ns3:Speed>
                <ns3:RunCadence>0</ns3:RunCadence>
              </ns3:TPX>
            </Extensions>
          </Trackpoint>
          <Trackpoint>
            <Time>2022-10-17T18:39:57.000Z</Time>
            <Position>
              <LatitudeDegrees>-33.403175454586744</LatitudeDegrees>
              <LongitudeDegrees>-70.53823605179787</LongitudeDegrees>
            </Position>
            <AltitudeMeters>763.4000244140625</AltitudeMeters>
            <DistanceMeters>7612.9501953125</DistanceMeters>
            <HeartRateBpm>
              <Value>131</Value>
            </HeartRateBpm>
            <Extensions>
              <ns3:TPX>
                <ns3:Speed>2.062000036239624</ns3:Speed>
                <ns3:RunCadence>0</ns3:RunCadence>
              </ns3:TPX>
            </Extensions>
          </Trackpoint>
          <Trackpoint>
            <Time>2022-10-17T18:40:00.000Z</Time>
            <Position>
              <LatitudeDegrees>-33.40315374545753</LatitudeDegrees>
              <LongitudeDegrees>-70.53822171874344</LongitudeDegrees>
            </Position>
            <AltitudeMeters>764.0</AltitudeMeters>
            <DistanceMeters>7615.7001953125</DistanceMeters>
            <HeartRateBpm>
              <Value>134</Value>
            </HeartRateBpm>
            <Extensions>
              <ns3:TPX>
                <ns3:Speed>1.9220000505447388</ns3:Speed>
                <ns3:RunCadence>0</ns3:RunCadence>
              </ns3:TPX>
            </Extensions>
          </Trackpoint>
          <Trackpoint>
            <Time>2022-10-17T18:40:02.000Z</Time>
            <Position>
              <LatitudeDegrees>-33.403138909488916</LatitudeDegrees>
              <LongitudeDegrees>-70.53820830769837</LongitudeDegrees>
            </Position>
            <AltitudeMeters>764.5999755859375</AltitudeMeters>
            <DistanceMeters>7617.759765625</DistanceMeters>
            <HeartRateBpm>
              <Value>138</Value>
            </HeartRateBpm>
            <Extensions>
              <ns3:TPX>
                <ns3:Speed>1.819000005722046</ns3:Speed>
                <ns3:RunCadence>0</ns3:RunCadence>
              </ns3:TPX>
            </Extensions>
          </Trackpoint>
          <Trackpoint>
            <Time>2022-10-17T18:40:07.000Z</Time>
            <Position>
              <LatitudeDegrees>-33.4030984248966</LatitudeDegrees>
              <LongitudeDegrees>-70.53818282671273</LongitudeDegrees>
            </Position>
            <AltitudeMeters>765.5999755859375</AltitudeMeters>
            <DistanceMeters>7622.81005859375</DistanceMeters>
            <HeartRateBpm>
              <Value>140</Value>
            </HeartRateBpm>
            <Extensions>
              <ns3:TPX>
                <ns3:Speed>1.6519999504089355</ns3:Speed>
                <ns3:RunCadence>56</ns3:RunCadence>
              </ns3:TPX>
            </Extensions>
          </Trackpoint>
          <Trackpoint>
            <Time>2022-10-17T18:40:12.000Z</Time>
            <Position>
              <LatitudeDegrees>-33.40306674130261</LatitudeDegrees>
              <LongitudeDegrees>-70.5381669010967</LongitudeDegrees>
            </Position>
            <AltitudeMeters>766.4000244140625</AltitudeMeters>
            <DistanceMeters>7626.56005859375</DistanceMeters>
            <HeartRateBpm>
              <Value>143</Value>
            </HeartRateBpm>
            <Extensions>
              <ns3:TPX>
                <ns3:Speed>0.0</ns3:Speed>
                <ns3:RunCadence>0</ns3:RunCadence>
              </ns3:TPX>
            </Extensions>
          </Trackpoint>
          <Trackpoint>
            <Time>2022-10-17T18:40:36.000Z</Time>
            <Position>
              <LatitudeDegrees>-33.40289491228759</LatitudeDegrees>
              <LongitudeDegrees>-70.53814041428268</LongitudeDegrees>
            </Position>
            <AltitudeMeters>770.4000244140625</AltitudeMeters>
            <DistanceMeters>7646.56982421875</DistanceMeters>
            <HeartRateBpm>
              <Value>146</Value>
            </HeartRateBpm>
            <Extensions>
              <ns3:TPX>
                <ns3:Speed>0.0</ns3:Speed>
                <ns3:RunCadence>0</ns3:RunCadence>
              </ns3:TPX>
            </Extensions>
          </Trackpoint>
          <Trackpoint>
            <Time>2022-10-17T18:40:58.000Z</Time>
            <Position>
              <LatitudeDegrees>-33.40271604247391</LatitudeDegrees>
              <LongitudeDegrees>-70.53817419335246</LongitudeDegrees>
            </Position>
            <AltitudeMeters>772.5999755859375</AltitudeMeters>
            <DistanceMeters>7666.990234375</DistanceMeters>
            <HeartRateBpm>
              <Value>147</Value>
            </HeartRateBpm>
            <Extensions>
              <ns3:TPX>
                <ns3:Speed>0.9049999713897705</ns3:Speed>
                <ns3:RunCadence>0</ns3:RunCadence>
              </ns3:TPX>
            </Extensions>
          </Trackpoint>
          <Trackpoint>
            <Time>2022-10-17T18:41:21.000Z</Time>
            <Position>
              <LatitudeDegrees>-33.40255712158978</LatitudeDegrees>
              <LongitudeDegrees>-70.53813798353076</LongitudeDegrees>
            </Position>
            <AltitudeMeters>776.7999877929688</AltitudeMeters>
            <DistanceMeters>7687.81982421875</DistanceMeters>
            <HeartRateBpm>
              <Value>145</Value>
            </HeartRateBpm>
            <Extensions>
              <ns3:TPX>
                <ns3:Speed>0.0</ns3:Speed>
                <ns3:RunCadence>0</ns3:RunCadence>
              </ns3:TPX>
            </Extensions>
          </Trackpoint>
          <Trackpoint>
            <Time>2022-10-17T18:41:45.000Z</Time>
            <Position>
              <LatitudeDegrees>-33.40237540192902</LatitudeDegrees>
              <LongitudeDegrees>-70.53808827884495</LongitudeDegrees>
            </Position>
            <AltitudeMeters>783.4000244140625</AltitudeMeters>
            <DistanceMeters>7708.47998046875</DistanceMeters>
            <HeartRateBpm>
              <Value>144</Value>
            </HeartRateBpm>
            <Extensions>
              <ns3:TPX>
                <ns3:Speed>0.0</ns3:Speed>
                <ns3:RunCadence>0</ns3:RunCadence>
              </ns3:TPX>
            </Extensions>
          </Trackpoint>
          <Trackpoint>
            <Time>2022-10-17T18:42:10.000Z</Time>
            <Position>
              <LatitudeDegrees>-33.40218831785023</LatitudeDegrees>
              <LongitudeDegrees>-70.53805449977517</LongitudeDegrees>
            </Position>
            <AltitudeMeters>789.7999877929688</AltitudeMeters>
            <DistanceMeters>7729.18994140625</DistanceMeters>
            <HeartRateBpm>
              <Value>141</Value>
            </HeartRateBpm>
            <Extensions>
              <ns3:TPX>
                <ns3:Speed>0.0</ns3:Speed>
                <ns3:RunCadence>0</ns3:RunCadence>
              </ns3:TPX>
            </Extensions>
          </Trackpoint>
          <Trackpoint>
            <Time>2022-10-17T18:42:31.000Z</Time>
            <Position>
              <LatitudeDegrees>-33.40202260762453</LatitudeDegrees>
              <LongitudeDegrees>-70.53800454363227</LongitudeDegrees>
            </Position>
            <AltitudeMeters>795.7999877929688</AltitudeMeters>
            <DistanceMeters>7748.7998046875</DistanceMeters>
            <HeartRateBpm>
              <Value>142</Value>
            </HeartRateBpm>
            <Extensions>
              <ns3:TPX>
                <ns3:Speed>1.0449999570846558</ns3:Speed>
                <ns3:RunCadence>0</ns3:RunCadence>
              </ns3:TPX>
            </Extensions>
          </Trackpoint>
          <Trackpoint>
            <Time>2022-10-17T18:42:33.000Z</Time>
            <Position>
              <LatitudeDegrees>-33.40200710110366</LatitudeDegrees>
              <LongitudeDegrees>-70.53800798021257</LongitudeDegrees>
            </Position>
            <AltitudeMeters>796.2000122070312</AltitudeMeters>
            <DistanceMeters>7750.5400390625</DistanceMeters>
            <HeartRateBpm>
              <Value>142</Value>
            </HeartRateBpm>
            <Extensions>
              <ns3:TPX>
                <ns3:Speed>1.0449999570846558</ns3:Speed>
                <ns3:RunCadence>0</ns3:RunCadence>
              </ns3:TPX>
            </Extensions>
          </Trackpoint>
          <Trackpoint>
            <Time>2022-10-17T18:42:35.000Z</Time>
            <Position>
              <LatitudeDegrees>-33.40198924764991</LatitudeDegrees>
              <LongitudeDegrees>-70.53801451809704</LongitudeDegrees>
            </Position>
            <AltitudeMeters>796.5999755859375</AltitudeMeters>
            <DistanceMeters>7752.56005859375</DistanceMeters>
            <HeartRateBpm>
              <Value>141</Value>
            </HeartRateBpm>
            <Extensions>
              <ns3:TPX>
                <ns3:Speed>0.9419999718666077</ns3:Speed>
                <ns3:RunCadence>0</ns3:RunCadence>
              </ns3:TPX>
            </Extensions>
          </Trackpoint>
          <Trackpoint>
            <Time>2022-10-17T18:43:00.000Z</Time>
            <Position>
              <LatitudeDegrees>-33.40177131816745</LatitudeDegrees>
              <LongitudeDegrees>-70.53799540735781</LongitudeDegrees>
            </Position>
            <AltitudeMeters>803.0</AltitudeMeters>
            <DistanceMeters>7773.06005859375</DistanceMeters>
            <HeartRateBpm>
              <Value>141</Value>
            </HeartRateBpm>
            <Extensions>
              <ns3:TPX>
                <ns3:Speed>0.0</ns3:Speed>
                <ns3:RunCadence>0</ns3:RunCadence>
              </ns3:TPX>
            </Extensions>
          </Trackpoint>
          <Trackpoint>
            <Time>2022-10-17T18:43:17.000Z</Time>
            <Position>
              <LatitudeDegrees>-33.40161491185427</LatitudeDegrees>
              <LongitudeDegrees>-70.53788267076015</LongitudeDegrees>
            </Position>
            <AltitudeMeters>807.5999755859375</AltitudeMeters>
            <DistanceMeters>7793.669921875</DistanceMeters>
            <HeartRateBpm>
              <Value>143</Value>
            </HeartRateBpm>
            <Extensions>
              <ns3:TPX>
                <ns3:Speed>1.4459999799728394</ns3:Speed>
                <ns3:RunCadence>61</ns3:RunCadence>
              </ns3:TPX>
            </Extensions>
          </Trackpoint>
          <Trackpoint>
            <Time>2022-10-17T18:43:22.000Z</Time>
            <Position>
              <LatitudeDegrees>-33.40156143531203</LatitudeDegrees>
              <LongitudeDegrees>-70.53779013454914</LongitudeDegrees>
            </Position>
            <AltitudeMeters>810.0</AltitudeMeters>
            <DistanceMeters>7804.1298828125</DistanceMeters>
            <HeartRateBpm>
              <Value>140</Value>
            </HeartRateBpm>
            <Extensions>
              <ns3:TPX>
                <ns3:Speed>1.465000033378601</ns3:Speed>
                <ns3:RunCadence>61</ns3:RunCadence>
              </ns3:TPX>
            </Extensions>
          </Trackpoint>
          <Trackpoint>
            <Time>2022-10-17T18:43:29.000Z</Time>
            <Position>
              <LatitudeDegrees>-33.40147644281387</LatitudeDegrees>
              <LongitudeDegrees>-70.53772450424731</LongitudeDegrees>
            </Position>
            <AltitudeMeters>812.5999755859375</AltitudeMeters>
            <DistanceMeters>7815.47998046875</DistanceMeters>
            <HeartRateBpm>
              <Value>143</Value>
            </HeartRateBpm>
            <Extensions>
              <ns3:TPX>
                <ns3:Speed>1.5959999561309814</ns3:Speed>
                <ns3:RunCadence>50</ns3:RunCadence>
              </ns3:TPX>
            </Extensions>
          </Trackpoint>
          <Trackpoint>
            <Time>2022-10-17T18:43:30.000Z</Time>
            <Position>
              <LatitudeDegrees>-33.40146697126329</LatitudeDegrees>
              <LongitudeDegrees>-70.5377197265625</LongitudeDegrees>
            </Position>
            <AltitudeMeters>812.7999877929688</AltitudeMeters>
            <DistanceMeters>7816.6298828125</DistanceMeters>
            <HeartRateBpm>
              <Value>143</Value>
            </HeartRateBpm>
            <Extensions>
              <ns3:TPX>
                <ns3:Speed>1.6139999628067017</ns3:Speed>
                <ns3:RunCadence>50</ns3:RunCadence>
              </ns3:TPX>
            </Extensions>
          </Trackpoint>
          <Trackpoint>
            <Time>2022-10-17T18:43:32.000Z</Time>
            <Position>
              <LatitudeDegrees>-33.40144408866763</LatitudeDegrees>
              <LongitudeDegrees>-70.5377059802413</LongitudeDegrees>
            </Position>
            <AltitudeMeters>813.4000244140625</AltitudeMeters>
            <DistanceMeters>7819.43994140625</DistanceMeters>
            <HeartRateBpm>
              <Value>144</Value>
            </HeartRateBpm>
            <Extensions>
              <ns3:TPX>
                <ns3:Speed>1.6330000162124634</ns3:Speed>
                <ns3:RunCadence>50</ns3:RunCadence>
              </ns3:TPX>
            </Extensions>
          </Trackpoint>
          <Trackpoint>
            <Time>2022-10-17T18:43:39.000Z</Time>
            <Position>
              <LatitudeDegrees>-33.40133051387966</LatitudeDegrees>
              <LongitudeDegrees>-70.53756231442094</LongitudeDegrees>
            </Position>
            <AltitudeMeters>817.5999755859375</AltitudeMeters>
            <DistanceMeters>7831.580078125</DistanceMeters>
            <HeartRateBpm>
              <Value>144</Value>
            </HeartRateBpm>
            <Extensions>
              <ns3:TPX>
                <ns3:Speed>1.6139999628067017</ns3:Speed>
                <ns3:RunCadence>50</ns3:RunCadence>
              </ns3:TPX>
            </Extensions>
          </Trackpoint>
          <Trackpoint>
            <Time>2022-10-17T18:43:46.000Z</Time>
            <Position>
              <LatitudeDegrees>-33.401204785332084</LatitudeDegrees>
              <LongitudeDegrees>-70.53739953786135</LongitudeDegrees>
            </Position>
            <AltitudeMeters>822.4000244140625</AltitudeMeters>
            <DistanceMeters>7852.240234375</DistanceMeters>
            <HeartRateBpm>
              <Value>145</Value>
            </HeartRateBpm>
            <Extensions>
              <ns3:TPX>
                <ns3:Speed>1.819000005722046</ns3:Speed>
                <ns3:RunCadence>83</ns3:RunCadence>
              </ns3:TPX>
            </Extensions>
          </Trackpoint>
          <Trackpoint>
            <Time>2022-10-17T18:43:53.000Z</Time>
            <Position>
              <LatitudeDegrees>-33.40106103569269</LatitudeDegrees>
              <LongitudeDegrees>-70.53724187426269</LongitudeDegrees>
            </Position>
            <AltitudeMeters>827.4000244140625</AltitudeMeters>
            <DistanceMeters>7873.919921875</DistanceMeters>
            <HeartRateBpm>
              <Value>143</Value>
            </HeartRateBpm>
            <Extensions>
              <ns3:TPX>
                <ns3:Speed>2.1549999713897705</ns3:Speed>
                <ns3:RunCadence>81</ns3:RunCadence>
              </ns3:TPX>
            </Extensions>
          </Trackpoint>
          <Trackpoint>
            <Time>2022-10-17T18:44:00.000Z</Time>
            <Position>
              <LatitudeDegrees>-33.400910161435604</LatitudeDegrees>
              <LongitudeDegrees>-70.53708421066403</LongitudeDegrees>
            </Position>
            <AltitudeMeters>830.0</AltitudeMeters>
            <DistanceMeters>7896.169921875</DistanceMeters>
            <HeartRateBpm>
              <Value>143</Value>
            </HeartRateBpm>
            <Extensions>
              <ns3:TPX>
                <ns3:Speed>2.4260001182556152</ns3:Speed>
                <ns3:RunCadence>83</ns3:RunCadence>
              </ns3:TPX>
            </Extensions>
          </Trackpoint>
          <Trackpoint>
            <Time>2022-10-17T18:44:07.000Z</Time>
            <Position>
              <LatitudeDegrees>-33.40075995773077</LatitudeDegrees>
              <LongitudeDegrees>-70.53693166002631</LongitudeDegrees>
            </Position>
            <AltitudeMeters>830.5999755859375</AltitudeMeters>
            <DistanceMeters>7918.0498046875</DistanceMeters>
            <HeartRateBpm>
              <Value>141</Value>
            </HeartRateBpm>
            <Extensions>
              <ns3:TPX>
                <ns3:Speed>2.677999973297119</ns3:Speed>
                <ns3:RunCadence>83</ns3:RunCadence>
              </ns3:TPX>
            </Extensions>
          </Trackpoint>
          <Trackpoint>
            <Time>2022-10-17T18:44:14.000Z</Time>
            <Position>
              <LatitudeDegrees>-33.40060707181692</LatitudeDegrees>
              <LongitudeDegrees>-70.53680065087974</LongitudeDegrees>
            </Position>
            <AltitudeMeters>831.7999877929688</AltitudeMeters>
            <DistanceMeters>7938.93994140625</DistanceMeters>
            <HeartRateBpm>
              <Value>139</Value>
            </HeartRateBpm>
            <Extensions>
              <ns3:TPX>
                <ns3:Speed>2.8369998931884766</ns3:Speed>
                <ns3:RunCadence>86</ns3:RunCadence>
              </ns3:TPX>
            </Extensions>
          </Trackpoint>
          <Trackpoint>
            <Time>2022-10-17T18:44:21.000Z</Time>
            <Position>
              <LatitudeDegrees>-33.40045158751309</LatitudeDegrees>
              <LongitudeDegrees>-70.53665564395487</LongitudeDegrees>
            </Position>
            <AltitudeMeters>832.7999877929688</AltitudeMeters>
            <DistanceMeters>7960.83984375</DistanceMeters>
            <HeartRateBpm>
              <Value>137</Value>
            </HeartRateBpm>
            <Extensions>
              <ns3:TPX>
                <ns3:Speed>2.9019999504089355</ns3:Speed>
                <ns3:RunCadence>85</ns3:RunCadence>
              </ns3:TPX>
            </Extensions>
          </Trackpoint>
          <Trackpoint>
            <Time>2022-10-17T18:44:28.000Z</Time>
            <Position>
              <LatitudeDegrees>-33.40029031969607</LatitudeDegrees>
              <LongitudeDegrees>-70.5365209467709</LongitudeDegrees>
            </Position>
            <AltitudeMeters>834.0</AltitudeMeters>
            <DistanceMeters>7982.669921875</DistanceMeters>
            <HeartRateBpm>
              <Value>135</Value>
            </HeartRateBpm>
            <Extensions>
              <ns3:TPX>
                <ns3:Speed>2.9579999446868896</ns3:Speed>
                <ns3:RunCadence>83</ns3:RunCadence>
              </ns3:TPX>
            </Extensions>
          </Trackpoint>
          <Trackpoint>
            <Time>2022-10-17T18:44:36.000Z</Time>
            <Position>
              <LatitudeDegrees>-33.40010893531144</LatitudeDegrees>
              <LongitudeDegrees>-70.5363570805639</LongitudeDegrees>
            </Position>
            <AltitudeMeters>835.4000244140625</AltitudeMeters>
            <DistanceMeters>8005.68994140625</DistanceMeters>
            <HeartRateBpm>
              <Value>134</Value>
            </HeartRateBpm>
            <Extensions>
              <ns3:TPX>
                <ns3:Speed>2.994999885559082</ns3:Speed>
                <ns3:RunCadence>86</ns3:RunCadence>
              </ns3:TPX>
            </Extensions>
          </Trackpoint>
          <Trackpoint>
            <Time>2022-10-17T18:44:43.000Z</Time>
            <Position>
              <LatitudeDegrees>-33.3999692928046</LatitudeDegrees>
              <LongitudeDegrees>-70.53620134480298</LongitudeDegrees>
            </Position>
            <AltitudeMeters>834.2000122070312</AltitudeMeters>
            <DistanceMeters>8026.89990234375</DistanceMeters>
            <HeartRateBpm>
              <Value>131</Value>
            </HeartRateBpm>
            <Extensions>
              <ns3:TPX>
                <ns3:Speed>3.0320000648498535</ns3:Speed>
                <ns3:RunCadence>86</ns3:RunCadence>
              </ns3:TPX>
            </Extensions>
          </Trackpoint>
          <Trackpoint>
            <Time>2022-10-17T18:44:49.000Z</Time>
            <Position>
              <LatitudeDegrees>-33.39982755482197</LatitudeDegrees>
              <LongitudeDegrees>-70.53608215413988</LongitudeDegrees>
            </Position>
            <AltitudeMeters>834.0</AltitudeMeters>
            <DistanceMeters>8046.169921875</DistanceMeters>
            <HeartRateBpm>
              <Value>128</Value>
            </HeartRateBpm>
            <Extensions>
              <ns3:TPX>
                <ns3:Speed>3.0320000648498535</ns3:Speed>
                <ns3:RunCadence>86</ns3:RunCadence>
              </ns3:TPX>
            </Extensions>
          </Trackpoint>
          <Trackpoint>
            <Time>2022-10-17T18:44:56.000Z</Time>
            <Position>
              <LatitudeDegrees>-33.39965580962598</LatitudeDegrees>
              <LongitudeDegrees>-70.53595843724906</LongitudeDegrees>
            </Position>
            <AltitudeMeters>834.4000244140625</AltitudeMeters>
            <DistanceMeters>8068.419921875</DistanceMeters>
            <HeartRateBpm>
              <Value>130</Value>
            </HeartRateBpm>
            <Extensions>
              <ns3:TPX>
                <ns3:Speed>3.059999942779541</ns3:Speed>
                <ns3:RunCadence>83</ns3:RunCadence>
              </ns3:TPX>
            </Extensions>
          </Trackpoint>
          <Trackpoint>
            <Time>2022-10-17T18:45:03.000Z</Time>
            <Position>
              <LatitudeDegrees>-33.39947626926005</LatitudeDegrees>
              <LongitudeDegrees>-70.53584134206176</LongitudeDegrees>
            </Position>
            <AltitudeMeters>835.2000122070312</AltitudeMeters>
            <DistanceMeters>8091.1298828125</DistanceMeters>
            <HeartRateBpm>
              <Value>130</Value>
            </HeartRateBpm>
            <Extensions>
              <ns3:TPX>
                <ns3:Speed>3.0880000591278076</ns3:Speed>
                <ns3:RunCadence>84</ns3:RunCadence>
              </ns3:TPX>
            </Extensions>
          </Trackpoint>
          <Trackpoint>
            <Time>2022-10-17T18:45:10.000Z</Time>
            <Position>
              <LatitudeDegrees>-33.39929421432316</LatitudeDegrees>
              <LongitudeDegrees>-70.53574838675559</LongitudeDegrees>
            </Position>
            <AltitudeMeters>836.7999877929688</AltitudeMeters>
            <DistanceMeters>8113.10009765625</DistanceMeters>
            <HeartRateBpm>
              <Value>130</Value>
            </HeartRateBpm>
            <Extensions>
              <ns3:TPX>
                <ns3:Speed>3.1070001125335693</ns3:Speed>
                <ns3:RunCadence>81</ns3:RunCadence>
              </ns3:TPX>
            </Extensions>
          </Trackpoint>
          <Trackpoint>
            <Time>2022-10-17T18:45:17.000Z</Time>
            <Position>
              <LatitudeDegrees>-33.39910830371082</LatitudeDegrees>
              <LongitudeDegrees>-70.53566599264741</LongitudeDegrees>
            </Position>
            <AltitudeMeters>836.0</AltitudeMeters>
            <DistanceMeters>8135.10009765625</DistanceMeters>
            <HeartRateBpm>
              <Value>129</Value>
            </HeartRateBpm>
            <Extensions>
              <ns3:TPX>
                <ns3:Speed>3.0789999961853027</ns3:Speed>
                <ns3:RunCadence>84</ns3:RunCadence>
              </ns3:TPX>
            </Extensions>
          </Trackpoint>
          <Trackpoint>
            <Time>2022-10-17T18:45:24.000Z</Time>
            <Position>
              <LatitudeDegrees>-33.3989245723933</LatitudeDegrees>
              <LongitudeDegrees>-70.53557697683573</LongitudeDegrees>
            </Position>
            <AltitudeMeters>835.2000122070312</AltitudeMeters>
            <DistanceMeters>8157.10986328125</DistanceMeters>
            <HeartRateBpm>
              <Value>129</Value>
            </HeartRateBpm>
            <Extensions>
              <ns3:TPX>
                <ns3:Speed>3.0510001182556152</ns3:Speed>
                <ns3:RunCadence>84</ns3:RunCadence>
              </ns3:TPX>
            </Extensions>
          </Trackpoint>
          <Trackpoint>
            <Time>2022-10-17T18:45:32.000Z</Time>
            <Position>
              <LatitudeDegrees>-33.39870882220566</LatitudeDegrees>
              <LongitudeDegrees>-70.53550170734525</LongitudeDegrees>
            </Position>
            <AltitudeMeters>835.2000122070312</AltitudeMeters>
            <DistanceMeters>8179.81982421875</DistanceMeters>
            <HeartRateBpm>
              <Value>130</Value>
            </HeartRateBpm>
            <Extensions>
              <ns3:TPX>
                <ns3:Speed>3.0420000553131104</ns3:Speed>
                <ns3:RunCadence>84</ns3:RunCadence>
              </ns3:TPX>
            </Extensions>
          </Trackpoint>
          <Trackpoint>
            <Time>2022-10-17T18:45:39.000Z</Time>
            <Position>
              <LatitudeDegrees>-33.39852198958397</LatitudeDegrees>
              <LongitudeDegrees>-70.53543373011053</LongitudeDegrees>
            </Position>
            <AltitudeMeters>835.4000244140625</AltitudeMeters>
            <DistanceMeters>8201.509765625</DistanceMeters>
            <HeartRateBpm>
              <Value>132</Value>
            </HeartRateBpm>
            <Extensions>
              <ns3:TPX>
                <ns3:Speed>3.0230000019073486</ns3:Speed>
                <ns3:RunCadence>85</ns3:RunCadence>
              </ns3:TPX>
            </Extensions>
          </Trackpoint>
          <Trackpoint>
            <Time>2022-10-17T18:45:43.000Z</Time>
            <Position>
              <LatitudeDegrees>-33.39843884110451</LatitudeDegrees>
              <LongitudeDegrees>-70.5353760626167</LongitudeDegrees>
            </Position>
            <AltitudeMeters>834.5999755859375</AltitudeMeters>
            <DistanceMeters>8212.400390625</DistanceMeters>
            <HeartRateBpm>
              <Value>130</Value>
            </HeartRateBpm>
            <Extensions>
              <ns3:TPX>
                <ns3:Speed>3.003999948501587</ns3:Speed>
                <ns3:RunCadence>85</ns3:RunCadence>
              </ns3:TPX>
            </Extensions>
          </Trackpoint>
          <Trackpoint>
            <Time>2022-10-17T18:45:50.000Z</Time>
            <Position>
              <LatitudeDegrees>-33.39858510531485</LatitudeDegrees>
              <LongitudeDegrees>-70.53530096076429</LongitudeDegrees>
            </Position>
            <AltitudeMeters>830.7999877929688</AltitudeMeters>
            <DistanceMeters>8233.400390625</DistanceMeters>
            <HeartRateBpm>
              <Value>128</Value>
            </HeartRateBpm>
            <Extensions>
              <ns3:TPX>
                <ns3:Speed>2.938999891281128</ns3:Speed>
                <ns3:RunCadence>85</ns3:RunCadence>
              </ns3:TPX>
            </Extensions>
          </Trackpoint>
          <Trackpoint>
            <Time>2022-10-17T18:45:53.000Z</Time>
            <Position>
              <LatitudeDegrees>-33.39867839589715</LatitudeDegrees>
              <LongitudeDegrees>-70.5353023018688</LongitudeDegrees>
            </Position>
            <AltitudeMeters>829.7999877929688</AltitudeMeters>
            <DistanceMeters>8243.7197265625</DistanceMeters>
            <HeartRateBpm>
              <Value>129</Value>
            </HeartRateBpm>
            <Extensions>
              <ns3:TPX>
                <ns3:Speed>2.9210000038146973</ns3:Speed>
                <ns3:RunCadence>85</ns3:RunCadence>
              </ns3:TPX>
            </Extensions>
          </Trackpoint>
          <Trackpoint>
            <Time>2022-10-17T18:46:00.000Z</Time>
            <Position>
              <LatitudeDegrees>-33.3988865185529</LatitudeDegrees>
              <LongitudeDegrees>-70.53531378507614</LongitudeDegrees>
            </Position>
            <AltitudeMeters>827.5999755859375</AltitudeMeters>
            <DistanceMeters>8266.9404296875</DistanceMeters>
            <HeartRateBpm>
              <Value>128</Value>
            </HeartRateBpm>
            <Extensions>
              <ns3:TPX>
                <ns3:Speed>2.9579999446868896</ns3:Speed>
                <ns3:RunCadence>85</ns3:RunCadence>
              </ns3:TPX>
            </Extensions>
          </Trackpoint>
          <Trackpoint>
            <Time>2022-10-17T18:46:04.000Z</Time>
            <Position>
              <LatitudeDegrees>-33.398995734751225</LatitudeDegrees>
              <LongitudeDegrees>-70.53534504957497</LongitudeDegrees>
            </Position>
            <AltitudeMeters>827.2000122070312</AltitudeMeters>
            <DistanceMeters>8279.41015625</DistanceMeters>
            <HeartRateBpm>
              <Value>127</Value>
            </HeartRateBpm>
            <Extensions>
              <ns3:TPX>
                <ns3:Speed>2.9760000705718994</ns3:Speed>
                <ns3:RunCadence>85</ns3:RunCadence>
              </ns3:TPX>
            </Extensions>
          </Trackpoint>
          <Trackpoint>
            <Time>2022-10-17T18:46:10.000Z</Time>
            <Position>
              <LatitudeDegrees>-33.39917351491749</LatitudeDegrees>
              <LongitudeDegrees>-70.53537664934993</LongitudeDegrees>
            </Position>
            <AltitudeMeters>826.0</AltitudeMeters>
            <DistanceMeters>8299.3701171875</DistanceMeters>
            <HeartRateBpm>
              <Value>124</Value>
            </HeartRateBpm>
            <Extensions>
              <ns3:TPX>
                <ns3:Speed>2.994999885559082</ns3:Speed>
                <ns3:RunCadence>85</ns3:RunCadence>
              </ns3:TPX>
            </Extensions>
          </Trackpoint>
          <Trackpoint>
            <Time>2022-10-17T18:46:18.000Z</Time>
            <Position>
              <LatitudeDegrees>-33.39938247576356</LatitudeDegrees>
              <LongitudeDegrees>-70.53543725050986</LongitudeDegrees>
            </Position>
            <AltitudeMeters>824.7999877929688</AltitudeMeters>
            <DistanceMeters>8319.5498046875</DistanceMeters>
            <HeartRateBpm>
              <Value>125</Value>
            </HeartRateBpm>
            <Extensions>
              <ns3:TPX>
                <ns3:Speed>3.0139999389648438</ns3:Speed>
                <ns3:RunCadence>85</ns3:RunCadence>
              </ns3:TPX>
            </Extensions>
          </Trackpoint>
          <Trackpoint>
            <Time>2022-10-17T18:46:25.000Z</Time>
            <Position>
              <LatitudeDegrees>-33.39955631643534</LatitudeDegrees>
              <LongitudeDegrees>-70.53550003096461</LongitudeDegrees>
            </Position>
            <AltitudeMeters>822.5999755859375</AltitudeMeters>
            <DistanceMeters>8339.669921875</DistanceMeters>
            <HeartRateBpm>
              <Value>126</Value>
            </HeartRateBpm>
            <Extensions>
              <ns3:TPX>
                <ns3:Speed>2.994999885559082</ns3:Speed>
                <ns3:RunCadence>85</ns3:RunCadence>
              </ns3:TPX>
            </Extensions>
          </Trackpoint>
          <Trackpoint>
            <Time>2022-10-17T18:46:32.000Z</Time>
            <Position>
              <LatitudeDegrees>-33.39974071830511</LatitudeDegrees>
              <LongitudeDegrees>-70.53551671095192</LongitudeDegrees>
            </Position>
            <AltitudeMeters>819.2000122070312</AltitudeMeters>
            <DistanceMeters>8360.1796875</DistanceMeters>
            <HeartRateBpm>
              <Value>127</Value>
            </HeartRateBpm>
            <Extensions>
              <ns3:TPX>
                <ns3:Speed>2.9579999446868896</ns3:Speed>
                <ns3:RunCadence>85</ns3:RunCadence>
              </ns3:TPX>
            </Extensions>
          </Trackpoint>
          <Trackpoint>
            <Time>2022-10-17T18:46:39.000Z</Time>
            <Position>
              <LatitudeDegrees>-33.39993132278323</LatitudeDegrees>
              <LongitudeDegrees>-70.53558452054858</LongitudeDegrees>
            </Position>
            <AltitudeMeters>817.0</AltitudeMeters>
            <DistanceMeters>8382.48046875</DistanceMeters>
            <HeartRateBpm>
              <Value>126</Value>
            </HeartRateBpm>
            <Extensions>
              <ns3:TPX>
                <ns3:Speed>2.947999954223633</ns3:Speed>
                <ns3:RunCadence>0</ns3:RunCadence>
              </ns3:TPX>
            </Extensions>
          </Trackpoint>
          <Trackpoint>
            <Time>2022-10-17T18:46:46.000Z</Time>
            <Position>
              <LatitudeDegrees>-33.400109857320786</LatitudeDegrees>
              <LongitudeDegrees>-70.53568543866277</LongitudeDegrees>
            </Position>
            <AltitudeMeters>816.0</AltitudeMeters>
            <DistanceMeters>8404.3701171875</DistanceMeters>
            <HeartRateBpm>
              <Value>125</Value>
            </HeartRateBpm>
            <Extensions>
              <ns3:TPX>
                <ns3:Speed>2.9579999446868896</ns3:Speed>
                <ns3:RunCadence>43</ns3:RunCadence>
              </ns3:TPX>
            </Extensions>
          </Trackpoint>
          <Trackpoint>
            <Time>2022-10-17T18:46:53.000Z</Time>
            <Position>
              <LatitudeDegrees>-33.400273472070694</LatitudeDegrees>
              <LongitudeDegrees>-70.53579993546009</LongitudeDegrees>
            </Position>
            <AltitudeMeters>815.2000122070312</AltitudeMeters>
            <DistanceMeters>8425.349609375</DistanceMeters>
            <HeartRateBpm>
              <Value>125</Value>
            </HeartRateBpm>
            <Extensions>
              <ns3:TPX>
                <ns3:Speed>2.9670000076293945</ns3:Speed>
                <ns3:RunCadence>42</ns3:RunCadence>
              </ns3:TPX>
            </Extensions>
          </Trackpoint>
          <Trackpoint>
            <Time>2022-10-17T18:47:00.000Z</Time>
            <Position>
              <LatitudeDegrees>-33.40045007877052</LatitudeDegrees>
              <LongitudeDegrees>-70.53586640395224</LongitudeDegrees>
            </Position>
            <AltitudeMeters>812.4000244140625</AltitudeMeters>
            <DistanceMeters>8446.169921875</DistanceMeters>
            <HeartRateBpm>
              <Value>123</Value>
            </HeartRateBpm>
            <Extensions>
              <ns3:TPX>
                <ns3:Speed>2.9670000076293945</ns3:Speed>
                <ns3:RunCadence>41</ns3:RunCadence>
              </ns3:TPX>
            </Extensions>
          </Trackpoint>
          <Trackpoint>
            <Time>2022-10-17T18:47:07.000Z</Time>
            <Position>
              <LatitudeDegrees>-33.40063976123929</LatitudeDegrees>
              <LongitudeDegrees>-70.53591778501868</LongitudeDegrees>
            </Position>
            <AltitudeMeters>809.7999877929688</AltitudeMeters>
            <DistanceMeters>8467.7900390625</DistanceMeters>
            <HeartRateBpm>
              <Value>122</Value>
            </HeartRateBpm>
            <Extensions>
              <ns3:TPX>
                <ns3:Speed>2.9670000076293945</ns3:Speed>
                <ns3:RunCadence>42</ns3:RunCadence>
              </ns3:TPX>
            </Extensions>
          </Trackpoint>
          <Trackpoint>
            <Time>2022-10-17T18:47:16.000Z</Time>
            <Position>
              <LatitudeDegrees>-33.40086498297751</LatitudeDegrees>
              <LongitudeDegrees>-70.53603244945407</LongitudeDegrees>
            </Position>
            <AltitudeMeters>808.4000244140625</AltitudeMeters>
            <DistanceMeters>8487.9296875</DistanceMeters>
            <HeartRateBpm>
              <Value>120</Value>
            </HeartRateBpm>
            <Extensions>
              <ns3:TPX>
                <ns3:Speed>2.9670000076293945</ns3:Speed>
                <ns3:RunCadence>42</ns3:RunCadence>
              </ns3:TPX>
            </Extensions>
          </Trackpoint>
          <Trackpoint>
            <Time>2022-10-17T18:47:23.000Z</Time>
            <Position>
              <LatitudeDegrees>-33.401038739830256</LatitudeDegrees>
              <LongitudeDegrees>-70.53614107891917</LongitudeDegrees>
            </Position>
            <AltitudeMeters>807.0</AltitudeMeters>
            <DistanceMeters>8509.7197265625</DistanceMeters>
            <HeartRateBpm>
              <Value>122</Value>
            </HeartRateBpm>
            <Extensions>
              <ns3:TPX>
                <ns3:Speed>2.9670000076293945</ns3:Speed>
                <ns3:RunCadence>44</ns3:RunCadence>
              </ns3:TPX>
            </Extensions>
          </Trackpoint>
          <Trackpoint>
            <Time>2022-10-17T18:47:30.000Z</Time>
            <Position>
              <LatitudeDegrees>-33.40121484361589</LatitudeDegrees>
              <LongitudeDegrees>-70.53623386658728</LongitudeDegrees>
            </Position>
            <AltitudeMeters>804.0</AltitudeMeters>
            <DistanceMeters>8531.1201171875</DistanceMeters>
            <HeartRateBpm>
              <Value>122</Value>
            </HeartRateBpm>
            <Extensions>
              <ns3:TPX>
                <ns3:Speed>2.9760000705718994</ns3:Speed>
                <ns3:RunCadence>41</ns3:RunCadence>
              </ns3:TPX>
            </Extensions>
          </Trackpoint>
          <Trackpoint>
            <Time>2022-10-17T18:47:33.000Z</Time>
            <Position>
              <LatitudeDegrees>-33.40129740536213</LatitudeDegrees>
              <LongitudeDegrees>-70.53626613691449</LongitudeDegrees>
            </Position>
            <AltitudeMeters>802.4000244140625</AltitudeMeters>
            <DistanceMeters>8540.8095703125</DistanceMeters>
            <HeartRateBpm>
              <Value>123</Value>
            </HeartRateBpm>
            <Extensions>
              <ns3:TPX>
                <ns3:Speed>2.9760000705718994</ns3:Speed>
                <ns3:RunCadence>42</ns3:RunCadence>
              </ns3:TPX>
            </Extensions>
          </Trackpoint>
          <Trackpoint>
            <Time>2022-10-17T18:47:39.000Z</Time>
            <Position>
              <LatitudeDegrees>-33.40143428184092</LatitudeDegrees>
              <LongitudeDegrees>-70.53636906668544</LongitudeDegrees>
            </Position>
            <AltitudeMeters>800.7999877929688</AltitudeMeters>
            <DistanceMeters>8559.259765625</DistanceMeters>
            <HeartRateBpm>
              <Value>124</Value>
            </HeartRateBpm>
            <Extensions>
              <ns3:TPX>
                <ns3:Speed>2.9760000705718994</ns3:Speed>
                <ns3:RunCadence>42</ns3:RunCadence>
              </ns3:TPX>
            </Extensions>
          </Trackpoint>
          <Trackpoint>
            <Time>2022-10-17T18:47:46.000Z</Time>
            <Position>
              <LatitudeDegrees>-33.401601165533066</LatitudeDegrees>
              <LongitudeDegrees>-70.53649068810046</LongitudeDegrees>
            </Position>
            <AltitudeMeters>799.0</AltitudeMeters>
            <DistanceMeters>8581.01953125</DistanceMeters>
            <HeartRateBpm>
              <Value>124</Value>
            </HeartRateBpm>
            <Extensions>
              <ns3:TPX>
                <ns3:Speed>2.9860000610351562</ns3:Speed>
                <ns3:RunCadence>41</ns3:RunCadence>
              </ns3:TPX>
            </Extensions>
          </Trackpoint>
          <Trackpoint>
            <Time>2022-10-17T18:47:53.000Z</Time>
            <Position>
              <LatitudeDegrees>-33.40175153687596</LatitudeDegrees>
              <LongitudeDegrees>-70.53662957623601</LongitudeDegrees>
            </Position>
            <AltitudeMeters>798.0</AltitudeMeters>
            <DistanceMeters>8602.1396484375</DistanceMeters>
            <HeartRateBpm>
              <Value>121</Value>
            </HeartRateBpm>
            <Extensions>
              <ns3:TPX>
                <ns3:Speed>2.994999885559082</ns3:Speed>
                <ns3:RunCadence>43</ns3:RunCadence>
              </ns3:TPX>
            </Extensions>
          </Trackpoint>
          <Trackpoint>
            <Time>2022-10-17T18:48:01.000Z</Time>
            <Position>
              <LatitudeDegrees>-33.40193023905158</LatitudeDegrees>
              <LongitudeDegrees>-70.53674826398492</LongitudeDegrees>
            </Position>
            <AltitudeMeters>795.2000122070312</AltitudeMeters>
            <DistanceMeters>8624.8203125</DistanceMeters>
            <HeartRateBpm>
              <Value>122</Value>
            </HeartRateBpm>
            <Extensions>
              <ns3:TPX>
                <ns3:Speed>2.994999885559082</ns3:Speed>
                <ns3:RunCadence>43</ns3:RunCadence>
              </ns3:TPX>
            </Extensions>
          </Trackpoint>
          <Trackpoint>
            <Time>2022-10-17T18:48:07.000Z</Time>
            <Position>
              <LatitudeDegrees>-33.40207499451935</LatitudeDegrees>
              <LongitudeDegrees>-70.53683635778725</LongitudeDegrees>
            </Position>
            <AltitudeMeters>792.4000244140625</AltitudeMeters>
            <DistanceMeters>8642.849609375</DistanceMeters>
            <HeartRateBpm>
              <Value>125</Value>
            </HeartRateBpm>
            <Extensions>
              <ns3:TPX>
                <ns3:Speed>2.9860000610351562</ns3:Speed>
                <ns3:RunCadence>43</ns3:RunCadence>
              </ns3:TPX>
            </Extensions>
          </Trackpoint>
          <Trackpoint>
            <Time>2022-10-17T18:48:14.000Z</Time>
            <Position>
              <LatitudeDegrees>-33.402219749987125</LatitudeDegrees>
              <LongitudeDegrees>-70.53699284791946</LongitudeDegrees>
            </Position>
            <AltitudeMeters>791.0</AltitudeMeters>
            <DistanceMeters>8664.490234375</DistanceMeters>
            <HeartRateBpm>
              <Value>125</Value>
            </HeartRateBpm>
            <Extensions>
              <ns3:TPX>
                <ns3:Speed>2.9760000705718994</ns3:Speed>
                <ns3:RunCadence>42</ns3:RunCadence>
              </ns3:TPX>
            </Extensions>
          </Trackpoint>
          <Trackpoint>
            <Time>2022-10-17T18:48:21.000Z</Time>
            <Position>
              <LatitudeDegrees>-33.40237724594772</LatitudeDegrees>
              <LongitudeDegrees>-70.5371174030006</LongitudeDegrees>
            </Position>
            <AltitudeMeters>788.5999755859375</AltitudeMeters>
            <DistanceMeters>8685.5302734375</DistanceMeters>
            <HeartRateBpm>
              <Value>125</Value>
            </HeartRateBpm>
            <Extensions>
              <ns3:TPX>
                <ns3:Speed>2.9760000705718994</ns3:Speed>
                <ns3:RunCadence>42</ns3:RunCadence>
              </ns3:TPX>
            </Extensions>
          </Trackpoint>
          <Trackpoint>
            <Time>2022-10-17T18:48:25.000Z</Time>
            <Position>
              <LatitudeDegrees>-33.40244178660214</LatitudeDegrees>
              <LongitudeDegrees>-70.53720708936453</LongitudeDegrees>
            </Position>
            <AltitudeMeters>787.5999755859375</AltitudeMeters>
            <DistanceMeters>8691.740234375</DistanceMeters>
            <HeartRateBpm>
              <Value>126</Value>
            </HeartRateBpm>
            <Extensions>
              <ns3:TPX>
                <ns3:Speed>0.9980000257492065</ns3:Speed>
                <ns3:RunCadence>43</ns3:RunCadence>
              </ns3:TPX>
            </Extensions>
          </Trackpoint>
          <Trackpoint>
            <Time>2022-10-17T18:48:29.000Z</Time>
            <Position>
              <LatitudeDegrees>-33.40252543799579</LatitudeDegrees>
              <LongitudeDegrees>-70.53722645156085</LongitudeDegrees>
            </Position>
            <AltitudeMeters>784.7999877929688</AltitudeMeters>
            <DistanceMeters>8700.1796875</DistanceMeters>
            <HeartRateBpm>
              <Value>122</Value>
            </HeartRateBpm>
            <Extensions>
              <ns3:TPX>
                <ns3:Speed>2.9760000705718994</ns3:Speed>
                <ns3:RunCadence>42</ns3:RunCadence>
              </ns3:TPX>
            </Extensions>
          </Trackpoint>
          <Trackpoint>
            <Time>2022-10-17T18:48:31.000Z</Time>
            <Position>
              <LatitudeDegrees>-33.40257480740547</LatitudeDegrees>
              <LongitudeDegrees>-70.53721991367638</LongitudeDegrees>
            </Position>
            <AltitudeMeters>783.2000122070312</AltitudeMeters>
            <DistanceMeters>8705.740234375</DistanceMeters>
            <HeartRateBpm>
              <Value>122</Value>
            </HeartRateBpm>
            <Extensions>
              <ns3:TPX>
                <ns3:Speed>2.9670000076293945</ns3:Speed>
                <ns3:RunCadence>42</ns3:RunCadence>
              </ns3:TPX>
            </Extensions>
          </Trackpoint>
          <Trackpoint>
            <Time>2022-10-17T18:48:39.000Z</Time>
            <Position>
              <LatitudeDegrees>-33.40276683680713</LatitudeDegrees>
              <LongitudeDegrees>-70.53729895502329</LongitudeDegrees>
            </Position>
            <AltitudeMeters>777.7999877929688</AltitudeMeters>
            <DistanceMeters>8728.6396484375</DistanceMeters>
            <HeartRateBpm>
              <Value>121</Value>
            </HeartRateBpm>
            <Extensions>
              <ns3:TPX>
                <ns3:Speed>2.947999954223633</ns3:Speed>
                <ns3:RunCadence>42</ns3:RunCadence>
              </ns3:TPX>
            </Extensions>
          </Trackpoint>
          <Trackpoint>
            <Time>2022-10-17T18:48:47.000Z</Time>
            <Position>
              <LatitudeDegrees>-33.40296951122582</LatitudeDegrees>
              <LongitudeDegrees>-70.53732552565634</LongitudeDegrees>
            </Position>
            <AltitudeMeters>773.2000122070312</AltitudeMeters>
            <DistanceMeters>8751.259765625</DistanceMeters>
            <HeartRateBpm>
              <Value>122</Value>
            </HeartRateBpm>
            <Extensions>
              <ns3:TPX>
                <ns3:Speed>2.930000066757202</ns3:Speed>
                <ns3:RunCadence>45</ns3:RunCadence>
              </ns3:TPX>
            </Extensions>
          </Trackpoint>
          <Trackpoint>
            <Time>2022-10-17T18:48:54.000Z</Time>
            <Position>
              <LatitudeDegrees>-33.4031415078789</LatitudeDegrees>
              <LongitudeDegrees>-70.5374070815742</LongitudeDegrees>
            </Position>
            <AltitudeMeters>769.0</AltitudeMeters>
            <DistanceMeters>8772.259765625</DistanceMeters>
            <HeartRateBpm>
              <Value>124</Value>
            </HeartRateBpm>
            <Extensions>
              <ns3:TPX>
                <ns3:Speed>2.9110000133514404</ns3:Speed>
                <ns3:RunCadence>45</ns3:RunCadence>
              </ns3:TPX>
            </Extensions>
          </Trackpoint>
          <Trackpoint>
            <Time>2022-10-17T18:48:59.000Z</Time>
            <Position>
              <LatitudeDegrees>-33.40328425168991</LatitudeDegrees>
              <LongitudeDegrees>-70.53744840435684</LongitudeDegrees>
            </Position>
            <AltitudeMeters>765.5999755859375</AltitudeMeters>
            <DistanceMeters>8788.580078125</DistanceMeters>
            <HeartRateBpm>
              <Value>127</Value>
            </HeartRateBpm>
            <Extensions>
              <ns3:TPX>
                <ns3:Speed>2.9110000133514404</ns3:Speed>
                <ns3:RunCadence>43</ns3:RunCadence>
              </ns3:TPX>
            </Extensions>
          </Trackpoint>
          <Trackpoint>
            <Time>2022-10-17T18:49:05.000Z</Time>
            <Position>
              <LatitudeDegrees>-33.40339355170727</LatitudeDegrees>
              <LongitudeDegrees>-70.53762744180858</LongitudeDegrees>
            </Position>
            <AltitudeMeters>762.4000244140625</AltitudeMeters>
            <DistanceMeters>8809.419921875</DistanceMeters>
            <HeartRateBpm>
              <Value>126</Value>
            </HeartRateBpm>
            <Extensions>
              <ns3:TPX>
                <ns3:Speed>2.9210000038146973</ns3:Speed>
                <ns3:RunCadence>41</ns3:RunCadence>
              </ns3:TPX>
            </Extensions>
          </Trackpoint>
          <Trackpoint>
            <Time>2022-10-17T18:49:12.000Z</Time>
            <Position>
              <LatitudeDegrees>-33.40348072350025</LatitudeDegrees>
              <LongitudeDegrees>-70.53784998133779</LongitudeDegrees>
            </Position>
            <AltitudeMeters>759.5999755859375</AltitudeMeters>
            <DistanceMeters>8832.3701171875</DistanceMeters>
            <HeartRateBpm>
              <Value>125</Value>
            </HeartRateBpm>
            <Extensions>
              <ns3:TPX>
                <ns3:Speed>2.9579999446868896</ns3:Speed>
                <ns3:RunCadence>41</ns3:RunCadence>
              </ns3:TPX>
            </Extensions>
          </Trackpoint>
          <Trackpoint>
            <Time>2022-10-17T18:49:16.000Z</Time>
            <Position>
              <LatitudeDegrees>-33.40356160886586</LatitudeDegrees>
              <LongitudeDegrees>-70.53794444538653</LongitudeDegrees>
            </Position>
            <AltitudeMeters>758.5999755859375</AltitudeMeters>
            <DistanceMeters>8844.919921875</DistanceMeters>
            <HeartRateBpm>
              <Value>122</Value>
            </HeartRateBpm>
            <Extensions>
              <ns3:TPX>
                <ns3:Speed>2.9760000705718994</ns3:Speed>
                <ns3:RunCadence>44</ns3:RunCadence>
              </ns3:TPX>
            </Extensions>
          </Trackpoint>
          <Trackpoint>
            <Time>2022-10-17T18:49:23.000Z</Time>
            <Position>
              <LatitudeDegrees>-33.40370594523847</LatitudeDegrees>
              <LongitudeDegrees>-70.53812867961824</LongitudeDegrees>
            </Position>
            <AltitudeMeters>756.2000122070312</AltitudeMeters>
            <DistanceMeters>8859.3798828125</DistanceMeters>
            <HeartRateBpm>
              <Value>125</Value>
            </HeartRateBpm>
            <Extensions>
              <ns3:TPX>
                <ns3:Speed>2.994999885559082</ns3:Speed>
                <ns3:RunCadence>44</ns3:RunCadence>
              </ns3:TPX>
            </Extensions>
          </Trackpoint>
          <Trackpoint>
            <Time>2022-10-17T18:49:29.000Z</Time>
            <Position>
              <LatitudeDegrees>-33.40375414118171</LatitudeDegrees>
              <LongitudeDegrees>-70.5383294261992</LongitudeDegrees>
            </Position>
            <AltitudeMeters>754.2000122070312</AltitudeMeters>
            <DistanceMeters>8879.6201171875</DistanceMeters>
            <HeartRateBpm>
              <Value>127</Value>
            </HeartRateBpm>
            <Extensions>
              <ns3:TPX>
                <ns3:Speed>3.0230000019073486</ns3:Speed>
                <ns3:RunCadence>44</ns3:RunCadence>
              </ns3:TPX>
            </Extensions>
          </Trackpoint>
          <Trackpoint>
            <Time>2022-10-17T18:49:36.000Z</Time>
            <Position>
              <LatitudeDegrees>-33.40369320474565</LatitudeDegrees>
              <LongitudeDegrees>-70.53856898099184</LongitudeDegrees>
            </Position>
            <AltitudeMeters>752.4000244140625</AltitudeMeters>
            <DistanceMeters>8902.91015625</DistanceMeters>
            <HeartRateBpm>
              <Value>128</Value>
            </HeartRateBpm>
            <Extensions>
              <ns3:TPX>
                <ns3:Speed>3.059999942779541</ns3:Speed>
                <ns3:RunCadence>44</ns3:RunCadence>
              </ns3:TPX>
            </Extensions>
          </Trackpoint>
          <Trackpoint>
            <Time>2022-10-17T18:49:43.000Z</Time>
            <Position>
              <LatitudeDegrees>-33.40371902100742</LatitudeDegrees>
              <LongitudeDegrees>-70.5387348588556</LongitudeDegrees>
            </Position>
            <AltitudeMeters>750.5999755859375</AltitudeMeters>
            <DistanceMeters>8918.599609375</DistanceMeters>
            <HeartRateBpm>
              <Value>127</Value>
            </HeartRateBpm>
            <Extensions>
              <ns3:TPX>
                <ns3:Speed>3.0789999961853027</ns3:Speed>
                <ns3:RunCadence>42</ns3:RunCadence>
              </ns3:TPX>
            </Extensions>
          </Trackpoint>
          <Trackpoint>
            <Time>2022-10-17T18:49:49.000Z</Time>
            <Position>
              <LatitudeDegrees>-33.4036819729954</LatitudeDegrees>
              <LongitudeDegrees>-70.53860125131905</LongitudeDegrees>
            </Position>
            <AltitudeMeters>752.0</AltitudeMeters>
            <DistanceMeters>8931.599609375</DistanceMeters>
            <HeartRateBpm>
              <Value>124</Value>
            </HeartRateBpm>
            <Extensions>
              <ns3:TPX>
                <ns3:Speed>3.0510001182556152</ns3:Speed>
                <ns3:RunCadence>0</ns3:RunCadence>
              </ns3:TPX>
            </Extensions>
          </Trackpoint>
          <Trackpoint>
            <Time>2022-10-17T18:49:58.000Z</Time>
            <Position>
              <LatitudeDegrees>-33.403698820620775</LatitudeDegrees>
              <LongitudeDegrees>-70.53837929852307</LongitudeDegrees>
            </Position>
            <AltitudeMeters>754.2000122070312</AltitudeMeters>
            <DistanceMeters>8952.66015625</DistanceMeters>
            <HeartRateBpm>
              <Value>122</Value>
            </HeartRateBpm>
            <Extensions>
              <ns3:TPX>
                <ns3:Speed>2.947999954223633</ns3:Speed>
                <ns3:RunCadence>76</ns3:RunCadence>
              </ns3:TPX>
            </Extensions>
          </Trackpoint>
          <Trackpoint>
            <Time>2022-10-17T18:50:03.000Z</Time>
            <Position>
              <LatitudeDegrees>-33.403703765943646</LatitudeDegrees>
              <LongitudeDegrees>-70.53825759328902</LongitudeDegrees>
            </Position>
            <AltitudeMeters>755.2000122070312</AltitudeMeters>
            <DistanceMeters>8964.0</DistanceMeters>
            <HeartRateBpm>
              <Value>125</Value>
            </HeartRateBpm>
            <Extensions>
              <ns3:TPX>
                <ns3:Speed>2.9019999504089355</ns3:Speed>
                <ns3:RunCadence>82</ns3:RunCadence>
              </ns3:TPX>
            </Extensions>
          </Trackpoint>
          <Trackpoint>
            <Time>2022-10-17T18:50:09.000Z</Time>
            <Position>
              <LatitudeDegrees>-33.40362765826285</LatitudeDegrees>
              <LongitudeDegrees>-70.53811149671674</LongitudeDegrees>
            </Position>
            <AltitudeMeters>757.0</AltitudeMeters>
            <DistanceMeters>8978.3603515625</DistanceMeters>
            <HeartRateBpm>
              <Value>128</Value>
            </HeartRateBpm>
            <Extensions>
              <ns3:TPX>
                <ns3:Speed>1.5019999742507935</ns3:Speed>
                <ns3:RunCadence>79</ns3:RunCadence>
              </ns3:TPX>
            </Extensions>
          </Trackpoint>
          <Trackpoint>
            <Time>2022-10-17T18:50:22.000Z</Time>
            <Position>
              <LatitudeDegrees>-33.403480388224125</LatitudeDegrees>
              <LongitudeDegrees>-70.53796305321157</LongitudeDegrees>
            </Position>
            <AltitudeMeters>759.2000122070312</AltitudeMeters>
            <DistanceMeters>8999.240234375</DistanceMeters>
            <HeartRateBpm>
              <Value>128</Value>
            </HeartRateBpm>
            <Extensions>
              <ns3:TPX>
                <ns3:Speed>2.743000030517578</ns3:Speed>
                <ns3:RunCadence>72</ns3:RunCadence>
              </ns3:TPX>
            </Extensions>
          </Trackpoint>
          <Trackpoint>
            <Time>2022-10-17T18:50:25.000Z</Time>
            <Position>
              <LatitudeDegrees>-33.40345423668623</LatitudeDegrees>
              <LongitudeDegrees>-70.53793773986399</LongitudeDegrees>
            </Position>
            <AltitudeMeters>760.0</AltitudeMeters>
            <DistanceMeters>9002.9697265625</DistanceMeters>
            <HeartRateBpm>
              <Value>129</Value>
            </HeartRateBpm>
            <Extensions>
              <ns3:TPX>
                <ns3:Speed>2.697000026702881</ns3:Speed>
                <ns3:RunCadence>62</ns3:RunCadence>
              </ns3:TPX>
            </Extensions>
          </Trackpoint>
          <Trackpoint>
            <Time>2022-10-17T18:50:30.000Z</Time>
            <Position>
              <LatitudeDegrees>-33.40341484174132</LatitudeDegrees>
              <LongitudeDegrees>-70.53787152282894</LongitudeDegrees>
            </Position>
            <AltitudeMeters>761.0</AltitudeMeters>
            <DistanceMeters>9010.58984375</DistanceMeters>
            <HeartRateBpm>
              <Value>131</Value>
            </HeartRateBpm>
            <Extensions>
              <ns3:TPX>
                <ns3:Speed>2.621999979019165</ns3:Speed>
                <ns3:RunCadence>0</ns3:RunCadence>
              </ns3:TPX>
            </Extensions>
          </Trackpoint>
          <Trackpoint>
            <Time>2022-10-17T18:50:38.000Z</Time>
            <Position>
              <LatitudeDegrees>-33.403366981074214</LatitudeDegrees>
              <LongitudeDegrees>-70.53777638822794</LongitudeDegrees>
            </Position>
            <AltitudeMeters>762.4000244140625</AltitudeMeters>
            <DistanceMeters>9021.1103515625</DistanceMeters>
            <HeartRateBpm>
              <Value>134</Value>
            </HeartRateBpm>
            <Extensions>
              <ns3:TPX>
                <ns3:Speed>2.4820001125335693</ns3:Speed>
                <ns3:RunCadence>0</ns3:RunCadence>
              </ns3:TPX>
            </Extensions>
          </Trackpoint>
          <Trackpoint>
            <Time>2022-10-17T18:50:41.000Z</Time>
            <Position>
              <LatitudeDegrees>-33.4033471159637</LatitudeDegrees>
              <LongitudeDegrees>-70.5377302877605</LongitudeDegrees>
            </Position>
            <AltitudeMeters>763.2000122070312</AltitudeMeters>
            <DistanceMeters>9025.9697265625</DistanceMeters>
            <HeartRateBpm>
              <Value>137</Value>
            </HeartRateBpm>
            <Extensions>
              <ns3:TPX>
                <ns3:Speed>2.4260001182556152</ns3:Speed>
                <ns3:RunCadence>62</ns3:RunCadence>
              </ns3:TPX>
            </Extensions>
          </Trackpoint>
          <Trackpoint>
            <Time>2022-10-17T18:50:53.000Z</Time>
            <Position>
              <LatitudeDegrees>-33.40327352285385</LatitudeDegrees>
              <LongitudeDegrees>-70.53752400912344</LongitudeDegrees>
            </Position>
            <AltitudeMeters>765.5999755859375</AltitudeMeters>
            <DistanceMeters>9046.900390625</DistanceMeters>
            <HeartRateBpm>
              <Value>139</Value>
            </HeartRateBpm>
            <Extensions>
              <ns3:TPX>
                <ns3:Speed>2.249000072479248</ns3:Speed>
                <ns3:RunCadence>56</ns3:RunCadence>
              </ns3:TPX>
            </Extensions>
          </Trackpoint>
          <Trackpoint>
            <Time>2022-10-17T18:51:04.000Z</Time>
            <Position>
              <LatitudeDegrees>-33.40311912819743</LatitudeDegrees>
              <LongitudeDegrees>-70.5374245159328</LongitudeDegrees>
            </Position>
            <AltitudeMeters>769.4000244140625</AltitudeMeters>
            <DistanceMeters>9067.0</DistanceMeters>
            <HeartRateBpm>
              <Value>140</Value>
            </HeartRateBpm>
            <Extensions>
              <ns3:TPX>
                <ns3:Speed>2.1649999618530273</ns3:Speed>
                <ns3:RunCadence>56</ns3:RunCadence>
              </ns3:TPX>
            </Extensions>
          </Trackpoint>
          <Trackpoint>
            <Time>2022-10-17T18:51:20.000Z</Time>
            <Position>
              <LatitudeDegrees>-33.40292944572866</LatitudeDegrees>
              <LongitudeDegrees>-70.53734036162496</LongitudeDegrees>
            </Position>
            <AltitudeMeters>774.0</AltitudeMeters>
            <DistanceMeters>9087.98046875</DistanceMeters>
            <HeartRateBpm>
              <Value>137</Value>
            </HeartRateBpm>
            <Extensions>
              <ns3:TPX>
                <ns3:Speed>2.062000036239624</ns3:Speed>
                <ns3:RunCadence>0</ns3:RunCadence>
              </ns3:TPX>
            </Extensions>
          </Trackpoint>
          <Trackpoint>
            <Time>2022-10-17T18:51:35.000Z</Time>
            <Position>
              <LatitudeDegrees>-33.4027530066669</LatitudeDegrees>
              <LongitudeDegrees>-70.53730884566903</LongitudeDegrees>
            </Position>
            <AltitudeMeters>778.2000122070312</AltitudeMeters>
            <DistanceMeters>9107.8603515625</DistanceMeters>
            <HeartRateBpm>
              <Value>140</Value>
            </HeartRateBpm>
            <Extensions>
              <ns3:TPX>
                <ns3:Speed>1.9129999876022339</ns3:Speed>
                <ns3:RunCadence>0</ns3:RunCadence>
              </ns3:TPX>
            </Extensions>
          </Trackpoint>
          <Trackpoint>
            <Time>2022-10-17T18:51:49.000Z</Time>
            <Position>
              <LatitudeDegrees>-33.402583273127675</LatitudeDegrees>
              <LongitudeDegrees>-70.53720926865935</LongitudeDegrees>
            </Position>
            <AltitudeMeters>783.0</AltitudeMeters>
            <DistanceMeters>9128.98046875</DistanceMeters>
            <HeartRateBpm>
              <Value>140</Value>
            </HeartRateBpm>
            <Extensions>
              <ns3:TPX>
                <ns3:Speed>1.8009999990463257</ns3:Speed>
                <ns3:RunCadence>61</ns3:RunCadence>
              </ns3:TPX>
            </Extensions>
          </Trackpoint>
          <Trackpoint>
            <Time>2022-10-17T18:51:54.000Z</Time>
            <Position>
              <LatitudeDegrees>-33.40252736583352</LatitudeDegrees>
              <LongitudeDegrees>-70.53720122203231</LongitudeDegrees>
            </Position>
            <AltitudeMeters>784.7999877929688</AltitudeMeters>
            <DistanceMeters>9135.4501953125</DistanceMeters>
            <HeartRateBpm>
              <Value>141</Value>
            </HeartRateBpm>
            <Extensions>
              <ns3:TPX>
                <ns3:Speed>1.7730000019073486</ns3:Speed>
                <ns3:RunCadence>60</ns3:RunCadence>
              </ns3:TPX>
            </Extensions>
          </Trackpoint>
          <Trackpoint>
            <Time>2022-10-17T18:51:59.000Z</Time>
            <Position>
              <LatitudeDegrees>-33.40247514657676</LatitudeDegrees>
              <LongitudeDegrees>-70.53721429780126</LongitudeDegrees>
            </Position>
            <AltitudeMeters>786.4000244140625</AltitudeMeters>
            <DistanceMeters>9141.4599609375</DistanceMeters>
            <HeartRateBpm>
              <Value>139</Value>
            </HeartRateBpm>
            <Extensions>
              <ns3:TPX>
                <ns3:Speed>1.7450000047683716</ns3:Speed>
                <ns3:RunCadence>60</ns3:RunCadence>
              </ns3:TPX>
            </Extensions>
          </Trackpoint>
          <Trackpoint>
            <Time>2022-10-17T18:52:03.000Z</Time>
            <Position>
              <LatitudeDegrees>-33.40242628008127</LatitudeDegrees>
              <LongitudeDegrees>-70.53721538744867</LongitudeDegrees>
            </Position>
            <AltitudeMeters>788.0</AltitudeMeters>
            <DistanceMeters>9146.900390625</DistanceMeters>
            <HeartRateBpm>
              <Value>139</Value>
            </HeartRateBpm>
            <Extensions>
              <ns3:TPX>
                <ns3:Speed>1.343999981880188</ns3:Speed>
                <ns3:RunCadence>62</ns3:RunCadence>
              </ns3:TPX>
            </Extensions>
          </Trackpoint>
          <Trackpoint>
            <Time>2022-10-17T18:52:06.000Z</Time>
            <Position>
              <LatitudeDegrees>-33.40238504111767</LatitudeDegrees>
              <LongitudeDegrees>-70.53719426505268</LongitudeDegrees>
            </Position>
            <AltitudeMeters>789.4000244140625</AltitudeMeters>
            <DistanceMeters>9151.8896484375</DistanceMeters>
            <HeartRateBpm>
              <Value>139</Value>
            </HeartRateBpm>
            <Extensions>
              <ns3:TPX>
                <ns3:Speed>1.7259999513626099</ns3:Speed>
                <ns3:RunCadence>62</ns3:RunCadence>
              </ns3:TPX>
            </Extensions>
          </Trackpoint>
          <Trackpoint>
            <Time>2022-10-17T18:52:15.000Z</Time>
            <Position>
              <LatitudeDegrees>-33.40224590152502</LatitudeDegrees>
              <LongitudeDegrees>-70.53702553734183</LongitudeDegrees>
            </Position>
            <AltitudeMeters>791.0</AltitudeMeters>
            <DistanceMeters>9174.150390625</DistanceMeters>
            <HeartRateBpm>
              <Value>139</Value>
            </HeartRateBpm>
            <Extensions>
              <ns3:TPX>
                <ns3:Speed>1.7259999513626099</ns3:Speed>
                <ns3:RunCadence>62</ns3:RunCadence>
              </ns3:TPX>
            </Extensions>
          </Trackpoint>
          <Trackpoint>
            <Time>2022-10-17T18:52:18.000Z</Time>
            <Position>
              <LatitudeDegrees>-33.40219108387828</LatitudeDegrees>
              <LongitudeDegrees>-70.5369876511395</LongitudeDegrees>
            </Position>
            <AltitudeMeters>791.7999877929688</AltitudeMeters>
            <DistanceMeters>9181.16015625</DistanceMeters>
            <HeartRateBpm>
              <Value>142</Value>
            </HeartRateBpm>
            <Extensions>
              <ns3:TPX>
                <ns3:Speed>1.7359999418258667</ns3:Speed>
                <ns3:RunCadence>62</ns3:RunCadence>
              </ns3:TPX>
            </Extensions>
          </Trackpoint>
          <Trackpoint>
            <Time>2022-10-17T18:52:27.000Z</Time>
            <Position>
              <LatitudeDegrees>-33.40203719213605</LatitudeDegrees>
              <LongitudeDegrees>-70.53683786652982</LongitudeDegrees>
            </Position>
            <AltitudeMeters>793.5999755859375</AltitudeMeters>
            <DistanceMeters>9203.259765625</DistanceMeters>
            <HeartRateBpm>
              <Value>142</Value>
            </HeartRateBpm>
            <Extensions>
              <ns3:TPX>
                <ns3:Speed>1.809999942779541</ns3:Speed>
                <ns3:RunCadence>40</ns3:RunCadence>
              </ns3:TPX>
            </Extensions>
          </Trackpoint>
          <Trackpoint>
            <Time>2022-10-17T18:52:33.000Z</Time>
            <Position>
              <LatitudeDegrees>-33.401938704773784</LatitudeDegrees>
              <LongitudeDegrees>-70.53678330034018</LongitudeDegrees>
            </Position>
            <AltitudeMeters>795.5999755859375</AltitudeMeters>
            <DistanceMeters>9215.33984375</DistanceMeters>
            <HeartRateBpm>
              <Value>145</Value>
            </HeartRateBpm>
            <Extensions>
              <ns3:TPX>
                <ns3:Speed>1.8569999933242798</ns3:Speed>
                <ns3:RunCadence>73</ns3:RunCadence>
              </ns3:TPX>
            </Extensions>
          </Trackpoint>
          <Trackpoint>
            <Time>2022-10-17T18:52:42.000Z</Time>
            <Position>
              <LatitudeDegrees>-33.40181549079716</LatitudeDegrees>
              <LongitudeDegrees>-70.5366990622133</LongitudeDegrees>
            </Position>
            <AltitudeMeters>797.7999877929688</AltitudeMeters>
            <DistanceMeters>9231.099609375</DistanceMeters>
            <HeartRateBpm>
              <Value>141</Value>
            </HeartRateBpm>
            <Extensions>
              <ns3:TPX>
                <ns3:Speed>1.8849999904632568</ns3:Speed>
                <ns3:RunCadence>74</ns3:RunCadence>
              </ns3:TPX>
            </Extensions>
          </Trackpoint>
          <Trackpoint>
            <Time>2022-10-17T18:52:53.000Z</Time>
            <Position>
              <LatitudeDegrees>-33.401643158867955</LatitudeDegrees>
              <LongitudeDegrees>-70.536566125229</LongitudeDegrees>
            </Position>
            <AltitudeMeters>799.4000244140625</AltitudeMeters>
            <DistanceMeters>9253.0498046875</DistanceMeters>
            <HeartRateBpm>
              <Value>142</Value>
            </HeartRateBpm>
            <Extensions>
              <ns3:TPX>
                <ns3:Speed>1.8849999904632568</ns3:Speed>
                <ns3:RunCadence>74</ns3:RunCadence>
              </ns3:TPX>
            </Extensions>
          </Trackpoint>
          <Trackpoint>
            <Time>2022-10-17T18:53:02.000Z</Time>
            <Position>
              <LatitudeDegrees>-33.40148054994643</LatitudeDegrees>
              <LongitudeDegrees>-70.53642916493118</LongitudeDegrees>
            </Position>
            <AltitudeMeters>800.7999877929688</AltitudeMeters>
            <DistanceMeters>9275.1396484375</DistanceMeters>
            <HeartRateBpm>
              <Value>143</Value>
            </HeartRateBpm>
            <Extensions>
              <ns3:TPX>
                <ns3:Speed>1.9220000505447388</ns3:Speed>
                <ns3:RunCadence>74</ns3:RunCadence>
              </ns3:TPX>
            </Extensions>
          </Trackpoint>
          <Trackpoint>
            <Time>2022-10-17T18:53:10.000Z</Time>
            <Position>
              <LatitudeDegrees>-33.40131685137749</LatitudeDegrees>
              <LongitudeDegrees>-70.53634023293853</LongitudeDegrees>
            </Position>
            <AltitudeMeters>803.2000122070312</AltitudeMeters>
            <DistanceMeters>9295.2802734375</DistanceMeters>
            <HeartRateBpm>
              <Value>142</Value>
            </HeartRateBpm>
            <Extensions>
              <ns3:TPX>
                <ns3:Speed>1.968999981880188</ns3:Speed>
                <ns3:RunCadence>74</ns3:RunCadence>
              </ns3:TPX>
            </Extensions>
          </Trackpoint>
          <Trackpoint>
            <Time>2022-10-17T18:53:19.000Z</Time>
            <Position>
              <LatitudeDegrees>-33.4011522307992</LatitudeDegrees>
              <LongitudeDegrees>-70.53623453713953</LongitudeDegrees>
            </Position>
            <AltitudeMeters>805.5999755859375</AltitudeMeters>
            <DistanceMeters>9316.4501953125</DistanceMeters>
            <HeartRateBpm>
              <Value>140</Value>
            </HeartRateBpm>
            <Extensions>
              <ns3:TPX>
                <ns3:Speed>2.0339999198913574</ns3:Speed>
                <ns3:RunCadence>74</ns3:RunCadence>
              </ns3:TPX>
            </Extensions>
          </Trackpoint>
          <Trackpoint>
            <Time>2022-10-17T18:53:28.000Z</Time>
            <Position>
              <LatitudeDegrees>-33.40098224580288</LatitudeDegrees>
              <LongitudeDegrees>-70.53614392876625</LongitudeDegrees>
            </Position>
            <AltitudeMeters>808.4000244140625</AltitudeMeters>
            <DistanceMeters>9337.08984375</DistanceMeters>
            <HeartRateBpm>
              <Value>140</Value>
            </HeartRateBpm>
            <Extensions>
              <ns3:TPX>
                <ns3:Speed>2.071000099182129</ns3:Speed>
                <ns3:RunCadence>40</ns3:RunCadence>
              </ns3:TPX>
            </Extensions>
          </Trackpoint>
          <Trackpoint>
            <Time>2022-10-17T18:53:37.000Z</Time>
            <Position>
              <LatitudeDegrees>-33.400814943015575</LatitudeDegrees>
              <LongitudeDegrees>-70.53603705950081</LongitudeDegrees>
            </Position>
            <AltitudeMeters>809.2000122070312</AltitudeMeters>
            <DistanceMeters>9358.1904296875</DistanceMeters>
            <HeartRateBpm>
              <Value>140</Value>
            </HeartRateBpm>
            <Extensions>
              <ns3:TPX>
                <ns3:Speed>2.0989999771118164</ns3:Speed>
                <ns3:RunCadence>40</ns3:RunCadence>
              </ns3:TPX>
            </Extensions>
          </Trackpoint>
          <Trackpoint>
            <Time>2022-10-17T18:53:46.000Z</Time>
            <Position>
              <LatitudeDegrees>-33.40066557750106</LatitudeDegrees>
              <LongitudeDegrees>-70.53597872145474</LongitudeDegrees>
            </Position>
            <AltitudeMeters>810.4000244140625</AltitudeMeters>
            <DistanceMeters>9375.7998046875</DistanceMeters>
            <HeartRateBpm>
              <Value>140</Value>
            </HeartRateBpm>
            <Extensions>
              <ns3:TPX>
                <ns3:Speed>2.118000030517578</ns3:Speed>
                <ns3:RunCadence>40</ns3:RunCadence>
              </ns3:TPX>
            </Extensions>
          </Trackpoint>
          <Trackpoint>
            <Time>2022-10-17T18:53:49.000Z</Time>
            <Position>
              <LatitudeDegrees>-33.40061738155782</LatitudeDegrees>
              <LongitudeDegrees>-70.53593530319631</LongitudeDegrees>
            </Position>
            <AltitudeMeters>810.4000244140625</AltitudeMeters>
            <DistanceMeters>9382.51953125</DistanceMeters>
            <HeartRateBpm>
              <Value>137</Value>
            </HeartRateBpm>
            <Extensions>
              <ns3:TPX>
                <ns3:Speed>2.118000030517578</ns3:Speed>
                <ns3:RunCadence>40</ns3:RunCadence>
              </ns3:TPX>
            </Extensions>
          </Trackpoint>
          <Trackpoint>
            <Time>2022-10-17T18:54:02.000Z</Time>
            <Position>
              <LatitudeDegrees>-33.40040213428438</LatitudeDegrees>
              <LongitudeDegrees>-70.53587009198964</LongitudeDegrees>
            </Position>
            <AltitudeMeters>813.7999877929688</AltitudeMeters>
            <DistanceMeters>9402.599609375</DistanceMeters>
            <HeartRateBpm>
              <Value>136</Value>
            </HeartRateBpm>
            <Extensions>
              <ns3:TPX>
                <ns3:Speed>2.0899999141693115</ns3:Speed>
                <ns3:RunCadence>52</ns3:RunCadence>
              </ns3:TPX>
            </Extensions>
          </Trackpoint>
          <Trackpoint>
            <Time>2022-10-17T18:54:14.000Z</Time>
            <Position>
              <LatitudeDegrees>-33.400218738242984</LatitudeDegrees>
              <LongitudeDegrees>-70.53578459657729</LongitudeDegrees>
            </Position>
            <AltitudeMeters>816.2000122070312</AltitudeMeters>
            <DistanceMeters>9424.5302734375</DistanceMeters>
            <HeartRateBpm>
              <Value>137</Value>
            </HeartRateBpm>
            <Extensions>
              <ns3:TPX>
                <ns3:Speed>2.0250000953674316</ns3:Speed>
                <ns3:RunCadence>64</ns3:RunCadence>
              </ns3:TPX>
            </Extensions>
          </Trackpoint>
          <Trackpoint>
            <Time>2022-10-17T18:54:16.000Z</Time>
            <Position>
              <LatitudeDegrees>-33.400185629725456</LatitudeDegrees>
              <LongitudeDegrees>-70.5357634741813</LongitudeDegrees>
            </Position>
            <AltitudeMeters>816.4000244140625</AltitudeMeters>
            <DistanceMeters>9428.6904296875</DistanceMeters>
            <HeartRateBpm>
              <Value>140</Value>
            </HeartRateBpm>
            <Extensions>
              <ns3:TPX>
                <ns3:Speed>2.0250000953674316</ns3:Speed>
                <ns3:RunCadence>64</ns3:RunCadence>
              </ns3:TPX>
            </Extensions>
          </Trackpoint>
          <Trackpoint>
            <Time>2022-10-17T18:54:21.000Z</Time>
            <Position>
              <LatitudeDegrees>-33.400105498731136</LatitudeDegrees>
              <LongitudeDegrees>-70.53571527823806</LongitudeDegrees>
            </Position>
            <AltitudeMeters>817.0</AltitudeMeters>
            <DistanceMeters>9438.6396484375</DistanceMeters>
            <HeartRateBpm>
              <Value>143</Value>
            </HeartRateBpm>
            <Extensions>
              <ns3:TPX>
                <ns3:Speed>2.00600004196167</ns3:Speed>
                <ns3:RunCadence>64</ns3:RunCadence>
              </ns3:TPX>
            </Extensions>
          </Trackpoint>
          <Trackpoint>
            <Time>2022-10-17T18:54:32.000Z</Time>
            <Position>
              <LatitudeDegrees>-33.399925120174885</LatitudeDegrees>
              <LongitudeDegrees>-70.53561218082905</LongitudeDegrees>
            </Position>
            <AltitudeMeters>818.0</AltitudeMeters>
            <DistanceMeters>9460.83984375</DistanceMeters>
            <HeartRateBpm>
              <Value>143</Value>
            </HeartRateBpm>
            <Extensions>
              <ns3:TPX>
                <ns3:Speed>1.996999979019165</ns3:Speed>
                <ns3:RunCadence>64</ns3:RunCadence>
              </ns3:TPX>
            </Extensions>
          </Trackpoint>
          <Trackpoint>
            <Time>2022-10-17T18:54:41.000Z</Time>
            <Position>
              <LatitudeDegrees>-33.39975236915052</LatitudeDegrees>
              <LongitudeDegrees>-70.535540683195</LongitudeDegrees>
            </Position>
            <AltitudeMeters>819.5999755859375</AltitudeMeters>
            <DistanceMeters>9481.33984375</DistanceMeters>
            <HeartRateBpm>
              <Value>142</Value>
            </HeartRateBpm>
            <Extensions>
              <ns3:TPX>
                <ns3:Speed>1.996999979019165</ns3:Speed>
                <ns3:RunCadence>64</ns3:RunCadence>
              </ns3:TPX>
            </Extensions>
          </Trackpoint>
          <Trackpoint>
            <Time>2022-10-17T18:54:51.000Z</Time>
            <Position>
              <LatitudeDegrees>-33.399557741358876</LatitudeDegrees>
              <LongitudeDegrees>-70.53552056662738</LongitudeDegrees>
            </Position>
            <AltitudeMeters>823.2000122070312</AltitudeMeters>
            <DistanceMeters>9502.990234375</DistanceMeters>
            <HeartRateBpm>
              <Value>141</Value>
            </HeartRateBpm>
            <Extensions>
              <ns3:TPX>
                <ns3:Speed>2.015000104904175</ns3:Speed>
                <ns3:RunCadence>64</ns3:RunCadence>
              </ns3:TPX>
            </Extensions>
          </Trackpoint>
          <Trackpoint>
            <Time>2022-10-17T18:55:01.000Z</Time>
            <Position>
              <LatitudeDegrees>-33.39932648465037</LatitudeDegrees>
              <LongitudeDegrees>-70.5354336462915</LongitudeDegrees>
            </Position>
            <AltitudeMeters>825.7999877929688</AltitudeMeters>
            <DistanceMeters>9524.6396484375</DistanceMeters>
            <HeartRateBpm>
              <Value>140</Value>
            </HeartRateBpm>
            <Extensions>
              <ns3:TPX>
                <ns3:Speed>2.0339999198913574</ns3:Speed>
                <ns3:RunCadence>42</ns3:RunCadence>
              </ns3:TPX>
            </Extensions>
          </Trackpoint>
          <Trackpoint>
            <Time>2022-10-17T18:55:09.000Z</Time>
            <Position>
              <LatitudeDegrees>-33.399147195741534</LatitudeDegrees>
              <LongitudeDegrees>-70.53537304513156</LongitudeDegrees>
            </Position>
            <AltitudeMeters>826.2000122070312</AltitudeMeters>
            <DistanceMeters>9545.3603515625</DistanceMeters>
            <HeartRateBpm>
              <Value>139</Value>
            </HeartRateBpm>
            <Extensions>
              <ns3:TPX>
                <ns3:Speed>2.0899999141693115</ns3:Speed>
                <ns3:RunCadence>42</ns3:RunCadence>
              </ns3:TPX>
            </Extensions>
          </Trackpoint>
          <Trackpoint>
            <Time>2022-10-17T18:55:17.000Z</Time>
            <Position>
              <LatitudeDegrees>-33.39896723628044</LatitudeDegrees>
              <LongitudeDegrees>-70.53535217419267</LongitudeDegrees>
            </Position>
            <AltitudeMeters>827.7999877929688</AltitudeMeters>
            <DistanceMeters>9565.41015625</DistanceMeters>
            <HeartRateBpm>
              <Value>138</Value>
            </HeartRateBpm>
            <Extensions>
              <ns3:TPX>
                <ns3:Speed>2.13700008392334</ns3:Speed>
                <ns3:RunCadence>42</ns3:RunCadence>
              </ns3:TPX>
            </Extensions>
          </Trackpoint>
          <Trackpoint>
            <Time>2022-10-17T18:55:26.000Z</Time>
            <Position>
              <LatitudeDegrees>-33.39877814054489</LatitudeDegrees>
              <LongitudeDegrees>-70.53530582226813</LongitudeDegrees>
            </Position>
            <AltitudeMeters>828.5999755859375</AltitudeMeters>
            <DistanceMeters>9586.9697265625</DistanceMeters>
            <HeartRateBpm>
              <Value>137</Value>
            </HeartRateBpm>
            <Extensions>
              <ns3:TPX>
                <ns3:Speed>2.183000087738037</ns3:Speed>
                <ns3:RunCadence>42</ns3:RunCadence>
              </ns3:TPX>
            </Extensions>
          </Trackpoint>
          <Trackpoint>
            <Time>2022-10-17T18:55:35.000Z</Time>
            <Position>
              <LatitudeDegrees>-33.39859784580767</LatitudeDegrees>
              <LongitudeDegrees>-70.53531730547547</LongitudeDegrees>
            </Position>
            <AltitudeMeters>831.2000122070312</AltitudeMeters>
            <DistanceMeters>9606.990234375</DistanceMeters>
            <HeartRateBpm>
              <Value>136</Value>
            </HeartRateBpm>
            <Extensions>
              <ns3:TPX>
                <ns3:Speed>2.2019999027252197</ns3:Speed>
                <ns3:RunCadence>60</ns3:RunCadence>
              </ns3:TPX>
            </Extensions>
          </Trackpoint>
          <Trackpoint>
            <Time>2022-10-17T18:55:40.000Z</Time>
            <Position>
              <LatitudeDegrees>-33.39851654134691</LatitudeDegrees>
              <LongitudeDegrees>-70.53531370125711</LongitudeDegrees>
            </Position>
            <AltitudeMeters>832.0</AltitudeMeters>
            <DistanceMeters>9616.0703125</DistanceMeters>
            <HeartRateBpm>
              <Value>136</Value>
            </HeartRateBpm>
            <Extensions>
              <ns3:TPX>
                <ns3:Speed>2.2019999027252197</ns3:Speed>
                <ns3:RunCadence>60</ns3:RunCadence>
              </ns3:TPX>
            </Extensions>
          </Trackpoint>
          <Trackpoint>
            <Time>2022-10-17T18:55:45.000Z</Time>
            <Position>
              <LatitudeDegrees>-33.398483181372285</LatitudeDegrees>
              <LongitudeDegrees>-70.53535527549684</LongitudeDegrees>
            </Position>
            <AltitudeMeters>833.5999755859375</AltitudeMeters>
            <DistanceMeters>9621.490234375</DistanceMeters>
            <HeartRateBpm>
              <Value>136</Value>
            </HeartRateBpm>
            <Extensions>
              <ns3:TPX>
                <ns3:Speed>2.193000078201294</ns3:Speed>
                <ns3:RunCadence>17</ns3:RunCadence>
              </ns3:TPX>
            </Extensions>
          </Trackpoint>
          <Trackpoint>
            <Time>2022-10-17T18:55:50.000Z</Time>
            <Position>
              <LatitudeDegrees>-33.39858066290617</LatitudeDegrees>
              <LongitudeDegrees>-70.53541352972388</LongitudeDegrees>
            </Position>
            <AltitudeMeters>834.2000122070312</AltitudeMeters>
            <DistanceMeters>9633.9697265625</DistanceMeters>
            <HeartRateBpm>
              <Value>136</Value>
            </HeartRateBpm>
            <Extensions>
              <ns3:TPX>
                <ns3:Speed>2.1459999084472656</ns3:Speed>
                <ns3:RunCadence>17</ns3:RunCadence>
              </ns3:TPX>
            </Extensions>
          </Trackpoint>
          <Trackpoint>
            <Time>2022-10-17T18:55:57.000Z</Time>
            <Position>
              <LatitudeDegrees>-33.3987742010504</LatitudeDegrees>
              <LongitudeDegrees>-70.53546851500869</LongitudeDegrees>
            </Position>
            <AltitudeMeters>833.4000244140625</AltitudeMeters>
            <DistanceMeters>9656.0302734375</DistanceMeters>
            <HeartRateBpm>
              <Value>138</Value>
            </HeartRateBpm>
            <Extensions>
              <ns3:TPX>
                <ns3:Speed>2.13700008392334</ns3:Speed>
                <ns3:RunCadence>86</ns3:RunCadence>
              </ns3:TPX>
            </Extensions>
          </Trackpoint>
          <Trackpoint>
            <Time>2022-10-17T18:56:04.000Z</Time>
            <Position>
              <LatitudeDegrees>-33.398965895175934</LatitudeDegrees>
              <LongitudeDegrees>-70.53553783334792</LongitudeDegrees>
            </Position>
            <AltitudeMeters>833.4000244140625</AltitudeMeters>
            <DistanceMeters>9678.25</DistanceMeters>
            <HeartRateBpm>
              <Value>139</Value>
            </HeartRateBpm>
            <Extensions>
              <ns3:TPX>
                <ns3:Speed>2.193000078201294</ns3:Speed>
                <ns3:RunCadence>86</ns3:RunCadence>
              </ns3:TPX>
            </Extensions>
          </Trackpoint>
          <Trackpoint>
            <Time>2022-10-17T18:56:13.000Z</Time>
            <Position>
              <LatitudeDegrees>-33.399199582636356</LatitudeDegrees>
              <LongitudeDegrees>-70.53562785498798</LongitudeDegrees>
            </Position>
            <AltitudeMeters>833.5999755859375</AltitudeMeters>
            <DistanceMeters>9700.6796875</DistanceMeters>
            <HeartRateBpm>
              <Value>140</Value>
            </HeartRateBpm>
            <Extensions>
              <ns3:TPX>
                <ns3:Speed>2.257999897003174</ns3:Speed>
                <ns3:RunCadence>84</ns3:RunCadence>
              </ns3:TPX>
            </Extensions>
          </Trackpoint>
          <Trackpoint>
            <Time>2022-10-17T18:56:20.000Z</Time>
            <Position>
              <LatitudeDegrees>-33.39937384240329</LatitudeDegrees>
              <LongitudeDegrees>-70.53571720607579</LongitudeDegrees>
            </Position>
            <AltitudeMeters>833.7999877929688</AltitudeMeters>
            <DistanceMeters>9721.73046875</DistanceMeters>
            <HeartRateBpm>
              <Value>142</Value>
            </HeartRateBpm>
            <Extensions>
              <ns3:TPX>
                <ns3:Speed>2.3329999446868896</ns3:Speed>
                <ns3:RunCadence>85</ns3:RunCadence>
              </ns3:TPX>
            </Extensions>
          </Trackpoint>
          <Trackpoint>
            <Time>2022-10-17T18:56:27.000Z</Time>
            <Position>
              <LatitudeDegrees>-33.39954969473183</LatitudeDegrees>
              <LongitudeDegrees>-70.53582105785608</LongitudeDegrees>
            </Position>
            <AltitudeMeters>832.5999755859375</AltitudeMeters>
            <DistanceMeters>9743.509765625</DistanceMeters>
            <HeartRateBpm>
              <Value>143</Value>
            </HeartRateBpm>
            <Extensions>
              <ns3:TPX>
                <ns3:Speed>2.3889999389648438</ns3:Speed>
                <ns3:RunCadence>85</ns3:RunCadence>
              </ns3:TPX>
            </Extensions>
          </Trackpoint>
          <Trackpoint>
            <Time>2022-10-17T18:56:34.000Z</Time>
            <Position>
              <LatitudeDegrees>-33.39972026646137</LatitudeDegrees>
              <LongitudeDegrees>-70.53592247888446</LongitudeDegrees>
            </Position>
            <AltitudeMeters>831.4000244140625</AltitudeMeters>
            <DistanceMeters>9764.6396484375</DistanceMeters>
            <HeartRateBpm>
              <Value>142</Value>
            </HeartRateBpm>
            <Extensions>
              <ns3:TPX>
                <ns3:Speed>2.4630000591278076</ns3:Speed>
                <ns3:RunCadence>86</ns3:RunCadence>
              </ns3:TPX>
            </Extensions>
          </Trackpoint>
          <Trackpoint>
            <Time>2022-10-17T18:56:37.000Z</Time>
            <Position>
              <LatitudeDegrees>-33.399792183190584</LatitudeDegrees>
              <LongitudeDegrees>-70.5359754525125</LongitudeDegrees>
            </Position>
            <AltitudeMeters>831.2000122070312</AltitudeMeters>
            <DistanceMeters>9774.01953125</DistanceMeters>
            <HeartRateBpm>
              <Value>139</Value>
            </HeartRateBpm>
            <Extensions>
              <ns3:TPX>
                <ns3:Speed>2.4820001125335693</ns3:Speed>
                <ns3:RunCadence>86</ns3:RunCadence>
              </ns3:TPX>
            </Extensions>
          </Trackpoint>
          <Trackpoint>
            <Time>2022-10-17T18:56:44.000Z</Time>
            <Position>
              <LatitudeDegrees>-33.39996015653014</LatitudeDegrees>
              <LongitudeDegrees>-70.53610629402101</LongitudeDegrees>
            </Position>
            <AltitudeMeters>831.4000244140625</AltitudeMeters>
            <DistanceMeters>9796.26953125</DistanceMeters>
            <HeartRateBpm>
              <Value>137</Value>
            </HeartRateBpm>
            <Extensions>
              <ns3:TPX>
                <ns3:Speed>2.546999931335449</ns3:Speed>
                <ns3:RunCadence>86</ns3:RunCadence>
              </ns3:TPX>
            </Extensions>
          </Trackpoint>
          <Trackpoint>
            <Time>2022-10-17T18:56:51.000Z</Time>
            <Position>
              <LatitudeDegrees>-33.400116143748164</LatitudeDegrees>
              <LongitudeDegrees>-70.53625230677426</LongitudeDegrees>
            </Position>
            <AltitudeMeters>832.2000122070312</AltitudeMeters>
            <DistanceMeters>9818.25</DistanceMeters>
            <HeartRateBpm>
              <Value>135</Value>
            </HeartRateBpm>
            <Extensions>
              <ns3:TPX>
                <ns3:Speed>2.61299991607666</ns3:Speed>
                <ns3:RunCadence>87</ns3:RunCadence>
              </ns3:TPX>
            </Extensions>
          </Trackpoint>
          <Trackpoint>
            <Time>2022-10-17T18:56:57.000Z</Time>
            <Position>
              <LatitudeDegrees>-33.40025310404599</LatitudeDegrees>
              <LongitudeDegrees>-70.53637485019863</LongitudeDegrees>
            </Position>
            <AltitudeMeters>832.0</AltitudeMeters>
            <DistanceMeters>9837.25</DistanceMeters>
            <HeartRateBpm>
              <Value>132</Value>
            </HeartRateBpm>
            <Extensions>
              <ns3:TPX>
                <ns3:Speed>2.6589999198913574</ns3:Speed>
                <ns3:RunCadence>86</ns3:RunCadence>
              </ns3:TPX>
            </Extensions>
          </Trackpoint>
          <Trackpoint>
            <Time>2022-10-17T18:57:04.000Z</Time>
            <Position>
              <LatitudeDegrees>-33.400404900312424</LatitudeDegrees>
              <LongitudeDegrees>-70.5365127325058</LongitudeDegrees>
            </Position>
            <AltitudeMeters>831.0</AltitudeMeters>
            <DistanceMeters>9858.3798828125</DistanceMeters>
            <HeartRateBpm>
              <Value>132</Value>
            </HeartRateBpm>
            <Extensions>
              <ns3:TPX>
                <ns3:Speed>2.7060000896453857</ns3:Speed>
                <ns3:RunCadence>87</ns3:RunCadence>
              </ns3:TPX>
            </Extensions>
          </Trackpoint>
          <Trackpoint>
            <Time>2022-10-17T18:57:12.000Z</Time>
            <Position>
              <LatitudeDegrees>-33.40057480148971</LatitudeDegrees>
              <LongitudeDegrees>-70.53667274303734</LongitudeDegrees>
            </Position>
            <AltitudeMeters>830.0</AltitudeMeters>
            <DistanceMeters>9880.41015625</DistanceMeters>
            <HeartRateBpm>
              <Value>134</Value>
            </HeartRateBpm>
            <Extensions>
              <ns3:TPX>
                <ns3:Speed>2.2769999504089355</ns3:Speed>
                <ns3:RunCadence>83</ns3:RunCadence>
              </ns3:TPX>
            </Extensions>
          </Trackpoint>
          <Trackpoint>
            <Time>2022-10-17T18:57:19.000Z</Time>
            <Position>
              <LatitudeDegrees>-33.40073506347835</LatitudeDegrees>
              <LongitudeDegrees>-70.53682655096054</LongitudeDegrees>
            </Position>
            <AltitudeMeters>829.0</AltitudeMeters>
            <DistanceMeters>9901.4296875</DistanceMeters>
            <HeartRateBpm>
              <Value>133</Value>
            </HeartRateBpm>
            <Extensions>
              <ns3:TPX>
                <ns3:Speed>2.753000020980835</ns3:Speed>
                <ns3:RunCadence>84</ns3:RunCadence>
              </ns3:TPX>
            </Extensions>
          </Trackpoint>
          <Trackpoint>
            <Time>2022-10-17T18:57:26.000Z</Time>
            <Position>
              <LatitudeDegrees>-33.40088325552642</LatitudeDegrees>
              <LongitudeDegrees>-70.53696988150477</LongitudeDegrees>
            </Position>
            <AltitudeMeters>828.2000122070312</AltitudeMeters>
            <DistanceMeters>9922.580078125</DistanceMeters>
            <HeartRateBpm>
              <Value>135</Value>
            </HeartRateBpm>
            <Extensions>
              <ns3:TPX>
                <ns3:Speed>2.7899999618530273</ns3:Speed>
                <ns3:RunCadence>83</ns3:RunCadence>
              </ns3:TPX>
            </Extensions>
          </Trackpoint>
          <Trackpoint>
            <Time>2022-10-17T18:57:33.000Z</Time>
            <Position>
              <LatitudeDegrees>-33.40102340094745</LatitudeDegrees>
              <LongitudeDegrees>-70.53710516542196</LongitudeDegrees>
            </Position>
            <AltitudeMeters>827.4000244140625</AltitudeMeters>
            <DistanceMeters>9942.599609375</DistanceMeters>
            <HeartRateBpm>
              <Value>134</Value>
            </HeartRateBpm>
            <Extensions>
              <ns3:TPX>
                <ns3:Speed>2.809000015258789</ns3:Speed>
                <ns3:RunCadence>86</ns3:RunCadence>
              </ns3:TPX>
            </Extensions>
          </Trackpoint>
          <Trackpoint>
            <Time>2022-10-17T18:57:40.000Z</Time>
            <Position>
              <LatitudeDegrees>-33.4011746942997</LatitudeDegrees>
              <LongitudeDegrees>-70.5372548662126</LongitudeDegrees>
            </Position>
            <AltitudeMeters>824.4000244140625</AltitudeMeters>
            <DistanceMeters>9964.3896484375</DistanceMeters>
            <HeartRateBpm>
              <Value>132</Value>
            </HeartRateBpm>
            <Extensions>
              <ns3:TPX>
                <ns3:Speed>2.818000078201294</ns3:Speed>
                <ns3:RunCadence>83</ns3:RunCadence>
              </ns3:TPX>
            </Extensions>
          </Trackpoint>
          <Trackpoint>
            <Time>2022-10-17T18:57:47.000Z</Time>
            <Position>
              <LatitudeDegrees>-33.401313330978155</LatitudeDegrees>
              <LongitudeDegrees>-70.53740716539323</LongitudeDegrees>
            </Position>
            <AltitudeMeters>819.5999755859375</AltitudeMeters>
            <DistanceMeters>9985.3095703125</DistanceMeters>
            <HeartRateBpm>
              <Value>131</Value>
            </HeartRateBpm>
            <Extensions>
              <ns3:TPX>
                <ns3:Speed>2.8369998931884766</ns3:Speed>
                <ns3:RunCadence>84</ns3:RunCadence>
              </ns3:TPX>
            </Extensions>
          </Trackpoint>
          <Trackpoint>
            <Time>2022-10-17T18:57:54.000Z</Time>
            <Position>
              <LatitudeDegrees>-33.401439813897014</LatitudeDegrees>
              <LongitudeDegrees>-70.53757061250508</LongitudeDegrees>
            </Position>
            <AltitudeMeters>815.0</AltitudeMeters>
            <DistanceMeters>10005.990234375</DistanceMeters>
            <HeartRateBpm>
              <Value>133</Value>
            </HeartRateBpm>
            <Extensions>
              <ns3:TPX>
                <ns3:Speed>2.8550000190734863</ns3:Speed>
                <ns3:RunCadence>84</ns3:RunCadence>
              </ns3:TPX>
            </Extensions>
          </Trackpoint>
          <Trackpoint>
            <Time>2022-10-17T18:58:01.000Z</Time>
            <Position>
              <LatitudeDegrees>-33.40154659934342</LatitudeDegrees>
              <LongitudeDegrees>-70.53770137019455</LongitudeDegrees>
            </Position>
            <AltitudeMeters>811.4000244140625</AltitudeMeters>
            <DistanceMeters>10023.009765625</DistanceMeters>
            <HeartRateBpm>
              <Value>133</Value>
            </HeartRateBpm>
            <Extensions>
              <ns3:TPX>
                <ns3:Speed>2.865000009536743</ns3:Speed>
                <ns3:RunCadence>80</ns3:RunCadence>
              </ns3:TPX>
            </Extensions>
          </Trackpoint>
          <Trackpoint>
            <Time>2022-10-17T18:58:06.000Z</Time>
            <Position>
              <LatitudeDegrees>-33.40163796208799</LatitudeDegrees>
              <LongitudeDegrees>-70.53776029497385</LongitudeDegrees>
            </Position>
            <AltitudeMeters>808.4000244140625</AltitudeMeters>
            <DistanceMeters>10035.0703125</DistanceMeters>
            <HeartRateBpm>
              <Value>130</Value>
            </HeartRateBpm>
            <Extensions>
              <ns3:TPX>
                <ns3:Speed>1.6050000190734863</ns3:Speed>
                <ns3:RunCadence>80</ns3:RunCadence>
              </ns3:TPX>
            </Extensions>
          </Trackpoint>
          <Trackpoint>
            <Time>2022-10-17T18:58:07.000Z</Time>
            <Position>
              <LatitudeDegrees>-33.40165162459016</LatitudeDegrees>
              <LongitudeDegrees>-70.53778418339789</LongitudeDegrees>
            </Position>
            <AltitudeMeters>808.0</AltitudeMeters>
            <DistanceMeters>10037.7197265625</DistanceMeters>
            <HeartRateBpm>
              <Value>130</Value>
            </HeartRateBpm>
            <Extensions>
              <ns3:TPX>
                <ns3:Speed>1.875</ns3:Speed>
                <ns3:RunCadence>80</ns3:RunCadence>
              </ns3:TPX>
            </Extensions>
          </Trackpoint>
          <Trackpoint>
            <Time>2022-10-17T18:58:12.000Z</Time>
            <Position>
              <LatitudeDegrees>-33.401717925444245</LatitudeDegrees>
              <LongitudeDegrees>-70.5378806591034</LongitudeDegrees>
            </Position>
            <AltitudeMeters>805.5999755859375</AltitudeMeters>
            <DistanceMeters>10049.4501953125</DistanceMeters>
            <HeartRateBpm>
              <Value>129</Value>
            </HeartRateBpm>
            <Extensions>
              <ns3:TPX>
                <ns3:Speed>2.753000020980835</ns3:Speed>
                <ns3:RunCadence>43</ns3:RunCadence>
              </ns3:TPX>
            </Extensions>
          </Trackpoint>
          <Trackpoint>
            <Time>2022-10-17T18:58:22.000Z</Time>
            <Position>
              <LatitudeDegrees>-33.40189402922988</LatitudeDegrees>
              <LongitudeDegrees>-70.53797244094312</LongitudeDegrees>
            </Position>
            <AltitudeMeters>800.0</AltitudeMeters>
            <DistanceMeters>10069.6904296875</DistanceMeters>
            <HeartRateBpm>
              <Value>128</Value>
            </HeartRateBpm>
            <Extensions>
              <ns3:TPX>
                <ns3:Speed>2.677999973297119</ns3:Speed>
                <ns3:RunCadence>56</ns3:RunCadence>
              </ns3:TPX>
            </Extensions>
          </Trackpoint>
          <Trackpoint>
            <Time>2022-10-17T18:58:25.000Z</Time>
            <Position>
              <LatitudeDegrees>-33.40194792486727</LatitudeDegrees>
              <LongitudeDegrees>-70.53797244094312</LongitudeDegrees>
            </Position>
            <AltitudeMeters>798.4000244140625</AltitudeMeters>
            <DistanceMeters>10075.6796875</DistanceMeters>
            <HeartRateBpm>
              <Value>122</Value>
            </HeartRateBpm>
            <Extensions>
              <ns3:TPX>
                <ns3:Speed>2.61299991607666</ns3:Speed>
                <ns3:RunCadence>56</ns3:RunCadence>
              </ns3:TPX>
            </Extensions>
          </Trackpoint>
          <Trackpoint>
            <Time>2022-10-17T18:58:32.000Z</Time>
            <Position>
              <LatitudeDegrees>-33.40208563953638</LatitudeDegrees>
              <LongitudeDegrees>-70.53798920474946</LongitudeDegrees>
            </Position>
            <AltitudeMeters>794.0</AltitudeMeters>
            <DistanceMeters>10091.0703125</DistanceMeters>
            <HeartRateBpm>
              <Value>123</Value>
            </HeartRateBpm>
            <Extensions>
              <ns3:TPX>
                <ns3:Speed>2.434999942779541</ns3:Speed>
                <ns3:RunCadence>68</ns3:RunCadence>
              </ns3:TPX>
            </Extensions>
          </Trackpoint>
          <Trackpoint>
            <Time>2022-10-17T18:58:36.000Z</Time>
            <Position>
              <LatitudeDegrees>-33.40214749798179</LatitudeDegrees>
              <LongitudeDegrees>-70.53803002461791</LongitudeDegrees>
            </Position>
            <AltitudeMeters>791.5999755859375</AltitudeMeters>
            <DistanceMeters>10098.919921875</DistanceMeters>
            <HeartRateBpm>
              <Value>125</Value>
            </HeartRateBpm>
            <Extensions>
              <ns3:TPX>
                <ns3:Speed>2.378999948501587</ns3:Speed>
                <ns3:RunCadence>19</ns3:RunCadence>
              </ns3:TPX>
            </Extensions>
          </Trackpoint>
          <Trackpoint>
            <Time>2022-10-17T18:58:47.000Z</Time>
            <Position>
              <LatitudeDegrees>-33.402338521555066</LatitudeDegrees>
              <LongitudeDegrees>-70.53805123083293</LongitudeDegrees>
            </Position>
            <AltitudeMeters>785.4000244140625</AltitudeMeters>
            <DistanceMeters>10120.349609375</DistanceMeters>
            <HeartRateBpm>
              <Value>123</Value>
            </HeartRateBpm>
            <Extensions>
              <ns3:TPX>
                <ns3:Speed>2.1649999618530273</ns3:Speed>
                <ns3:RunCadence>62</ns3:RunCadence>
              </ns3:TPX>
            </Extensions>
          </Trackpoint>
          <Trackpoint>
            <Time>2022-10-17T18:58:51.000Z</Time>
            <Position>
              <LatitudeDegrees>-33.40240624733269</LatitudeDegrees>
              <LongitudeDegrees>-70.53807210177183</LongitudeDegrees>
            </Position>
            <AltitudeMeters>782.7999877929688</AltitudeMeters>
            <DistanceMeters>10128.25</DistanceMeters>
            <HeartRateBpm>
              <Value>120</Value>
            </HeartRateBpm>
            <Extensions>
              <ns3:TPX>
                <ns3:Speed>2.118000030517578</ns3:Speed>
                <ns3:RunCadence>62</ns3:RunCadence>
              </ns3:TPX>
            </Extensions>
          </Trackpoint>
          <Trackpoint>
            <Time>2022-10-17T18:59:01.000Z</Time>
            <Position>
              <LatitudeDegrees>-33.40259517543018</LatitudeDegrees>
              <LongitudeDegrees>-70.53809783421457</LongitudeDegrees>
            </Position>
            <AltitudeMeters>776.5999755859375</AltitudeMeters>
            <DistanceMeters>10149.4599609375</DistanceMeters>
            <HeartRateBpm>
              <Value>119</Value>
            </HeartRateBpm>
            <Extensions>
              <ns3:TPX>
                <ns3:Speed>2.062000036239624</ns3:Speed>
                <ns3:RunCadence>62</ns3:RunCadence>
              </ns3:TPX>
            </Extensions>
          </Trackpoint>
          <Trackpoint>
            <Time>2022-10-17T18:59:02.000Z</Time>
            <Position>
              <LatitudeDegrees>-33.40261126868427</LatitudeDegrees>
              <LongitudeDegrees>-70.53810026496649</LongitudeDegrees>
            </Position>
            <AltitudeMeters>776.0</AltitudeMeters>
            <DistanceMeters>10151.2001953125</DistanceMeters>
            <HeartRateBpm>
              <Value>120</Value>
            </HeartRateBpm>
            <Extensions>
              <ns3:TPX>
                <ns3:Speed>2.062000036239624</ns3:Speed>
                <ns3:RunCadence>62</ns3:RunCadence>
              </ns3:TPX>
            </Extensions>
          </Trackpoint>
          <Trackpoint>
            <Time>2022-10-17T18:59:08.000Z</Time>
            <Position>
              <LatitudeDegrees>-33.40269835665822</LatitudeDegrees>
              <LongitudeDegrees>-70.5381497181952</LongitudeDegrees>
            </Position>
            <AltitudeMeters>773.4000244140625</AltitudeMeters>
            <DistanceMeters>10161.9697265625</DistanceMeters>
            <HeartRateBpm>
              <Value>120</Value>
            </HeartRateBpm>
            <Extensions>
              <ns3:TPX>
                <ns3:Speed>2.0429999828338623</ns3:Speed>
                <ns3:RunCadence>62</ns3:RunCadence>
              </ns3:TPX>
            </Extensions>
          </Trackpoint>
          <Trackpoint>
            <Time>2022-10-17T18:59:20.000Z</Time>
            <Position>
              <LatitudeDegrees>-33.40291854925454</LatitudeDegrees>
              <LongitudeDegrees>-70.53810906596482</LongitudeDegrees>
            </Position>
            <AltitudeMeters>770.2000122070312</AltitudeMeters>
            <DistanceMeters>10184.25</DistanceMeters>
            <HeartRateBpm>
              <Value>118</Value>
            </HeartRateBpm>
            <Extensions>
              <ns3:TPX>
                <ns3:Speed>1.9780000448226929</ns3:Speed>
                <ns3:RunCadence>54</ns3:RunCadence>
              </ns3:TPX>
            </Extensions>
          </Trackpoint>
          <Trackpoint>
            <Time>2022-10-17T18:59:24.000Z</Time>
            <Position>
              <LatitudeDegrees>-33.402990801259875</LatitudeDegrees>
              <LongitudeDegrees>-70.53808148950338</LongitudeDegrees>
            </Position>
            <AltitudeMeters>769.0</AltitudeMeters>
            <DistanceMeters>10192.7001953125</DistanceMeters>
            <HeartRateBpm>
              <Value>115</Value>
            </HeartRateBpm>
            <Extensions>
              <ns3:TPX>
                <ns3:Speed>1.9780000448226929</ns3:Speed>
                <ns3:RunCadence>54</ns3:RunCadence>
              </ns3:TPX>
            </Extensions>
          </Trackpoint>
          <Trackpoint>
            <Time>2022-10-17T18:59:27.000Z</Time>
            <Position>
              <LatitudeDegrees>-33.40303991921246</LatitudeDegrees>
              <LongitudeDegrees>-70.53810009732842</LongitudeDegrees>
            </Position>
            <AltitudeMeters>767.5999755859375</AltitudeMeters>
            <DistanceMeters>10198.580078125</DistanceMeters>
            <HeartRateBpm>
              <Value>115</Value>
            </HeartRateBpm>
            <Extensions>
              <ns3:TPX>
                <ns3:Speed>1.996999979019165</ns3:Speed>
                <ns3:RunCadence>54</ns3:RunCadence>
              </ns3:TPX>
            </Extensions>
          </Trackpoint>
          <Trackpoint>
            <Time>2022-10-17T18:59:34.000Z</Time>
            <Position>
              <LatitudeDegrees>-33.40312331914902</LatitudeDegrees>
              <LongitudeDegrees>-70.53825122304261</LongitudeDegrees>
            </Position>
            <AltitudeMeters>764.4000244140625</AltitudeMeters>
            <DistanceMeters>10215.5</DistanceMeters>
            <HeartRateBpm>
              <Value>118</Value>
            </HeartRateBpm>
            <Extensions>
              <ns3:TPX>
                <ns3:Speed>2.015000104904175</ns3:Speed>
                <ns3:RunCadence>54</ns3:RunCadence>
              </ns3:TPX>
            </Extensions>
          </Trackpoint>
          <Trackpoint>
            <Time>2022-10-17T18:59:37.000Z</Time>
            <Position>
              <LatitudeDegrees>-33.40317042544484</LatitudeDegrees>
              <LongitudeDegrees>-70.53830939345062</LongitudeDegrees>
            </Position>
            <AltitudeMeters>762.7999877929688</AltitudeMeters>
            <DistanceMeters>10223.009765625</DistanceMeters>
            <HeartRateBpm>
              <Value>127</Value>
            </HeartRateBpm>
            <Extensions>
              <ns3:TPX>
                <ns3:Speed>2.0429999828338623</ns3:Speed>
                <ns3:RunCadence>54</ns3:RunCadence>
              </ns3:TPX>
            </Extensions>
          </Trackpoint>
          <Trackpoint>
            <Time>2022-10-17T18:59:38.000Z</Time>
            <Position>
              <LatitudeDegrees>-33.403186267241836</LatitudeDegrees>
              <LongitudeDegrees>-70.53833319805562</LongitudeDegrees>
            </Position>
            <AltitudeMeters>762.2000122070312</AltitudeMeters>
            <DistanceMeters>10225.8095703125</DistanceMeters>
            <HeartRateBpm>
              <Value>127</Value>
            </HeartRateBpm>
            <Extensions>
              <ns3:TPX>
                <ns3:Speed>2.062000036239624</ns3:Speed>
                <ns3:RunCadence>54</ns3:RunCadence>
              </ns3:TPX>
            </Extensions>
          </Trackpoint>
          <Trackpoint>
            <Time>2022-10-17T18:59:42.000Z</Time>
            <Position>
              <LatitudeDegrees>-33.40326212346554</LatitudeDegrees>
              <LongitudeDegrees>-70.53838541731238</LongitudeDegrees>
            </Position>
            <AltitudeMeters>760.2000122070312</AltitudeMeters>
            <DistanceMeters>10236.2197265625</DistanceMeters>
            <HeartRateBpm>
              <Value>130</Value>
            </HeartRateBpm>
            <Extensions>
              <ns3:TPX>
                <ns3:Speed>2.13700008392334</ns3:Speed>
                <ns3:RunCadence>48</ns3:RunCadence>
              </ns3:TPX>
            </Extensions>
          </Trackpoint>
          <Trackpoint>
            <Time>2022-10-17T18:59:45.000Z</Time>
            <Position>
              <LatitudeDegrees>-33.40334669686854</LatitudeDegrees>
              <LongitudeDegrees>-70.53835893049836</LongitudeDegrees>
            </Position>
            <AltitudeMeters>758.5999755859375</AltitudeMeters>
            <DistanceMeters>10246.0</DistanceMeters>
            <HeartRateBpm>
              <Value>131</Value>
            </HeartRateBpm>
            <Extensions>
              <ns3:TPX>
                <ns3:Speed>2.2019999027252197</ns3:Speed>
                <ns3:RunCadence>46</ns3:RunCadence>
              </ns3:TPX>
            </Extensions>
          </Trackpoint>
          <Trackpoint>
            <Time>2022-10-17T18:59:46.000Z</Time>
            <Position>
              <LatitudeDegrees>-33.40337947010994</LatitudeDegrees>
              <LongitudeDegrees>-70.5383537337184</LongitudeDegrees>
            </Position>
            <AltitudeMeters>758.0</AltitudeMeters>
            <DistanceMeters>10247.3603515625</DistanceMeters>
            <HeartRateBpm>
              <Value>131</Value>
            </HeartRateBpm>
            <Extensions>
              <ns3:TPX>
                <ns3:Speed>1.3619999885559082</ns3:Speed>
                <ns3:RunCadence>46</ns3:RunCadence>
              </ns3:TPX>
            </Extensions>
          </Trackpoint>
          <Trackpoint>
            <Time>2022-10-17T18:59:50.000Z</Time>
            <Position>
              <LatitudeDegrees>-33.403506791219115</LatitudeDegrees>
              <LongitudeDegrees>-70.53842229768634</LongitudeDegrees>
            </Position>
            <AltitudeMeters>754.7999877929688</AltitudeMeters>
            <DistanceMeters>10256.1201171875</DistanceMeters>
            <HeartRateBpm>
              <Value>131</Value>
            </HeartRateBpm>
            <Extensions>
              <ns3:TPX>
                <ns3:Speed>2.2300000190734863</ns3:Speed>
                <ns3:RunCadence>81</ns3:RunCadence>
              </ns3:TPX>
            </Extensions>
          </Trackpoint>
          <Trackpoint>
            <Time>2022-10-17T18:59:54.000Z</Time>
            <Position>
              <LatitudeDegrees>-33.4036285802722</LatitudeDegrees>
              <LongitudeDegrees>-70.53852480836213</LongitudeDegrees>
            </Position>
            <AltitudeMeters>753.2000122070312</AltitudeMeters>
            <DistanceMeters>10272.6396484375</DistanceMeters>
            <HeartRateBpm>
              <Value>135</Value>
            </HeartRateBpm>
            <Extensions>
              <ns3:TPX>
                <ns3:Speed>4.050000190734863</ns3:Speed>
                <ns3:RunCadence>82</ns3:RunCadence>
              </ns3:TPX>
            </Extensions>
          </Trackpoint>
          <Trackpoint>
            <Time>2022-10-17T18:59:55.000Z</Time>
            <Position>
              <LatitudeDegrees>-33.40365364216268</LatitudeDegrees>
              <LongitudeDegrees>-70.53855305537581</LongitudeDegrees>
            </Position>
            <AltitudeMeters>752.7999877929688</AltitudeMeters>
            <DistanceMeters>10276.4697265625</DistanceMeters>
            <HeartRateBpm>
              <Value>139</Value>
            </HeartRateBpm>
            <Extensions>
              <ns3:TPX>
                <ns3:Speed>4.050000190734863</ns3:Speed>
                <ns3:RunCadence>82</ns3:RunCadence>
              </ns3:TPX>
            </Extensions>
          </Trackpoint>
          <Trackpoint>
            <Time>2022-10-17T19:00:02.000Z</Time>
            <Position>
              <LatitudeDegrees>-33.40375908650458</LatitudeDegrees>
              <LongitudeDegrees>-70.53871306590736</LongitudeDegrees>
            </Position>
            <AltitudeMeters>750.5999755859375</AltitudeMeters>
            <DistanceMeters>10296.169921875</DistanceMeters>
            <HeartRateBpm>
              <Value>140</Value>
            </HeartRateBpm>
            <Extensions>
              <ns3:TPX>
                <ns3:Speed>3.9660000801086426</ns3:Speed>
                <ns3:RunCadence>82</ns3:RunCadence>
              </ns3:TPX>
            </Extensions>
          </Trackpoint>
          <Trackpoint>
            <Time>2022-10-17T19:00:10.000Z</Time>
            <Position>
              <LatitudeDegrees>-33.40370091609657</LatitudeDegrees>
              <LongitudeDegrees>-70.53868314251304</LongitudeDegrees>
            </Position>
            <AltitudeMeters>751.2000122070312</AltitudeMeters>
            <DistanceMeters>10302.48046875</DistanceMeters>
            <HeartRateBpm>
              <Value>135</Value>
            </HeartRateBpm>
            <Extensions>
              <ns3:TPX>
                <ns3:Speed>0.8769999742507935</ns3:Speed>
                <ns3:RunCadence>62</ns3:RunCadence>
              </ns3:TPX>
            </Extensions>
          </Trackpoint>
          <Trackpoint>
            <Time>2022-10-17T19:00:11.000Z</Time>
            <Position>
              <LatitudeDegrees>-33.40370234102011</LatitudeDegrees>
              <LongitudeDegrees>-70.53868389688432</LongitudeDegrees>
            </Position>
            <AltitudeMeters>751.2000122070312</AltitudeMeters>
            <DistanceMeters>10302.66015625</DistanceMeters>
            <HeartRateBpm>
              <Value>132</Value>
            </HeartRateBpm>
            <Extensions>
              <ns3:TPX>
                <ns3:Speed>0.8579999804496765</ns3:Speed>
                <ns3:RunCadence>62</ns3:RunCadence>
              </ns3:TPX>
            </Extensions>
          </Trackpoint>
          <Trackpoint>
            <Time>2022-10-17T19:00:12.000Z</Time>
            <Position>
              <LatitudeDegrees>-33.40370016172528</LatitudeDegrees>
              <LongitudeDegrees>-70.53868532180786</LongitudeDegrees>
            </Position>
            <AltitudeMeters>751.2000122070312</AltitudeMeters>
            <DistanceMeters>10302.9296875</DistanceMeters>
            <HeartRateBpm>
              <Value>129</Value>
            </HeartRateBpm>
            <Extensions>
              <ns3:TPX>
                <ns3:Speed>0.0</ns3:Speed>
                <ns3:RunCadence>62</ns3:RunCadence>
              </ns3:TPX>
            </Extensions>
          </Trackpoint>
          <Trackpoint>
            <Time>2022-10-17T19:00:13.000Z</Time>
            <Position>
              <LatitudeDegrees>-33.40369722805917</LatitudeDegrees>
              <LongitudeDegrees>-70.53868825547397</LongitudeDegrees>
            </Position>
            <AltitudeMeters>751.2000122070312</AltitudeMeters>
            <DistanceMeters>10303.3603515625</DistanceMeters>
            <HeartRateBpm>
              <Value>126</Value>
            </HeartRateBpm>
            <Extensions>
              <ns3:TPX>
                <ns3:Speed>0.0</ns3:Speed>
                <ns3:RunCadence>0</ns3:RunCadence>
              </ns3:TPX>
            </Extensions>
          </Trackpoint>
          <Trackpoint>
            <Time>2022-10-17T19:00:15.000Z</Time>
            <Position>
              <LatitudeDegrees>-33.403682140633464</LatitudeDegrees>
              <LongitudeDegrees>-70.53868867456913</LongitudeDegrees>
            </Position>
            <AltitudeMeters>751.2000122070312</AltitudeMeters>
            <DistanceMeters>10305.01953125</DistanceMeters>
            <HeartRateBpm>
              <Value>123</Value>
            </HeartRateBpm>
            <Extensions>
              <ns3:TPX>
                <ns3:Speed>0.0</ns3:Speed>
                <ns3:RunCadence>0</ns3:RunCadence>
              </ns3:TPX>
            </Extensions>
          </Trackpoint>
          <Trackpoint>
            <Time>2022-10-17T19:00:19.000Z</Time>
            <Position>
              <LatitudeDegrees>-33.40366763994098</LatitudeDegrees>
              <LongitudeDegrees>-70.5386674683541</LongitudeDegrees>
            </Position>
            <AltitudeMeters>751.5999755859375</AltitudeMeters>
            <DistanceMeters>10307.7001953125</DistanceMeters>
            <HeartRateBpm>
              <Value>120</Value>
            </HeartRateBpm>
            <Extensions>
              <ns3:TPX>
                <ns3:Speed>0.0</ns3:Speed>
                <ns3:RunCadence>0</ns3:RunCadence>
              </ns3:TPX>
            </Extensions>
          </Trackpoint>
          <Trackpoint>
            <Time>2022-10-17T19:00:24.000Z</Time>
            <Position>
              <LatitudeDegrees>-33.40367359109223</LatitudeDegrees>
              <LongitudeDegrees>-70.53866386413574</LongitudeDegrees>
            </Position>
            <AltitudeMeters>751.5999755859375</AltitudeMeters>
            <DistanceMeters>10307.91015625</DistanceMeters>
            <HeartRateBpm>
              <Value>116</Value>
            </HeartRateBpm>
            <Extensions>
              <ns3:TPX>
                <ns3:Speed>0.0</ns3:Speed>
                <ns3:RunCadence>0</ns3:RunCadence>
              </ns3:TPX>
            </Extensions>
          </Trackpoint>
          <Trackpoint>
            <Time>2022-10-17T19:00:28.000Z</Time>
            <Position>
              <LatitudeDegrees>-33.403680799528956</LatitudeDegrees>
              <LongitudeDegrees>-70.53866445086896</LongitudeDegrees>
            </Position>
            <AltitudeMeters>751.4000244140625</AltitudeMeters>
            <DistanceMeters>10308.580078125</DistanceMeters>
            <HeartRateBpm>
              <Value>121</Value>
            </HeartRateBpm>
            <Extensions>
              <ns3:TPX>
                <ns3:Speed>0.0</ns3:Speed>
                <ns3:RunCadence>0</ns3:RunCadence>
              </ns3:TPX>
            </Extensions>
          </Trackpoint>
          <Trackpoint>
            <Time>2022-10-17T19:00:43.000Z</Time>
            <Position>
              <LatitudeDegrees>-33.40368473902345</LatitudeDegrees>
              <LongitudeDegrees>-70.53865917026997</LongitudeDegrees>
            </Position>
            <AltitudeMeters>751.5999755859375</AltitudeMeters>
            <DistanceMeters>10310.1796875</DistanceMeters>
            <HeartRateBpm>
              <Value>116</Value>
            </HeartRateBpm>
            <Extensions>
              <ns3:TPX>
                <ns3:Speed>0.0</ns3:Speed>
                <ns3:RunCadence>0</ns3:RunCadence>
              </ns3:TPX>
            </Extensions>
          </Trackpoint>
          <Trackpoint>
            <Time>2022-10-17T19:00:46.000Z</Time>
            <Position>
              <LatitudeDegrees>-33.40368398465216</LatitudeDegrees>
              <LongitudeDegrees>-70.53865732625127</LongitudeDegrees>
            </Position>
            <AltitudeMeters>751.5999755859375</AltitudeMeters>
            <DistanceMeters>10310.3701171875</DistanceMeters>
            <HeartRateBpm>
              <Value>113</Value>
            </HeartRateBpm>
            <Extensions>
              <ns3:TPX>
                <ns3:Speed>0.0</ns3:Speed>
                <ns3:RunCadence>0</ns3:RunCadence>
              </ns3:TPX>
            </Extensions>
          </Trackpoint>
          <Trackpoint>
            <Time>2022-10-17T19:00:57.000Z</Time>
            <Position>
              <LatitudeDegrees>-33.40368054807186</LatitudeDegrees>
              <LongitudeDegrees>-70.53865204565227</LongitudeDegrees>
            </Position>
            <AltitudeMeters>751.5999755859375</AltitudeMeters>
            <DistanceMeters>10311.830078125</DistanceMeters>
            <HeartRateBpm>
              <Value>110</Value>
            </HeartRateBpm>
            <Extensions>
              <ns3:TPX>
                <ns3:Speed>0.0</ns3:Speed>
                <ns3:RunCadence>0</ns3:RunCadence>
              </ns3:TPX>
            </Extensions>
          </Trackpoint>
          <Trackpoint>
            <Time>2022-10-17T19:01:12.000Z</Time>
            <Position>
              <LatitudeDegrees>-33.403679793700576</LatitudeDegrees>
              <LongitudeDegrees>-70.53864408284426</LongitudeDegrees>
            </Position>
            <AltitudeMeters>751.5999755859375</AltitudeMeters>
            <DistanceMeters>10312.8603515625</DistanceMeters>
            <HeartRateBpm>
              <Value>106</Value>
            </HeartRateBpm>
            <Extensions>
              <ns3:TPX>
                <ns3:Speed>0.0</ns3:Speed>
                <ns3:RunCadence>0</ns3:RunCadence>
              </ns3:TPX>
            </Extensions>
          </Trackpoint>
          <Trackpoint>
            <Time>2022-10-17T19:01:20.000Z</Time>
            <Position>
              <LatitudeDegrees>-33.403672417625785</LatitudeDegrees>
              <LongitudeDegrees>-70.53864433430135</LongitudeDegrees>
            </Position>
            <AltitudeMeters>751.7999877929688</AltitudeMeters>
            <DistanceMeters>10314.009765625</DistanceMeters>
            <HeartRateBpm>
              <Value>103</Value>
            </HeartRateBpm>
            <Extensions>
              <ns3:TPX>
                <ns3:Speed>0.0</ns3:Speed>
                <ns3:RunCadence>0</ns3:RunCadence>
              </ns3:TPX>
            </Extensions>
          </Trackpoint>
          <Trackpoint>
            <Time>2022-10-17T19:01:23.000Z</Time>
            <Position>
              <LatitudeDegrees>-33.403672920539975</LatitudeDegrees>
              <LongitudeDegrees>-70.5386452563107</LongitudeDegrees>
            </Position>
            <AltitudeMeters>751.7999877929688</AltitudeMeters>
            <DistanceMeters>10314.08984375</DistanceMeters>
            <HeartRateBpm>
              <Value>94</Value>
            </HeartRateBpm>
            <Extensions>
              <ns3:TPX>
                <ns3:Speed>0.0</ns3:Speed>
                <ns3:RunCadence>0</ns3:RunCadence>
              </ns3:TPX>
            </Extensions>
          </Trackpoint>
          <Trackpoint>
            <Time>2022-10-17T19:01:24.000Z</Time>
            <Position>
              <LatitudeDegrees>-33.40367250144482</LatitudeDegrees>
              <LongitudeDegrees>-70.53864642977715</LongitudeDegrees>
            </Position>
            <AltitudeMeters>751.7999877929688</AltitudeMeters>
            <DistanceMeters>10314.1396484375</DistanceMeters>
            <HeartRateBpm>
              <Value>91</Value>
            </HeartRateBpm>
            <Extensions>
              <ns3:TPX>
                <ns3:Speed>0.0</ns3:Speed>
                <ns3:RunCadence>0</ns3:RunCadence>
              </ns3:TPX>
            </Extensions>
          </Trackpoint>
          <Trackpoint>
            <Time>2022-10-17T19:01:25.000Z</Time>
            <Position>
              <LatitudeDegrees>-33.4036716632545</LatitudeDegrees>
              <LongitudeDegrees>-70.53864827379584</LongitudeDegrees>
            </Position>
            <AltitudeMeters>751.7999877929688</AltitudeMeters>
            <DistanceMeters>10314.330078125</DistanceMeters>
            <HeartRateBpm>
              <Value>91</Value>
            </HeartRateBpm>
            <Extensions>
              <ns3:TPX>
                <ns3:Speed>0.0</ns3:Speed>
                <ns3:RunCadence>0</ns3:RunCadence>
              </ns3:TPX>
            </Extensions>
          </Trackpoint>
          <Trackpoint>
            <Time>2022-10-17T19:01:33.000Z</Time>
            <Position>
              <LatitudeDegrees>-33.40366713702679</LatitudeDegrees>
              <LongitudeDegrees>-70.53865254856646</LongitudeDegrees>
            </Position>
            <AltitudeMeters>751.5999755859375</AltitudeMeters>
            <DistanceMeters>10314.990234375</DistanceMeters>
            <HeartRateBpm>
              <Value>94</Value>
            </HeartRateBpm>
            <Extensions>
              <ns3:TPX>
                <ns3:Speed>0.0</ns3:Speed>
                <ns3:RunCadence>0</ns3:RunCadence>
              </ns3:TPX>
            </Extensions>
          </Trackpoint>
          <Trackpoint>
            <Time>2022-10-17T19:01:38.000Z</Time>
            <Position>
              <LatitudeDegrees>-33.40366529300809</LatitudeDegrees>
              <LongitudeDegrees>-70.53865673951805</LongitudeDegrees>
            </Position>
            <AltitudeMeters>751.5999755859375</AltitudeMeters>
            <DistanceMeters>10315.2001953125</DistanceMeters>
            <HeartRateBpm>
              <Value>97</Value>
            </HeartRateBpm>
            <Extensions>
              <ns3:TPX>
                <ns3:Speed>0.0</ns3:Speed>
                <ns3:RunCadence>0</ns3:RunCadence>
              </ns3:TPX>
            </Extensions>
          </Trackpoint>
          <Trackpoint>
            <Time>2022-10-17T19:01:46.000Z</Time>
            <Position>
              <LatitudeDegrees>-33.40366244316101</LatitudeDegrees>
              <LongitudeDegrees>-70.53866051137447</LongitudeDegrees>
            </Position>
            <AltitudeMeters>751.5999755859375</AltitudeMeters>
            <DistanceMeters>10315.6103515625</DistanceMeters>
            <HeartRateBpm>
              <Value>100</Value>
            </HeartRateBpm>
            <Extensions>
              <ns3:TPX>
                <ns3:Speed>0.0</ns3:Speed>
                <ns3:RunCadence>0</ns3:RunCadence>
              </ns3:TPX>
            </Extensions>
          </Trackpoint>
          <Trackpoint>
            <Time>2022-10-17T19:01:54.000Z</Time>
            <Position>
              <LatitudeDegrees>-33.40366009622812</LatitudeDegrees>
              <LongitudeDegrees>-70.53866143338382</LongitudeDegrees>
            </Position>
            <AltitudeMeters>751.5999755859375</AltitudeMeters>
            <DistanceMeters>10315.7099609375</DistanceMeters>
            <HeartRateBpm>
              <Value>103</Value>
            </HeartRateBpm>
            <Extensions>
              <ns3:TPX>
                <ns3:Speed>0.0</ns3:Speed>
                <ns3:RunCadence>0</ns3:RunCadence>
              </ns3:TPX>
            </Extensions>
          </Trackpoint>
          <Trackpoint>
            <Time>2022-10-17T19:02:14.000Z</Time>
            <Position>
              <LatitudeDegrees>-33.403660180047154</LatitudeDegrees>
              <LongitudeDegrees>-70.5386629421264</LongitudeDegrees>
            </Position>
            <AltitudeMeters>751.5999755859375</AltitudeMeters>
            <DistanceMeters>10317.349609375</DistanceMeters>
            <HeartRateBpm>
              <Value>100</Value>
            </HeartRateBpm>
            <Extensions>
              <ns3:TPX>
                <ns3:Speed>0.0</ns3:Speed>
                <ns3:RunCadence>0</ns3:RunCadence>
              </ns3:TPX>
            </Extensions>
          </Trackpoint>
          <Trackpoint>
            <Time>2022-10-17T19:02:16.000Z</Time>
            <Position>
              <LatitudeDegrees>-33.403658252209425</LatitudeDegrees>
              <LongitudeDegrees>-70.53866486996412</LongitudeDegrees>
            </Position>
            <AltitudeMeters>751.5999755859375</AltitudeMeters>
            <DistanceMeters>10317.580078125</DistanceMeters>
            <HeartRateBpm>
              <Value>97</Value>
            </HeartRateBpm>
            <Extensions>
              <ns3:TPX>
                <ns3:Speed>0.0</ns3:Speed>
                <ns3:RunCadence>0</ns3:RunCadence>
              </ns3:TPX>
            </Extensions>
          </Trackpoint>
          <Trackpoint>
            <Time>2022-10-17T19:02:23.000Z</Time>
            <Position>
              <LatitudeDegrees>-33.40365473181009</LatitudeDegrees>
              <LongitudeDegrees>-70.53867107257247</LongitudeDegrees>
            </Position>
            <AltitudeMeters>751.5999755859375</AltitudeMeters>
            <DistanceMeters>10317.8603515625</DistanceMeters>
            <HeartRateBpm>
              <Value>100</Value>
            </HeartRateBpm>
            <Extensions>
              <ns3:TPX>
                <ns3:Speed>0.0</ns3:Speed>
                <ns3:RunCadence>0</ns3:RunCadence>
              </ns3:TPX>
            </Extensions>
          </Trackpoint>
          <Trackpoint>
            <Time>2022-10-17T19:02:28.000Z</Time>
            <Position>
              <LatitudeDegrees>-33.40365028940141</LatitudeDegrees>
              <LongitudeDegrees>-70.53867517970502</LongitudeDegrees>
            </Position>
            <AltitudeMeters>751.5999755859375</AltitudeMeters>
            <DistanceMeters>10318.3896484375</DistanceMeters>
            <HeartRateBpm>
              <Value>97</Value>
            </HeartRateBpm>
            <Extensions>
              <ns3:TPX>
                <ns3:Speed>0.0</ns3:Speed>
                <ns3:RunCadence>0</ns3:RunCadence>
              </ns3:TPX>
            </Extensions>
          </Trackpoint>
          <Trackpoint>
            <Time>2022-10-17T19:02:30.000Z</Time>
            <Position>
              <LatitudeDegrees>-33.40365070849657</LatitudeDegrees>
              <LongitudeDegrees>-70.53867677226663</LongitudeDegrees>
            </Position>
            <AltitudeMeters>751.5999755859375</AltitudeMeters>
            <DistanceMeters>10318.5703125</DistanceMeters>
            <HeartRateBpm>
              <Value>93</Value>
            </HeartRateBpm>
            <Extensions>
              <ns3:TPX>
                <ns3:Speed>0.0</ns3:Speed>
                <ns3:RunCadence>0</ns3:RunCadence>
              </ns3:TPX>
            </Extensions>
          </Trackpoint>
          <Trackpoint>
            <Time>2022-10-17T19:02:37.000Z</Time>
            <Position>
              <LatitudeDegrees>-33.403654899448156</LatitudeDegrees>
              <LongitudeDegrees>-70.53868322633207</LongitudeDegrees>
            </Position>
            <AltitudeMeters>751.4000244140625</AltitudeMeters>
            <DistanceMeters>10319.3095703125</DistanceMeters>
            <HeartRateBpm>
              <Value>96</Value>
            </HeartRateBpm>
            <Extensions>
              <ns3:TPX>
                <ns3:Speed>0.0</ns3:Speed>
                <ns3:RunCadence>0</ns3:RunCadence>
              </ns3:TPX>
            </Extensions>
          </Trackpoint>
          <Trackpoint>
            <Time>2022-10-17T19:02:44.000Z</Time>
            <Position>
              <LatitudeDegrees>-33.40365272015333</LatitudeDegrees>
              <LongitudeDegrees>-70.53868138231337</LongitudeDegrees>
            </Position>
            <AltitudeMeters>751.5999755859375</AltitudeMeters>
            <DistanceMeters>10319.580078125</DistanceMeters>
            <HeartRateBpm>
              <Value>91</Value>
            </HeartRateBpm>
            <Extensions>
              <ns3:TPX>
                <ns3:Speed>0.0</ns3:Speed>
                <ns3:RunCadence>0</ns3:RunCadence>
              </ns3:TPX>
            </Extensions>
          </Trackpoint>
          <Trackpoint>
            <Time>2022-10-17T19:02:46.000Z</Time>
            <Position>
              <LatitudeDegrees>-33.40365163050592</LatitudeDegrees>
              <LongitudeDegrees>-70.5386798735708</LongitudeDegrees>
            </Position>
            <AltitudeMeters>751.5999755859375</AltitudeMeters>
            <DistanceMeters>10319.6396484375</DistanceMeters>
            <HeartRateBpm>
              <Value>88</Value>
            </HeartRateBpm>
            <Extensions>
              <ns3:TPX>
                <ns3:Speed>0.0</ns3:Speed>
                <ns3:RunCadence>0</ns3:RunCadence>
              </ns3:TPX>
            </Extensions>
          </Trackpoint>
          <Trackpoint>
            <Time>2022-10-17T19:02:49.000Z</Time>
            <Position>
              <LatitudeDegrees>-33.403654396533966</LatitudeDegrees>
              <LongitudeDegrees>-70.53866964764893</LongitudeDegrees>
            </Position>
            <AltitudeMeters>751.5999755859375</AltitudeMeters>
            <DistanceMeters>10320.740234375</DistanceMeters>
            <HeartRateBpm>
              <Value>91</Value>
            </HeartRateBpm>
            <Extensions>
              <ns3:TPX>
                <ns3:Speed>0.0</ns3:Speed>
                <ns3:RunCadence>0</ns3:RunCadence>
              </ns3:TPX>
            </Extensions>
          </Trackpoint>
          <Trackpoint>
            <Time>2022-10-17T19:02:52.000Z</Time>
            <Position>
              <LatitudeDegrees>-33.403663113713264</LatitudeDegrees>
              <LongitudeDegrees>-70.5386595055461</LongitudeDegrees>
            </Position>
            <AltitudeMeters>751.5999755859375</AltitudeMeters>
            <DistanceMeters>10322.0</DistanceMeters>
            <HeartRateBpm>
              <Value>94</Value>
            </HeartRateBpm>
            <Extensions>
              <ns3:TPX>
                <ns3:Speed>0.0</ns3:Speed>
                <ns3:RunCadence>0</ns3:RunCadence>
              </ns3:TPX>
            </Extensions>
          </Trackpoint>
          <Trackpoint>
            <Time>2022-10-17T19:02:59.000Z</Time>
            <Position>
              <LatitudeDegrees>-33.403685577213764</LatitudeDegrees>
              <LongitudeDegrees>-70.53865933790803</LongitudeDegrees>
            </Position>
            <AltitudeMeters>751.5999755859375</AltitudeMeters>
            <DistanceMeters>10323.5703125</DistanceMeters>
            <HeartRateBpm>
              <Value>98</Value>
            </HeartRateBpm>
            <Extensions>
              <ns3:TPX>
                <ns3:Speed>0.0</ns3:Speed>
                <ns3:RunCadence>0</ns3:RunCadence>
              </ns3:TPX>
            </Extensions>
          </Trackpoint>
          <Trackpoint>
            <Time>2022-10-17T19:03:05.000Z</Time>
            <Position>
              <LatitudeDegrees>-33.4036906901747</LatitudeDegrees>
              <LongitudeDegrees>-70.53865665569901</LongitudeDegrees>
            </Position>
            <AltitudeMeters>751.5999755859375</AltitudeMeters>
            <DistanceMeters>10324.58984375</DistanceMeters>
            <HeartRateBpm>
              <Value>95</Value>
            </HeartRateBpm>
            <Extensions>
              <ns3:TPX>
                <ns3:Speed>0.0</ns3:Speed>
                <ns3:RunCadence>0</ns3:RunCadence>
              </ns3:TPX>
            </Extensions>
          </Trackpoint>
          <Trackpoint>
            <Time>2022-10-17T19:03:24.000Z</Time>
            <Position>
              <LatitudeDegrees>-33.40369823388755</LatitudeDegrees>
              <LongitudeDegrees>-70.53865640424192</LongitudeDegrees>
            </Position>
            <AltitudeMeters>751.4000244140625</AltitudeMeters>
            <DistanceMeters>10326.259765625</DistanceMeters>
            <HeartRateBpm>
              <Value>98</Value>
            </HeartRateBpm>
            <Extensions>
              <ns3:TPX>
                <ns3:Speed>0.0</ns3:Speed>
                <ns3:RunCadence>0</ns3:RunCadence>
              </ns3:TPX>
            </Extensions>
          </Trackpoint>
          <Trackpoint>
            <Time>2022-10-17T19:03:43.000Z</Time>
            <Position>
              <LatitudeDegrees>-33.403763277456164</LatitudeDegrees>
              <LongitudeDegrees>-70.53877182304859</LongitudeDegrees>
            </Position>
            <AltitudeMeters>750.0</AltitudeMeters>
            <DistanceMeters>10339.650390625</DistanceMeters>
            <HeartRateBpm>
              <Value>98</Value>
            </HeartRateBpm>
            <Extensions>
              <ns3:TPX>
                <ns3:Speed>1.0820000171661377</ns3:Speed>
                <ns3:RunCadence>0</ns3:RunCadence>
              </ns3:TPX>
            </Extensions>
          </Trackpoint>
          <Trackpoint>
            <Time>2022-10-17T19:03:49.000Z</Time>
            <Position>
              <LatitudeDegrees>-33.40375833213329</LatitudeDegrees>
              <LongitudeDegrees>-70.53877668455243</LongitudeDegrees>
            </Position>
            <AltitudeMeters>750.0</AltitudeMeters>
            <DistanceMeters>10339.8701171875</DistanceMeters>
            <HeartRateBpm>
              <Value>95</Value>
            </HeartRateBpm>
            <Extensions>
              <ns3:TPX>
                <ns3:Speed>0.0</ns3:Speed>
                <ns3:RunCadence>0</ns3:RunCadence>
              </ns3:TPX>
            </Extensions>
          </Trackpoint>
          <Trackpoint>
            <Time>2022-10-17T19:04:02.000Z</Time>
            <Position>
              <LatitudeDegrees>-33.40375489555299</LatitudeDegrees>
              <LongitudeDegrees>-70.53878104314208</LongitudeDegrees>
            </Position>
            <AltitudeMeters>750.0</AltitudeMeters>
            <DistanceMeters>10340.7998046875</DistanceMeters>
            <HeartRateBpm>
              <Value>92</Value>
            </HeartRateBpm>
            <Extensions>
              <ns3:TPX>
                <ns3:Speed>0.0</ns3:Speed>
                <ns3:RunCadence>0</ns3:RunCadence>
              </ns3:TPX>
            </Extensions>
          </Trackpoint>
          <Trackpoint>
            <Time>2022-10-17T19:04:11.000Z</Time>
            <Position>
              <LatitudeDegrees>-33.403754979372025</LatitudeDegrees>
              <LongitudeDegrees>-70.53878473117948</LongitudeDegrees>
            </Position>
            <AltitudeMeters>749.7999877929688</AltitudeMeters>
            <DistanceMeters>10341.330078125</DistanceMeters>
            <HeartRateBpm>
              <Value>88</Value>
            </HeartRateBpm>
            <Extensions>
              <ns3:TPX>
                <ns3:Speed>0.0</ns3:Speed>
                <ns3:RunCadence>0</ns3:RunCadence>
              </ns3:TPX>
            </Extensions>
          </Trackpoint>
          <Trackpoint>
            <Time>2022-10-17T19:04:35.000Z</Time>
            <Position>
              <LatitudeDegrees>-33.403759421780705</LatitudeDegrees>
              <LongitudeDegrees>-70.53879990242422</LongitudeDegrees>
            </Position>
            <AltitudeMeters>749.7999877929688</AltitudeMeters>
            <DistanceMeters>10343.5302734375</DistanceMeters>
            <HeartRateBpm>
              <Value>79</Value>
            </HeartRateBpm>
            <Extensions>
              <ns3:TPX>
                <ns3:Speed>0.0</ns3:Speed>
                <ns3:RunCadence>0</ns3:RunCadence>
              </ns3:TPX>
            </Extensions>
          </Trackpoint>
          <Trackpoint>
            <Time>2022-10-17T19:04:36.000Z</Time>
            <Position>
              <LatitudeDegrees>-33.40376059524715</LatitudeDegrees>
              <LongitudeDegrees>-70.53879990242422</LongitudeDegrees>
            </Position>
            <AltitudeMeters>749.7999877929688</AltitudeMeters>
            <DistanceMeters>10343.5302734375</DistanceMeters>
            <HeartRateBpm>
              <Value>79</Value>
            </HeartRateBpm>
            <Extensions>
              <ns3:TPX>
                <ns3:Speed>0.0</ns3:Speed>
                <ns3:RunCadence>0</ns3:RunCadence>
              </ns3:TPX>
            </Extensions>
          </Trackpoint>
          <Trackpoint>
            <Time>2022-10-17T19:04:41.000Z</Time>
            <Position>
              <LatitudeDegrees>-33.403765708208084</LatitudeDegrees>
              <LongitudeDegrees>-70.53879864513874</LongitudeDegrees>
            </Position>
            <AltitudeMeters>749.7999877929688</AltitudeMeters>
            <DistanceMeters>10344.259765625</DistanceMeters>
            <HeartRateBpm>
              <Value>76</Value>
            </HeartRateBpm>
            <Extensions>
              <ns3:TPX>
                <ns3:Speed>0.0</ns3:Speed>
                <ns3:RunCadence>0</ns3:RunCadence>
              </ns3:TPX>
            </Extensions>
          </Trackpoint>
          <Trackpoint>
            <Time>2022-10-17T19:04:55.000Z</Time>
            <Position>
              <LatitudeDegrees>-33.40375531464815</LatitudeDegrees>
              <LongitudeDegrees>-70.53878632374108</LongitudeDegrees>
            </Position>
            <AltitudeMeters>749.7999877929688</AltitudeMeters>
            <DistanceMeters>10346.2197265625</DistanceMeters>
            <HeartRateBpm>
              <Value>80</Value>
            </HeartRateBpm>
            <Extensions>
              <ns3:TPX>
                <ns3:Speed>0.0</ns3:Speed>
                <ns3:RunCadence>0</ns3:RunCadence>
              </ns3:TPX>
            </Extensions>
          </Trackpoint>
          <Trackpoint>
            <Time>2022-10-17T19:04:56.000Z</Time>
            <Position>
              <LatitudeDegrees>-33.403755063191056</LatitudeDegrees>
              <LongitudeDegrees>-70.53878456354141</LongitudeDegrees>
            </Position>
            <AltitudeMeters>749.7999877929688</AltitudeMeters>
            <DistanceMeters>10346.23046875</DistanceMeters>
            <HeartRateBpm>
              <Value>83</Value>
            </HeartRateBpm>
            <Extensions>
              <ns3:TPX>
                <ns3:Speed>0.0</ns3:Speed>
                <ns3:RunCadence>0</ns3:RunCadence>
              </ns3:TPX>
            </Extensions>
          </Trackpoint>
          <Trackpoint>
            <Time>2022-10-17T19:04:58.000Z</Time>
            <Position>
              <LatitudeDegrees>-33.40375657193363</LatitudeDegrees>
              <LongitudeDegrees>-70.53878330625594</LongitudeDegrees>
            </Position>
            <AltitudeMeters>750.0</AltitudeMeters>
            <DistanceMeters>10346.23046875</DistanceMeters>
            <HeartRateBpm>
              <Value>88</Value>
            </HeartRateBpm>
            <Extensions>
              <ns3:TPX>
                <ns3:Speed>0.0</ns3:Speed>
                <ns3:RunCadence>0</ns3:RunCadence>
              </ns3:TPX>
            </Extensions>
          </Trackpoint>
          <Trackpoint>
            <Time>2022-10-17T19:04:59.000Z</Time>
            <Position>
              <LatitudeDegrees>-33.403758415952325</LatitudeDegrees>
              <LongitudeDegrees>-70.53878154605627</LongitudeDegrees>
            </Position>
            <AltitudeMeters>750.0</AltitudeMeters>
            <DistanceMeters>10346.48046875</DistanceMeters>
            <HeartRateBpm>
              <Value>88</Value>
            </HeartRateBpm>
            <Extensions>
              <ns3:TPX>
                <ns3:Speed>0.0</ns3:Speed>
                <ns3:RunCadence>0</ns3:RunCadence>
              </ns3:TPX>
            </Extensions>
          </Trackpoint>
          <Trackpoint>
            <Time>2022-10-17T19:05:00.000Z</Time>
            <Position>
              <LatitudeDegrees>-33.403760343790054</LatitudeDegrees>
              <LongitudeDegrees>-70.53878070786595</LongitudeDegrees>
            </Position>
            <AltitudeMeters>750.0</AltitudeMeters>
            <DistanceMeters>10346.6201171875</DistanceMeters>
            <HeartRateBpm>
              <Value>91</Value>
            </HeartRateBpm>
            <Extensions>
              <ns3:TPX>
                <ns3:Speed>0.0</ns3:Speed>
                <ns3:RunCadence>0</ns3:RunCadence>
              </ns3:TPX>
            </Extensions>
          </Trackpoint>
          <Trackpoint>
            <Time>2022-10-17T19:05:07.000Z</Time>
            <Position>
              <LatitudeDegrees>-33.40376403182745</LatitudeDegrees>
              <LongitudeDegrees>-70.53878456354141</LongitudeDegrees>
            </Position>
            <AltitudeMeters>749.7999877929688</AltitudeMeters>
            <DistanceMeters>10347.259765625</DistanceMeters>
            <HeartRateBpm>
              <Value>86</Value>
            </HeartRateBpm>
            <Extensions>
              <ns3:TPX>
                <ns3:Speed>0.0</ns3:Speed>
                <ns3:RunCadence>60</ns3:RunCadence>
              </ns3:TPX>
            </Extensions>
          </Trackpoint>
          <Trackpoint>
            <Time>2022-10-17T19:05:08.000Z</Time>
            <Position>
              <LatitudeDegrees>-33.40376176871359</LatitudeDegrees>
              <LongitudeDegrees>-70.53879110142589</LongitudeDegrees>
            </Position>
            <AltitudeMeters>749.7999877929688</AltitudeMeters>
            <DistanceMeters>10347.919921875</DistanceMeters>
            <HeartRateBpm>
              <Value>86</Value>
            </HeartRateBpm>
            <Extensions>
              <ns3:TPX>
                <ns3:Speed>0.0</ns3:Speed>
                <ns3:RunCadence>60</ns3:RunCadence>
              </ns3:TPX>
            </Extensions>
          </Trackpoint>
          <Trackpoint>
            <Time>2022-10-17T19:05:15.000Z</Time>
            <Position>
              <LatitudeDegrees>-33.40367359109223</LatitudeDegrees>
              <LongitudeDegrees>-70.53893719799817</LongitudeDegrees>
            </Position>
            <AltitudeMeters>749.2000122070312</AltitudeMeters>
            <DistanceMeters>10364.740234375</DistanceMeters>
            <HeartRateBpm>
              <Value>89</Value>
            </HeartRateBpm>
            <Extensions>
              <ns3:TPX>
                <ns3:Speed>1.7640000581741333</ns3:Speed>
                <ns3:RunCadence>78</ns3:RunCadence>
              </ns3:TPX>
            </Extensions>
          </Trackpoint>
          <Trackpoint>
            <Time>2022-10-17T19:05:17.000Z</Time>
            <Position>
              <LatitudeDegrees>-33.403621120378375</LatitudeDegrees>
              <LongitudeDegrees>-70.53898681886494</LongitudeDegrees>
            </Position>
            <AltitudeMeters>749.0</AltitudeMeters>
            <DistanceMeters>10372.169921875</DistanceMeters>
            <HeartRateBpm>
              <Value>92</Value>
            </HeartRateBpm>
            <Extensions>
              <ns3:TPX>
                <ns3:Speed>3.1540000438690186</ns3:Speed>
                <ns3:RunCadence>79</ns3:RunCadence>
              </ns3:TPX>
            </Extensions>
          </Trackpoint>
          <Trackpoint>
            <Time>2022-10-17T19:05:22.000Z</Time>
            <Position>
              <LatitudeDegrees>-33.40347183868289</LatitudeDegrees>
              <LongitudeDegrees>-70.53907114081085</LongitudeDegrees>
            </Position>
            <AltitudeMeters>748.7999877929688</AltitudeMeters>
            <DistanceMeters>10390.509765625</DistanceMeters>
            <HeartRateBpm>
              <Value>95</Value>
            </HeartRateBpm>
            <Extensions>
              <ns3:TPX>
                <ns3:Speed>3.759999990463257</ns3:Speed>
                <ns3:RunCadence>84</ns3:RunCadence>
              </ns3:TPX>
            </Extensions>
          </Trackpoint>
          <Trackpoint>
            <Time>2022-10-17T19:05:24.000Z</Time>
            <Position>
              <LatitudeDegrees>-33.403413416817784</LatitudeDegrees>
              <LongitudeDegrees>-70.53909544833004</LongitudeDegrees>
            </Position>
            <AltitudeMeters>749.2000122070312</AltitudeMeters>
            <DistanceMeters>10397.3701171875</DistanceMeters>
            <HeartRateBpm>
              <Value>98</Value>
            </HeartRateBpm>
            <Extensions>
              <ns3:TPX>
                <ns3:Speed>3.4149999618530273</ns3:Speed>
                <ns3:RunCadence>84</ns3:RunCadence>
              </ns3:TPX>
            </Extensions>
          </Trackpoint>
          <Trackpoint>
            <Time>2022-10-17T19:05:25.000Z</Time>
            <Position>
              <LatitudeDegrees>-33.40338475070894</LatitudeDegrees>
              <LongitudeDegrees>-70.53910869173706</LongitudeDegrees>
            </Position>
            <AltitudeMeters>749.2000122070312</AltitudeMeters>
            <DistanceMeters>10400.7802734375</DistanceMeters>
            <HeartRateBpm>
              <Value>104</Value>
            </HeartRateBpm>
            <Extensions>
              <ns3:TPX>
                <ns3:Speed>3.4149999618530273</ns3:Speed>
                <ns3:RunCadence>85</ns3:RunCadence>
              </ns3:TPX>
            </Extensions>
          </Trackpoint>
          <Trackpoint>
            <Time>2022-10-17T19:05:29.000Z</Time>
            <Position>
              <LatitudeDegrees>-33.40327343903482</LatitudeDegrees>
              <LongitudeDegrees>-70.53916761651635</LongitudeDegrees>
            </Position>
            <AltitudeMeters>749.5999755859375</AltitudeMeters>
            <DistanceMeters>10414.2802734375</DistanceMeters>
            <HeartRateBpm>
              <Value>107</Value>
            </HeartRateBpm>
            <Extensions>
              <ns3:TPX>
                <ns3:Speed>3.3399999141693115</ns3:Speed>
                <ns3:RunCadence>86</ns3:RunCadence>
              </ns3:TPX>
            </Extensions>
          </Trackpoint>
          <Trackpoint>
            <Time>2022-10-17T19:05:30.000Z</Time>
            <Position>
              <LatitudeDegrees>-33.403245862573385</LatitudeDegrees>
              <LongitudeDegrees>-70.53918614052236</LongitudeDegrees>
            </Position>
            <AltitudeMeters>749.5999755859375</AltitudeMeters>
            <DistanceMeters>10417.7802734375</DistanceMeters>
            <HeartRateBpm>
              <Value>112</Value>
            </HeartRateBpm>
            <Extensions>
              <ns3:TPX>
                <ns3:Speed>3.3399999141693115</ns3:Speed>
                <ns3:RunCadence>86</ns3:RunCadence>
              </ns3:TPX>
            </Extensions>
          </Trackpoint>
          <Trackpoint>
            <Time>2022-10-17T19:05:31.000Z</Time>
            <Position>
              <LatitudeDegrees>-33.40321694500744</LatitudeDegrees>
              <LongitudeDegrees>-70.53920743055642</LongitudeDegrees>
            </Position>
            <AltitudeMeters>749.7999877929688</AltitudeMeters>
            <DistanceMeters>10421.5595703125</DistanceMeters>
            <HeartRateBpm>
              <Value>112</Value>
            </HeartRateBpm>
            <Extensions>
              <ns3:TPX>
                <ns3:Speed>3.3399999141693115</ns3:Speed>
                <ns3:RunCadence>86</ns3:RunCadence>
              </ns3:TPX>
            </Extensions>
          </Trackpoint>
          <Trackpoint>
            <Time>2022-10-17T19:05:34.000Z</Time>
            <Position>
              <LatitudeDegrees>-33.4031277615577</LatitudeDegrees>
              <LongitudeDegrees>-70.53926057182252</LongitudeDegrees>
            </Position>
            <AltitudeMeters>750.0</AltitudeMeters>
            <DistanceMeters>10432.6201171875</DistanceMeters>
            <HeartRateBpm>
              <Value>115</Value>
            </HeartRateBpm>
            <Extensions>
              <ns3:TPX>
                <ns3:Speed>3.3399999141693115</ns3:Speed>
                <ns3:RunCadence>84</ns3:RunCadence>
              </ns3:TPX>
            </Extensions>
          </Trackpoint>
          <Trackpoint>
            <Time>2022-10-17T19:05:39.000Z</Time>
            <Position>
              <LatitudeDegrees>-33.40298091061413</LatitudeDegrees>
              <LongitudeDegrees>-70.53933190181851</LongitudeDegrees>
            </Position>
            <AltitudeMeters>750.0</AltitudeMeters>
            <DistanceMeters>10450.2001953125</DistanceMeters>
            <HeartRateBpm>
              <Value>118</Value>
            </HeartRateBpm>
            <Extensions>
              <ns3:TPX>
                <ns3:Speed>3.368000030517578</ns3:Speed>
                <ns3:RunCadence>84</ns3:RunCadence>
              </ns3:TPX>
            </Extensions>
          </Trackpoint>
          <Trackpoint>
            <Time>2022-10-17T19:05:42.000Z</Time>
            <Position>
              <LatitudeDegrees>-33.402891056612134</LatitudeDegrees>
              <LongitudeDegrees>-70.53937708027661</LongitudeDegrees>
            </Position>
            <AltitudeMeters>749.7999877929688</AltitudeMeters>
            <DistanceMeters>10459.3798828125</DistanceMeters>
            <HeartRateBpm>
              <Value>122</Value>
            </HeartRateBpm>
            <Extensions>
              <ns3:TPX>
                <ns3:Speed>2.7709999084472656</ns3:Speed>
                <ns3:RunCadence>86</ns3:RunCadence>
              </ns3:TPX>
            </Extensions>
          </Trackpoint>
          <Trackpoint>
            <Time>2022-10-17T19:05:46.000Z</Time>
            <Position>
              <LatitudeDegrees>-33.40278527699411</LatitudeDegrees>
              <LongitudeDegrees>-70.53943064063787</LongitudeDegrees>
            </Position>
            <AltitudeMeters>749.5999755859375</AltitudeMeters>
            <DistanceMeters>10471.48046875</DistanceMeters>
            <HeartRateBpm>
              <Value>125</Value>
            </HeartRateBpm>
            <Extensions>
              <ns3:TPX>
                <ns3:Speed>3.378000020980835</ns3:Speed>
                <ns3:RunCadence>86</ns3:RunCadence>
              </ns3:TPX>
            </Extensions>
          </Trackpoint>
          <Trackpoint>
            <Time>2022-10-17T19:05:52.000Z</Time>
            <Position>
              <LatitudeDegrees>-33.40261956676841</LatitudeDegrees>
              <LongitudeDegrees>-70.53951856680214</LongitudeDegrees>
            </Position>
            <AltitudeMeters>749.5999755859375</AltitudeMeters>
            <DistanceMeters>10491.5703125</DistanceMeters>
            <HeartRateBpm>
              <Value>127</Value>
            </HeartRateBpm>
            <Extensions>
              <ns3:TPX>
                <ns3:Speed>3.3499999046325684</ns3:Speed>
                <ns3:RunCadence>87</ns3:RunCadence>
              </ns3:TPX>
            </Extensions>
          </Trackpoint>
          <Trackpoint>
            <Time>2022-10-17T19:05:58.000Z</Time>
            <Position>
              <LatitudeDegrees>-33.40244681574404</LatitudeDegrees>
              <LongitudeDegrees>-70.53960590623319</LongitudeDegrees>
            </Position>
            <AltitudeMeters>749.4000244140625</AltitudeMeters>
            <DistanceMeters>10512.3603515625</DistanceMeters>
            <HeartRateBpm>
              <Value>127</Value>
            </HeartRateBpm>
            <Extensions>
              <ns3:TPX>
                <ns3:Speed>3.3399999141693115</ns3:Speed>
                <ns3:RunCadence>85</ns3:RunCadence>
              </ns3:TPX>
            </Extensions>
          </Trackpoint>
          <Trackpoint>
            <Time>2022-10-17T19:06:04.000Z</Time>
            <Position>
              <LatitudeDegrees>-33.402274483814836</LatitudeDegrees>
              <LongitudeDegrees>-70.53967505693436</LongitudeDegrees>
            </Position>
            <AltitudeMeters>748.4000244140625</AltitudeMeters>
            <DistanceMeters>10532.490234375</DistanceMeters>
            <HeartRateBpm>
              <Value>127</Value>
            </HeartRateBpm>
            <Extensions>
              <ns3:TPX>
                <ns3:Speed>3.3399999141693115</ns3:Speed>
                <ns3:RunCadence>85</ns3:RunCadence>
              </ns3:TPX>
            </Extensions>
          </Trackpoint>
          <Trackpoint>
            <Time>2022-10-17T19:06:10.000Z</Time>
            <Position>
              <LatitudeDegrees>-33.402103995904326</LatitudeDegrees>
              <LongitudeDegrees>-70.5397452134639</LongitudeDegrees>
            </Position>
            <AltitudeMeters>748.2000122070312</AltitudeMeters>
            <DistanceMeters>10552.509765625</DistanceMeters>
            <HeartRateBpm>
              <Value>129</Value>
            </HeartRateBpm>
            <Extensions>
              <ns3:TPX>
                <ns3:Speed>3.3499999046325684</ns3:Speed>
                <ns3:RunCadence>87</ns3:RunCadence>
              </ns3:TPX>
            </Extensions>
          </Trackpoint>
          <Trackpoint>
            <Time>2022-10-17T19:06:16.000Z</Time>
            <Position>
              <LatitudeDegrees>-33.40192973613739</LatitudeDegrees>
              <LongitudeDegrees>-70.53980346769094</LongitudeDegrees>
            </Position>
            <AltitudeMeters>748.0</AltitudeMeters>
            <DistanceMeters>10572.6904296875</DistanceMeters>
            <HeartRateBpm>
              <Value>131</Value>
            </HeartRateBpm>
            <Extensions>
              <ns3:TPX>
                <ns3:Speed>3.3399999141693115</ns3:Speed>
                <ns3:RunCadence>86</ns3:RunCadence>
              </ns3:TPX>
            </Extensions>
          </Trackpoint>
          <Trackpoint>
            <Time>2022-10-17T19:06:22.000Z</Time>
            <Position>
              <LatitudeDegrees>-33.40175589546561</LatitudeDegrees>
              <LongitudeDegrees>-70.53986457176507</LongitudeDegrees>
            </Position>
            <AltitudeMeters>747.5999755859375</AltitudeMeters>
            <DistanceMeters>10592.83984375</DistanceMeters>
            <HeartRateBpm>
              <Value>130</Value>
            </HeartRateBpm>
            <Extensions>
              <ns3:TPX>
                <ns3:Speed>3.322000026702881</ns3:Speed>
                <ns3:RunCadence>86</ns3:RunCadence>
              </ns3:TPX>
            </Extensions>
          </Trackpoint>
          <Trackpoint>
            <Time>2022-10-17T19:06:28.000Z</Time>
            <Position>
              <LatitudeDegrees>-33.40156797319651</LatitudeDegrees>
              <LongitudeDegrees>-70.539893489331</LongitudeDegrees>
            </Position>
            <AltitudeMeters>747.4000244140625</AltitudeMeters>
            <DistanceMeters>10613.8798828125</DistanceMeters>
            <HeartRateBpm>
              <Value>131</Value>
            </HeartRateBpm>
            <Extensions>
              <ns3:TPX>
                <ns3:Speed>3.322000026702881</ns3:Speed>
                <ns3:RunCadence>84</ns3:RunCadence>
              </ns3:TPX>
            </Extensions>
          </Trackpoint>
          <Trackpoint>
            <Time>2022-10-17T19:06:34.000Z</Time>
            <Position>
              <LatitudeDegrees>-33.40138583444059</LatitudeDegrees>
              <LongitudeDegrees>-70.53992634639144</LongitudeDegrees>
            </Position>
            <AltitudeMeters>747.2000122070312</AltitudeMeters>
            <DistanceMeters>10634.3701171875</DistanceMeters>
            <HeartRateBpm>
              <Value>129</Value>
            </HeartRateBpm>
            <Extensions>
              <ns3:TPX>
                <ns3:Speed>3.3310000896453857</ns3:Speed>
                <ns3:RunCadence>81</ns3:RunCadence>
              </ns3:TPX>
            </Extensions>
          </Trackpoint>
          <Trackpoint>
            <Time>2022-10-17T19:06:40.000Z</Time>
            <Position>
              <LatitudeDegrees>-33.401196487247944</LatitudeDegrees>
              <LongitudeDegrees>-70.53993648849428</LongitudeDegrees>
            </Position>
            <AltitudeMeters>747.2000122070312</AltitudeMeters>
            <DistanceMeters>10655.349609375</DistanceMeters>
            <HeartRateBpm>
              <Value>130</Value>
            </HeartRateBpm>
            <Extensions>
              <ns3:TPX>
                <ns3:Speed>3.3499999046325684</ns3:Speed>
                <ns3:RunCadence>82</ns3:RunCadence>
              </ns3:TPX>
            </Extensions>
          </Trackpoint>
          <Trackpoint>
            <Time>2022-10-17T19:06:47.000Z</Time>
            <Position>
              <LatitudeDegrees>-33.40098819695413</LatitudeDegrees>
              <LongitudeDegrees>-70.53994637914002</LongitudeDegrees>
            </Position>
            <AltitudeMeters>747.4000244140625</AltitudeMeters>
            <DistanceMeters>10678.490234375</DistanceMeters>
            <HeartRateBpm>
              <Value>133</Value>
            </HeartRateBpm>
            <Extensions>
              <ns3:TPX>
                <ns3:Speed>3.3589999675750732</ns3:Speed>
                <ns3:RunCadence>81</ns3:RunCadence>
              </ns3:TPX>
            </Extensions>
          </Trackpoint>
          <Trackpoint>
            <Time>2022-10-17T19:06:51.000Z</Time>
            <Position>
              <LatitudeDegrees>-33.40087730437517</LatitudeDegrees>
              <LongitudeDegrees>-70.53998049348593</LongitudeDegrees>
            </Position>
            <AltitudeMeters>747.0</AltitudeMeters>
            <DistanceMeters>10689.91015625</DistanceMeters>
            <HeartRateBpm>
              <Value>130</Value>
            </HeartRateBpm>
            <Extensions>
              <ns3:TPX>
                <ns3:Speed>2.9210000038146973</ns3:Speed>
                <ns3:RunCadence>85</ns3:RunCadence>
              </ns3:TPX>
            </Extensions>
          </Trackpoint>
          <Trackpoint>
            <Time>2022-10-17T19:06:57.000Z</Time>
            <Position>
              <LatitudeDegrees>-33.4006929025054</LatitudeDegrees>
              <LongitudeDegrees>-70.54001066833735</LongitudeDegrees>
            </Position>
            <AltitudeMeters>746.5999755859375</AltitudeMeters>
            <DistanceMeters>10710.58984375</DistanceMeters>
            <HeartRateBpm>
              <Value>128</Value>
            </HeartRateBpm>
            <Extensions>
              <ns3:TPX>
                <ns3:Speed>3.3310000896453857</ns3:Speed>
                <ns3:RunCadence>83</ns3:RunCadence>
              </ns3:TPX>
            </Extensions>
          </Trackpoint>
          <Trackpoint>
            <Time>2022-10-17T19:07:04.000Z</Time>
            <Position>
              <LatitudeDegrees>-33.40048595331609</LatitudeDegrees>
              <LongitudeDegrees>-70.54000865668058</LongitudeDegrees>
            </Position>
            <AltitudeMeters>746.5999755859375</AltitudeMeters>
            <DistanceMeters>10733.5302734375</DistanceMeters>
            <HeartRateBpm>
              <Value>127</Value>
            </HeartRateBpm>
            <Extensions>
              <ns3:TPX>
                <ns3:Speed>3.3310000896453857</ns3:Speed>
                <ns3:RunCadence>84</ns3:RunCadence>
              </ns3:TPX>
            </Extensions>
          </Trackpoint>
          <Trackpoint>
            <Time>2022-10-17T19:07:11.000Z</Time>
            <Position>
              <LatitudeDegrees>-33.40028453618288</LatitudeDegrees>
              <LongitudeDegrees>-70.54001284763217</LongitudeDegrees>
            </Position>
            <AltitudeMeters>746.7999877929688</AltitudeMeters>
            <DistanceMeters>10755.8798828125</DistanceMeters>
            <HeartRateBpm>
              <Value>126</Value>
            </HeartRateBpm>
            <Extensions>
              <ns3:TPX>
                <ns3:Speed>3.2939999103546143</ns3:Speed>
                <ns3:RunCadence>84</ns3:RunCadence>
              </ns3:TPX>
            </Extensions>
          </Trackpoint>
          <Trackpoint>
            <Time>2022-10-17T19:07:18.000Z</Time>
            <Position>
              <LatitudeDegrees>-33.40007591061294</LatitudeDegrees>
              <LongitudeDegrees>-70.54002684541047</LongitudeDegrees>
            </Position>
            <AltitudeMeters>746.7999877929688</AltitudeMeters>
            <DistanceMeters>10779.0595703125</DistanceMeters>
            <HeartRateBpm>
              <Value>127</Value>
            </HeartRateBpm>
            <Extensions>
              <ns3:TPX>
                <ns3:Speed>3.246999979019165</ns3:Speed>
                <ns3:RunCadence>85</ns3:RunCadence>
              </ns3:TPX>
            </Extensions>
          </Trackpoint>
          <Trackpoint>
            <Time>2022-10-17T19:07:25.000Z</Time>
            <Position>
              <LatitudeDegrees>-33.39987306855619</LatitudeDegrees>
              <LongitudeDegrees>-70.54002927616239</LongitudeDegrees>
            </Position>
            <AltitudeMeters>746.7999877929688</AltitudeMeters>
            <DistanceMeters>10801.5703125</DistanceMeters>
            <HeartRateBpm>
              <Value>128</Value>
            </HeartRateBpm>
            <Extensions>
              <ns3:TPX>
                <ns3:Speed>3.2279999256134033</ns3:Speed>
                <ns3:RunCadence>85</ns3:RunCadence>
              </ns3:TPX>
            </Extensions>
          </Trackpoint>
          <Trackpoint>
            <Time>2022-10-17T19:07:32.000Z</Time>
            <Position>
              <LatitudeDegrees>-33.39966787956655</LatitudeDegrees>
              <LongitudeDegrees>-70.54003614932299</LongitudeDegrees>
            </Position>
            <AltitudeMeters>746.5999755859375</AltitudeMeters>
            <DistanceMeters>10824.33984375</DistanceMeters>
            <HeartRateBpm>
              <Value>130</Value>
            </HeartRateBpm>
            <Extensions>
              <ns3:TPX>
                <ns3:Speed>3.2100000381469727</ns3:Speed>
                <ns3:RunCadence>84</ns3:RunCadence>
              </ns3:TPX>
            </Extensions>
          </Trackpoint>
          <Trackpoint>
            <Time>2022-10-17T19:07:39.000Z</Time>
            <Position>
              <LatitudeDegrees>-33.39946897700429</LatitudeDegrees>
              <LongitudeDegrees>-70.5400454532355</LongitudeDegrees>
            </Position>
            <AltitudeMeters>746.5999755859375</AltitudeMeters>
            <DistanceMeters>10846.419921875</DistanceMeters>
            <HeartRateBpm>
              <Value>131</Value>
            </HeartRateBpm>
            <Extensions>
              <ns3:TPX>
                <ns3:Speed>3.200000047683716</ns3:Speed>
                <ns3:RunCadence>85</ns3:RunCadence>
              </ns3:TPX>
            </Extensions>
          </Trackpoint>
          <Trackpoint>
            <Time>2022-10-17T19:07:46.000Z</Time>
            <Position>
              <LatitudeDegrees>-33.399278204888105</LatitudeDegrees>
              <LongitudeDegrees>-70.54002868942916</LongitudeDegrees>
            </Position>
            <AltitudeMeters>746.5999755859375</AltitudeMeters>
            <DistanceMeters>10867.6904296875</DistanceMeters>
            <HeartRateBpm>
              <Value>132</Value>
            </HeartRateBpm>
            <Extensions>
              <ns3:TPX>
                <ns3:Speed>3.171999931335449</ns3:Speed>
                <ns3:RunCadence>80</ns3:RunCadence>
              </ns3:TPX>
            </Extensions>
          </Trackpoint>
          <Trackpoint>
            <Time>2022-10-17T19:07:53.000Z</Time>
            <Position>
              <LatitudeDegrees>-33.39908089488745</LatitudeDegrees>
              <LongitudeDegrees>-70.54004235193133</LongitudeDegrees>
            </Position>
            <AltitudeMeters>746.2000122070312</AltitudeMeters>
            <DistanceMeters>10889.4697265625</DistanceMeters>
            <HeartRateBpm>
              <Value>131</Value>
            </HeartRateBpm>
            <Extensions>
              <ns3:TPX>
                <ns3:Speed>2.7899999618530273</ns3:Speed>
                <ns3:RunCadence>84</ns3:RunCadence>
              </ns3:TPX>
            </Extensions>
          </Trackpoint>
          <Trackpoint>
            <Time>2022-10-17T19:08:01.000Z</Time>
            <Position>
              <LatitudeDegrees>-33.39886053465307</LatitudeDegrees>
              <LongitudeDegrees>-70.54003438912332</LongitudeDegrees>
            </Position>
            <AltitudeMeters>746.2000122070312</AltitudeMeters>
            <DistanceMeters>10911.349609375</DistanceMeters>
            <HeartRateBpm>
              <Value>129</Value>
            </HeartRateBpm>
            <Extensions>
              <ns3:TPX>
                <ns3:Speed>2.7149999141693115</ns3:Speed>
                <ns3:RunCadence>80</ns3:RunCadence>
              </ns3:TPX>
            </Extensions>
          </Trackpoint>
          <Trackpoint>
            <Time>2022-10-17T19:08:07.000Z</Time>
            <Position>
              <LatitudeDegrees>-33.39869113638997</LatitudeDegrees>
              <LongitudeDegrees>-70.54003120400012</LongitudeDegrees>
            </Position>
            <AltitudeMeters>746.5999755859375</AltitudeMeters>
            <DistanceMeters>10930.1396484375</DistanceMeters>
            <HeartRateBpm>
              <Value>132</Value>
            </HeartRateBpm>
            <Extensions>
              <ns3:TPX>
                <ns3:Speed>3.125999927520752</ns3:Speed>
                <ns3:RunCadence>85</ns3:RunCadence>
              </ns3:TPX>
            </Extensions>
          </Trackpoint>
          <Trackpoint>
            <Time>2022-10-17T19:08:14.000Z</Time>
            <Position>
              <LatitudeDegrees>-33.39849952608347</LatitudeDegrees>
              <LongitudeDegrees>-70.54002265445888</LongitudeDegrees>
            </Position>
            <AltitudeMeters>747.4000244140625</AltitudeMeters>
            <DistanceMeters>10951.400390625</DistanceMeters>
            <HeartRateBpm>
              <Value>133</Value>
            </HeartRateBpm>
            <Extensions>
              <ns3:TPX>
                <ns3:Speed>3.125999927520752</ns3:Speed>
                <ns3:RunCadence>84</ns3:RunCadence>
              </ns3:TPX>
            </Extensions>
          </Trackpoint>
          <Trackpoint>
            <Time>2022-10-17T19:08:21.000Z</Time>
            <Position>
              <LatitudeDegrees>-33.39830514974892</LatitudeDegrees>
              <LongitudeDegrees>-70.54002030752599</LongitudeDegrees>
            </Position>
            <AltitudeMeters>748.2000122070312</AltitudeMeters>
            <DistanceMeters>10972.9501953125</DistanceMeters>
            <HeartRateBpm>
              <Value>133</Value>
            </HeartRateBpm>
            <Extensions>
              <ns3:TPX>
                <ns3:Speed>3.1070001125335693</ns3:Speed>
                <ns3:RunCadence>83</ns3:RunCadence>
              </ns3:TPX>
            </Extensions>
          </Trackpoint>
          <Trackpoint>
            <Time>2022-10-17T19:08:28.000Z</Time>
            <Position>
              <LatitudeDegrees>-33.39811052195728</LatitudeDegrees>
              <LongitudeDegrees>-70.54001184180379</LongitudeDegrees>
            </Position>
            <AltitudeMeters>749.0</AltitudeMeters>
            <DistanceMeters>10994.5400390625</DistanceMeters>
            <HeartRateBpm>
              <Value>132</Value>
            </HeartRateBpm>
            <Extensions>
              <ns3:TPX>
                <ns3:Speed>3.1070001125335693</ns3:Speed>
                <ns3:RunCadence>85</ns3:RunCadence>
              </ns3:TPX>
            </Extensions>
          </Trackpoint>
          <Trackpoint>
            <Time>2022-10-17T19:08:35.000Z</Time>
            <Position>
              <LatitudeDegrees>-33.397919246926904</LatitudeDegrees>
              <LongitudeDegrees>-70.53999524563551</LongitudeDegrees>
            </Position>
            <AltitudeMeters>749.7999877929688</AltitudeMeters>
            <DistanceMeters>11015.7998046875</DistanceMeters>
            <HeartRateBpm>
              <Value>131</Value>
            </HeartRateBpm>
            <Extensions>
              <ns3:TPX>
                <ns3:Speed>3.0980000495910645</ns3:Speed>
                <ns3:RunCadence>84</ns3:RunCadence>
              </ns3:TPX>
            </Extensions>
          </Trackpoint>
          <Trackpoint>
            <Time>2022-10-17T19:08:42.000Z</Time>
            <Position>
              <LatitudeDegrees>-33.39772277511656</LatitudeDegrees>
              <LongitudeDegrees>-70.53998636081815</LongitudeDegrees>
            </Position>
            <AltitudeMeters>750.4000244140625</AltitudeMeters>
            <DistanceMeters>11037.7001953125</DistanceMeters>
            <HeartRateBpm>
              <Value>131</Value>
            </HeartRateBpm>
            <Extensions>
              <ns3:TPX>
                <ns3:Speed>3.0880000591278076</ns3:Speed>
                <ns3:RunCadence>84</ns3:RunCadence>
              </ns3:TPX>
            </Extensions>
          </Trackpoint>
          <Trackpoint>
            <Time>2022-10-17T19:08:49.000Z</Time>
            <Position>
              <LatitudeDegrees>-33.39752898551524</LatitudeDegrees>
              <LongitudeDegrees>-70.53996909409761</LongitudeDegrees>
            </Position>
            <AltitudeMeters>751.0</AltitudeMeters>
            <DistanceMeters>11059.259765625</DistanceMeters>
            <HeartRateBpm>
              <Value>131</Value>
            </HeartRateBpm>
            <Extensions>
              <ns3:TPX>
                <ns3:Speed>3.0880000591278076</ns3:Speed>
                <ns3:RunCadence>85</ns3:RunCadence>
              </ns3:TPX>
            </Extensions>
          </Trackpoint>
          <Trackpoint>
            <Time>2022-10-17T19:08:56.000Z</Time>
            <Position>
              <LatitudeDegrees>-33.39734005741775</LatitudeDegrees>
              <LongitudeDegrees>-70.53996012546122</LongitudeDegrees>
            </Position>
            <AltitudeMeters>751.4000244140625</AltitudeMeters>
            <DistanceMeters>11079.419921875</DistanceMeters>
            <HeartRateBpm>
              <Value>132</Value>
            </HeartRateBpm>
            <Extensions>
              <ns3:TPX>
                <ns3:Speed>3.0980000495910645</ns3:Speed>
                <ns3:RunCadence>82</ns3:RunCadence>
              </ns3:TPX>
            </Extensions>
          </Trackpoint>
          <Trackpoint>
            <Time>2022-10-17T19:09:03.000Z</Time>
            <Position>
              <LatitudeDegrees>-33.39715540409088</LatitudeDegrees>
              <LongitudeDegrees>-70.53996020928025</LongitudeDegrees>
            </Position>
            <AltitudeMeters>751.5999755859375</AltitudeMeters>
            <DistanceMeters>11099.9697265625</DistanceMeters>
            <HeartRateBpm>
              <Value>132</Value>
            </HeartRateBpm>
            <Extensions>
              <ns3:TPX>
                <ns3:Speed>3.0880000591278076</ns3:Speed>
                <ns3:RunCadence>84</ns3:RunCadence>
              </ns3:TPX>
            </Extensions>
          </Trackpoint>
          <Trackpoint>
            <Time>2022-10-17T19:09:10.000Z</Time>
            <Position>
              <LatitudeDegrees>-33.396962536498904</LatitudeDegrees>
              <LongitudeDegrees>-70.53995333611965</LongitudeDegrees>
            </Position>
            <AltitudeMeters>751.7999877929688</AltitudeMeters>
            <DistanceMeters>11121.3896484375</DistanceMeters>
            <HeartRateBpm>
              <Value>132</Value>
            </HeartRateBpm>
            <Extensions>
              <ns3:TPX>
                <ns3:Speed>3.0789999961853027</ns3:Speed>
                <ns3:RunCadence>83</ns3:RunCadence>
              </ns3:TPX>
            </Extensions>
          </Trackpoint>
          <Trackpoint>
            <Time>2022-10-17T19:09:17.000Z</Time>
            <Position>
              <LatitudeDegrees>-33.39675324037671</LatitudeDegrees>
              <LongitudeDegrees>-70.53996859118342</LongitudeDegrees>
            </Position>
            <AltitudeMeters>751.7999877929688</AltitudeMeters>
            <DistanceMeters>11144.7197265625</DistanceMeters>
            <HeartRateBpm>
              <Value>132</Value>
            </HeartRateBpm>
            <Extensions>
              <ns3:TPX>
                <ns3:Speed>3.069999933242798</ns3:Speed>
                <ns3:RunCadence>85</ns3:RunCadence>
              </ns3:TPX>
            </Extensions>
          </Trackpoint>
          <Trackpoint>
            <Time>2022-10-17T19:09:23.000Z</Time>
            <Position>
              <LatitudeDegrees>-33.39657034724951</LatitudeDegrees>
              <LongitudeDegrees>-70.53997730836272</LongitudeDegrees>
            </Position>
            <AltitudeMeters>751.5999755859375</AltitudeMeters>
            <DistanceMeters>11165.009765625</DistanceMeters>
            <HeartRateBpm>
              <Value>132</Value>
            </HeartRateBpm>
            <Extensions>
              <ns3:TPX>
                <ns3:Speed>3.0789999961853027</ns3:Speed>
                <ns3:RunCadence>86</ns3:RunCadence>
              </ns3:TPX>
            </Extensions>
          </Trackpoint>
          <Trackpoint>
            <Time>2022-10-17T19:09:30.000Z</Time>
            <Position>
              <LatitudeDegrees>-33.39636633172631</LatitudeDegrees>
              <LongitudeDegrees>-70.53998954594135</LongitudeDegrees>
            </Position>
            <AltitudeMeters>751.2000122070312</AltitudeMeters>
            <DistanceMeters>11187.6904296875</DistanceMeters>
            <HeartRateBpm>
              <Value>133</Value>
            </HeartRateBpm>
            <Extensions>
              <ns3:TPX>
                <ns3:Speed>3.0980000495910645</ns3:Speed>
                <ns3:RunCadence>83</ns3:RunCadence>
              </ns3:TPX>
            </Extensions>
          </Trackpoint>
          <Trackpoint>
            <Time>2022-10-17T19:09:37.000Z</Time>
            <Position>
              <LatitudeDegrees>-33.39618788100779</LatitudeDegrees>
              <LongitudeDegrees>-70.54006950929761</LongitudeDegrees>
            </Position>
            <AltitudeMeters>750.5999755859375</AltitudeMeters>
            <DistanceMeters>11208.91015625</DistanceMeters>
            <HeartRateBpm>
              <Value>131</Value>
            </HeartRateBpm>
            <Extensions>
              <ns3:TPX>
                <ns3:Speed>3.1070001125335693</ns3:Speed>
                <ns3:RunCadence>86</ns3:RunCadence>
              </ns3:TPX>
            </Extensions>
          </Trackpoint>
          <Trackpoint>
            <Time>2022-10-17T19:09:45.000Z</Time>
            <Position>
              <LatitudeDegrees>-33.395990654826164</LatitudeDegrees>
              <LongitudeDegrees>-70.5400528293103</LongitudeDegrees>
            </Position>
            <AltitudeMeters>750.7999877929688</AltitudeMeters>
            <DistanceMeters>11230.83984375</DistanceMeters>
            <HeartRateBpm>
              <Value>132</Value>
            </HeartRateBpm>
            <Extensions>
              <ns3:TPX>
                <ns3:Speed>3.0880000591278076</ns3:Speed>
                <ns3:RunCadence>82</ns3:RunCadence>
              </ns3:TPX>
            </Extensions>
          </Trackpoint>
          <Trackpoint>
            <Time>2022-10-17T19:09:51.000Z</Time>
            <Position>
              <LatitudeDegrees>-33.395830476656556</LatitudeDegrees>
              <LongitudeDegrees>-70.54003547877073</LongitudeDegrees>
            </Position>
            <AltitudeMeters>751.5999755859375</AltitudeMeters>
            <DistanceMeters>11248.0595703125</DistanceMeters>
            <HeartRateBpm>
              <Value>135</Value>
            </HeartRateBpm>
            <Extensions>
              <ns3:TPX>
                <ns3:Speed>3.0789999961853027</ns3:Speed>
                <ns3:RunCadence>85</ns3:RunCadence>
              </ns3:TPX>
            </Extensions>
          </Trackpoint>
          <Trackpoint>
            <Time>2022-10-17T19:09:58.000Z</Time>
            <Position>
              <LatitudeDegrees>-33.395632999017835</LatitudeDegrees>
              <LongitudeDegrees>-70.54002089425921</LongitudeDegrees>
            </Position>
            <AltitudeMeters>752.5999755859375</AltitudeMeters>
            <DistanceMeters>11270.0595703125</DistanceMeters>
            <HeartRateBpm>
              <Value>135</Value>
            </HeartRateBpm>
            <Extensions>
              <ns3:TPX>
                <ns3:Speed>3.0510001182556152</ns3:Speed>
                <ns3:RunCadence>83</ns3:RunCadence>
              </ns3:TPX>
            </Extensions>
          </Trackpoint>
          <Trackpoint>
            <Time>2022-10-17T19:10:05.000Z</Time>
            <Position>
              <LatitudeDegrees>-33.395443484187126</LatitudeDegrees>
              <LongitudeDegrees>-70.54000991396606</LongitudeDegrees>
            </Position>
            <AltitudeMeters>753.4000244140625</AltitudeMeters>
            <DistanceMeters>11291.0302734375</DistanceMeters>
            <HeartRateBpm>
              <Value>134</Value>
            </HeartRateBpm>
            <Extensions>
              <ns3:TPX>
                <ns3:Speed>3.0320000648498535</ns3:Speed>
                <ns3:RunCadence>84</ns3:RunCadence>
              </ns3:TPX>
            </Extensions>
          </Trackpoint>
          <Trackpoint>
            <Time>2022-10-17T19:10:12.000Z</Time>
            <Position>
              <LatitudeDegrees>-33.39524759911001</LatitudeDegrees>
              <LongitudeDegrees>-70.53996523842216</LongitudeDegrees>
            </Position>
            <AltitudeMeters>754.0</AltitudeMeters>
            <DistanceMeters>11313.150390625</DistanceMeters>
            <HeartRateBpm>
              <Value>134</Value>
            </HeartRateBpm>
            <Extensions>
              <ns3:TPX>
                <ns3:Speed>3.0320000648498535</ns3:Speed>
                <ns3:RunCadence>85</ns3:RunCadence>
              </ns3:TPX>
            </Extensions>
          </Trackpoint>
          <Trackpoint>
            <Time>2022-10-17T19:10:19.000Z</Time>
            <Position>
              <LatitudeDegrees>-33.395059844478965</LatitudeDegrees>
              <LongitudeDegrees>-70.53991561755538</LongitudeDegrees>
            </Position>
            <AltitudeMeters>754.5999755859375</AltitudeMeters>
            <DistanceMeters>11334.5302734375</DistanceMeters>
            <HeartRateBpm>
              <Value>135</Value>
            </HeartRateBpm>
            <Extensions>
              <ns3:TPX>
                <ns3:Speed>3.0320000648498535</ns3:Speed>
                <ns3:RunCadence>84</ns3:RunCadence>
              </ns3:TPX>
            </Extensions>
          </Trackpoint>
          <Trackpoint>
            <Time>2022-10-17T19:10:26.000Z</Time>
            <Position>
              <LatitudeDegrees>-33.394858511164784</LatitudeDegrees>
              <LongitudeDegrees>-70.53986641578376</LongitudeDegrees>
            </Position>
            <AltitudeMeters>754.7999877929688</AltitudeMeters>
            <DistanceMeters>11357.3095703125</DistanceMeters>
            <HeartRateBpm>
              <Value>134</Value>
            </HeartRateBpm>
            <Extensions>
              <ns3:TPX>
                <ns3:Speed>3.0320000648498535</ns3:Speed>
                <ns3:RunCadence>84</ns3:RunCadence>
              </ns3:TPX>
            </Extensions>
          </Trackpoint>
          <Trackpoint>
            <Time>2022-10-17T19:10:33.000Z</Time>
            <Position>
              <LatitudeDegrees>-33.39466715231538</LatitudeDegrees>
              <LongitudeDegrees>-70.53983842022717</LongitudeDegrees>
            </Position>
            <AltitudeMeters>754.7999877929688</AltitudeMeters>
            <DistanceMeters>11378.669921875</DistanceMeters>
            <HeartRateBpm>
              <Value>133</Value>
            </HeartRateBpm>
            <Extensions>
              <ns3:TPX>
                <ns3:Speed>3.0420000553131104</ns3:Speed>
                <ns3:RunCadence>82</ns3:RunCadence>
              </ns3:TPX>
            </Extensions>
          </Trackpoint>
          <Trackpoint>
            <Time>2022-10-17T19:10:40.000Z</Time>
            <Position>
              <LatitudeDegrees>-33.39448945596814</LatitudeDegrees>
              <LongitudeDegrees>-70.5397663358599</LongitudeDegrees>
            </Position>
            <AltitudeMeters>755.4000244140625</AltitudeMeters>
            <DistanceMeters>11399.01953125</DistanceMeters>
            <HeartRateBpm>
              <Value>132</Value>
            </HeartRateBpm>
            <Extensions>
              <ns3:TPX>
                <ns3:Speed>3.0420000553131104</ns3:Speed>
                <ns3:RunCadence>85</ns3:RunCadence>
              </ns3:TPX>
            </Extensions>
          </Trackpoint>
          <Trackpoint>
            <Time>2022-10-17T19:10:48.000Z</Time>
            <Position>
              <LatitudeDegrees>-33.39430036023259</LatitudeDegrees>
              <LongitudeDegrees>-70.53967949934304</LongitudeDegrees>
            </Position>
            <AltitudeMeters>756.0</AltitudeMeters>
            <DistanceMeters>11421.5302734375</DistanceMeters>
            <HeartRateBpm>
              <Value>132</Value>
            </HeartRateBpm>
            <Extensions>
              <ns3:TPX>
                <ns3:Speed>3.0320000648498535</ns3:Speed>
                <ns3:RunCadence>84</ns3:RunCadence>
              </ns3:TPX>
            </Extensions>
          </Trackpoint>
          <Trackpoint>
            <Time>2022-10-17T19:10:53.000Z</Time>
            <Position>
              <LatitudeDegrees>-33.39417471550405</LatitudeDegrees>
              <LongitudeDegrees>-70.53962375968695</LongitudeDegrees>
            </Position>
            <AltitudeMeters>756.2000122070312</AltitudeMeters>
            <DistanceMeters>11436.419921875</DistanceMeters>
            <HeartRateBpm>
              <Value>129</Value>
            </HeartRateBpm>
            <Extensions>
              <ns3:TPX>
                <ns3:Speed>3.0139999389648438</ns3:Speed>
                <ns3:RunCadence>83</ns3:RunCadence>
              </ns3:TPX>
            </Extensions>
          </Trackpoint>
          <Trackpoint>
            <Time>2022-10-17T19:11:00.000Z</Time>
            <Position>
              <LatitudeDegrees>-33.39399341493845</LatitudeDegrees>
              <LongitudeDegrees>-70.53953650407493</LongitudeDegrees>
            </Position>
            <AltitudeMeters>756.7999877929688</AltitudeMeters>
            <DistanceMeters>11458.1103515625</DistanceMeters>
            <HeartRateBpm>
              <Value>129</Value>
            </HeartRateBpm>
            <Extensions>
              <ns3:TPX>
                <ns3:Speed>3.003999948501587</ns3:Speed>
                <ns3:RunCadence>83</ns3:RunCadence>
              </ns3:TPX>
            </Extensions>
          </Trackpoint>
          <Trackpoint>
            <Time>2022-10-17T19:11:07.000Z</Time>
            <Position>
              <LatitudeDegrees>-33.39382234029472</LatitudeDegrees>
              <LongitudeDegrees>-70.53943013772368</LongitudeDegrees>
            </Position>
            <AltitudeMeters>757.2000122070312</AltitudeMeters>
            <DistanceMeters>11479.7197265625</DistanceMeters>
            <HeartRateBpm>
              <Value>131</Value>
            </HeartRateBpm>
            <Extensions>
              <ns3:TPX>
                <ns3:Speed>2.994999885559082</ns3:Speed>
                <ns3:RunCadence>85</ns3:RunCadence>
              </ns3:TPX>
            </Extensions>
          </Trackpoint>
          <Trackpoint>
            <Time>2022-10-17T19:11:14.000Z</Time>
            <Position>
              <LatitudeDegrees>-33.39366719126701</LatitudeDegrees>
              <LongitudeDegrees>-70.53931036032736</LongitudeDegrees>
            </Position>
            <AltitudeMeters>757.5999755859375</AltitudeMeters>
            <DistanceMeters>11500.3701171875</DistanceMeters>
            <HeartRateBpm>
              <Value>130</Value>
            </HeartRateBpm>
            <Extensions>
              <ns3:TPX>
                <ns3:Speed>2.994999885559082</ns3:Speed>
                <ns3:RunCadence>83</ns3:RunCadence>
              </ns3:TPX>
            </Extensions>
          </Trackpoint>
          <Trackpoint>
            <Time>2022-10-17T19:11:21.000Z</Time>
            <Position>
              <LatitudeDegrees>-33.3934797719121</LatitudeDegrees>
              <LongitudeDegrees>-70.53920114412904</LongitudeDegrees>
            </Position>
            <AltitudeMeters>758.2000122070312</AltitudeMeters>
            <DistanceMeters>11523.5595703125</DistanceMeters>
            <HeartRateBpm>
              <Value>132</Value>
            </HeartRateBpm>
            <Extensions>
              <ns3:TPX>
                <ns3:Speed>2.994999885559082</ns3:Speed>
                <ns3:RunCadence>86</ns3:RunCadence>
              </ns3:TPX>
            </Extensions>
          </Trackpoint>
          <Trackpoint>
            <Time>2022-10-17T19:11:28.000Z</Time>
            <Position>
              <LatitudeDegrees>-33.39330936782062</LatitudeDegrees>
              <LongitudeDegrees>-70.53908463567495</LongitudeDegrees>
            </Position>
            <AltitudeMeters>758.2000122070312</AltitudeMeters>
            <DistanceMeters>11545.3603515625</DistanceMeters>
            <HeartRateBpm>
              <Value>132</Value>
            </HeartRateBpm>
            <Extensions>
              <ns3:TPX>
                <ns3:Speed>3.0139999389648438</ns3:Speed>
                <ns3:RunCadence>85</ns3:RunCadence>
              </ns3:TPX>
            </Extensions>
          </Trackpoint>
          <Trackpoint>
            <Time>2022-10-17T19:11:35.000Z</Time>
            <Position>
              <LatitudeDegrees>-33.39313351549208</LatitudeDegrees>
              <LongitudeDegrees>-70.53898137062788</LongitudeDegrees>
            </Position>
            <AltitudeMeters>758.2000122070312</AltitudeMeters>
            <DistanceMeters>11567.1298828125</DistanceMeters>
            <HeartRateBpm>
              <Value>130</Value>
            </HeartRateBpm>
            <Extensions>
              <ns3:TPX>
                <ns3:Speed>3.0139999389648438</ns3:Speed>
                <ns3:RunCadence>84</ns3:RunCadence>
              </ns3:TPX>
            </Extensions>
          </Trackpoint>
          <Trackpoint>
            <Time>2022-10-17T19:11:42.000Z</Time>
            <Position>
              <LatitudeDegrees>-33.392969062551856</LatitudeDegrees>
              <LongitudeDegrees>-70.53886838257313</LongitudeDegrees>
            </Position>
            <AltitudeMeters>758.4000244140625</AltitudeMeters>
            <DistanceMeters>11587.66015625</DistanceMeters>
            <HeartRateBpm>
              <Value>129</Value>
            </HeartRateBpm>
            <Extensions>
              <ns3:TPX>
                <ns3:Speed>3.0139999389648438</ns3:Speed>
                <ns3:RunCadence>83</ns3:RunCadence>
              </ns3:TPX>
            </Extensions>
          </Trackpoint>
          <Trackpoint>
            <Time>2022-10-17T19:11:49.000Z</Time>
            <Position>
              <LatitudeDegrees>-33.39280419051647</LatitudeDegrees>
              <LongitudeDegrees>-70.53875145502388</LongitudeDegrees>
            </Position>
            <AltitudeMeters>758.2000122070312</AltitudeMeters>
            <DistanceMeters>11608.990234375</DistanceMeters>
            <HeartRateBpm>
              <Value>130</Value>
            </HeartRateBpm>
            <Extensions>
              <ns3:TPX>
                <ns3:Speed>3.0230000019073486</ns3:Speed>
                <ns3:RunCadence>87</ns3:RunCadence>
              </ns3:TPX>
            </Extensions>
          </Trackpoint>
          <Trackpoint>
            <Time>2022-10-17T19:11:56.000Z</Time>
            <Position>
              <LatitudeDegrees>-33.392628422006965</LatitudeDegrees>
              <LongitudeDegrees>-70.5386346951127</LongitudeDegrees>
            </Position>
            <AltitudeMeters>758.2000122070312</AltitudeMeters>
            <DistanceMeters>11631.3095703125</DistanceMeters>
            <HeartRateBpm>
              <Value>130</Value>
            </HeartRateBpm>
            <Extensions>
              <ns3:TPX>
                <ns3:Speed>3.0230000019073486</ns3:Speed>
                <ns3:RunCadence>86</ns3:RunCadence>
              </ns3:TPX>
            </Extensions>
          </Trackpoint>
          <Trackpoint>
            <Time>2022-10-17T19:12:03.000Z</Time>
            <Position>
              <LatitudeDegrees>-33.392463298514485</LatitudeDegrees>
              <LongitudeDegrees>-70.53850620053709</LongitudeDegrees>
            </Position>
            <AltitudeMeters>758.2000122070312</AltitudeMeters>
            <DistanceMeters>11653.16015625</DistanceMeters>
            <HeartRateBpm>
              <Value>130</Value>
            </HeartRateBpm>
            <Extensions>
              <ns3:TPX>
                <ns3:Speed>3.0320000648498535</ns3:Speed>
                <ns3:RunCadence>87</ns3:RunCadence>
              </ns3:TPX>
            </Extensions>
          </Trackpoint>
          <Trackpoint>
            <Time>2022-10-17T19:12:10.000Z</Time>
            <Position>
              <LatitudeDegrees>-33.392308903858066</LatitudeDegrees>
              <LongitudeDegrees>-70.53838566876948</LongitudeDegrees>
            </Position>
            <AltitudeMeters>758.2000122070312</AltitudeMeters>
            <DistanceMeters>11673.6103515625</DistanceMeters>
            <HeartRateBpm>
              <Value>128</Value>
            </HeartRateBpm>
            <Extensions>
              <ns3:TPX>
                <ns3:Speed>3.0320000648498535</ns3:Speed>
                <ns3:RunCadence>83</ns3:RunCadence>
              </ns3:TPX>
            </Extensions>
          </Trackpoint>
          <Trackpoint>
            <Time>2022-10-17T19:12:17.000Z</Time>
            <Position>
              <LatitudeDegrees>-33.39214160107076</LatitudeDegrees>
              <LongitudeDegrees>-70.53825826384127</LongitudeDegrees>
            </Position>
            <AltitudeMeters>758.0</AltitudeMeters>
            <DistanceMeters>11695.650390625</DistanceMeters>
            <HeartRateBpm>
              <Value>129</Value>
            </HeartRateBpm>
            <Extensions>
              <ns3:TPX>
                <ns3:Speed>3.0230000019073486</ns3:Speed>
                <ns3:RunCadence>84</ns3:RunCadence>
              </ns3:TPX>
            </Extensions>
          </Trackpoint>
          <Trackpoint>
            <Time>2022-10-17T19:12:24.000Z</Time>
            <Position>
              <LatitudeDegrees>-33.391971699893475</LatitudeDegrees>
              <LongitudeDegrees>-70.53814921528101</LongitudeDegrees>
            </Position>
            <AltitudeMeters>758.0</AltitudeMeters>
            <DistanceMeters>11717.0498046875</DistanceMeters>
            <HeartRateBpm>
              <Value>130</Value>
            </HeartRateBpm>
            <Extensions>
              <ns3:TPX>
                <ns3:Speed>3.0230000019073486</ns3:Speed>
                <ns3:RunCadence>85</ns3:RunCadence>
              </ns3:TPX>
            </Extensions>
          </Trackpoint>
          <Trackpoint>
            <Time>2022-10-17T19:12:31.000Z</Time>
            <Position>
              <LatitudeDegrees>-33.391808001324534</LatitudeDegrees>
              <LongitudeDegrees>-70.53803857415915</LongitudeDegrees>
            </Position>
            <AltitudeMeters>758.0</AltitudeMeters>
            <DistanceMeters>11737.5498046875</DistanceMeters>
            <HeartRateBpm>
              <Value>129</Value>
            </HeartRateBpm>
            <Extensions>
              <ns3:TPX>
                <ns3:Speed>3.0230000019073486</ns3:Speed>
                <ns3:RunCadence>85</ns3:RunCadence>
              </ns3:TPX>
            </Extensions>
          </Trackpoint>
          <Trackpoint>
            <Time>2022-10-17T19:12:38.000Z</Time>
            <Position>
              <LatitudeDegrees>-33.39164162054658</LatitudeDegrees>
              <LongitudeDegrees>-70.53793254308403</LongitudeDegrees>
            </Position>
            <AltitudeMeters>758.4000244140625</AltitudeMeters>
            <DistanceMeters>11758.490234375</DistanceMeters>
            <HeartRateBpm>
              <Value>131</Value>
            </HeartRateBpm>
            <Extensions>
              <ns3:TPX>
                <ns3:Speed>3.0139999389648438</ns3:Speed>
                <ns3:RunCadence>86</ns3:RunCadence>
              </ns3:TPX>
            </Extensions>
          </Trackpoint>
          <Trackpoint>
            <Time>2022-10-17T19:12:45.000Z</Time>
            <Position>
              <LatitudeDegrees>-33.39147901162505</LatitudeDegrees>
              <LongitudeDegrees>-70.53780991584063</LongitudeDegrees>
            </Position>
            <AltitudeMeters>759.0</AltitudeMeters>
            <DistanceMeters>11779.8203125</DistanceMeters>
            <HeartRateBpm>
              <Value>132</Value>
            </HeartRateBpm>
            <Extensions>
              <ns3:TPX>
                <ns3:Speed>3.0139999389648438</ns3:Speed>
                <ns3:RunCadence>85</ns3:RunCadence>
              </ns3:TPX>
            </Extensions>
          </Trackpoint>
          <Trackpoint>
            <Time>2022-10-17T19:12:53.000Z</Time>
            <Position>
              <LatitudeDegrees>-33.39130198583007</LatitudeDegrees>
              <LongitudeDegrees>-70.53767790086567</LongitudeDegrees>
            </Position>
            <AltitudeMeters>759.5999755859375</AltitudeMeters>
            <DistanceMeters>11802.9404296875</DistanceMeters>
            <HeartRateBpm>
              <Value>134</Value>
            </HeartRateBpm>
            <Extensions>
              <ns3:TPX>
                <ns3:Speed>3.003999948501587</ns3:Speed>
                <ns3:RunCadence>83</ns3:RunCadence>
              </ns3:TPX>
            </Extensions>
          </Trackpoint>
          <Trackpoint>
            <Time>2022-10-17T19:13:00.000Z</Time>
            <Position>
              <LatitudeDegrees>-33.391146920621395</LatitudeDegrees>
              <LongitudeDegrees>-70.53755862638354</LongitudeDegrees>
            </Position>
            <AltitudeMeters>760.2000122070312</AltitudeMeters>
            <DistanceMeters>11823.400390625</DistanceMeters>
            <HeartRateBpm>
              <Value>134</Value>
            </HeartRateBpm>
            <Extensions>
              <ns3:TPX>
                <ns3:Speed>2.9860000610351562</ns3:Speed>
                <ns3:RunCadence>85</ns3:RunCadence>
              </ns3:TPX>
            </Extensions>
          </Trackpoint>
          <Trackpoint>
            <Time>2022-10-17T19:13:07.000Z</Time>
            <Position>
              <LatitudeDegrees>-33.39097961783409</LatitudeDegrees>
              <LongitudeDegrees>-70.5374416988343</LongitudeDegrees>
            </Position>
            <AltitudeMeters>760.7999877929688</AltitudeMeters>
            <DistanceMeters>11844.91015625</DistanceMeters>
            <HeartRateBpm>
              <Value>134</Value>
            </HeartRateBpm>
            <Extensions>
              <ns3:TPX>
                <ns3:Speed>2.9760000705718994</ns3:Speed>
                <ns3:RunCadence>84</ns3:RunCadence>
              </ns3:TPX>
            </Extensions>
          </Trackpoint>
          <Trackpoint>
            <Time>2022-10-17T19:13:14.000Z</Time>
            <Position>
              <LatitudeDegrees>-33.3908134046942</LatitudeDegrees>
              <LongitudeDegrees>-70.5373241007328</LongitudeDegrees>
            </Position>
            <AltitudeMeters>761.2000122070312</AltitudeMeters>
            <DistanceMeters>11866.3603515625</DistanceMeters>
            <HeartRateBpm>
              <Value>133</Value>
            </HeartRateBpm>
            <Extensions>
              <ns3:TPX>
                <ns3:Speed>2.9760000705718994</ns3:Speed>
                <ns3:RunCadence>85</ns3:RunCadence>
              </ns3:TPX>
            </Extensions>
          </Trackpoint>
          <Trackpoint>
            <Time>2022-10-17T19:13:17.000Z</Time>
            <Position>
              <LatitudeDegrees>-33.39073863811791</LatitudeDegrees>
              <LongitudeDegrees>-70.53730675019324</LongitudeDegrees>
            </Position>
            <AltitudeMeters>761.4000244140625</AltitudeMeters>
            <DistanceMeters>11874.7802734375</DistanceMeters>
            <HeartRateBpm>
              <Value>132</Value>
            </HeartRateBpm>
            <Extensions>
              <ns3:TPX>
                <ns3:Speed>2.9760000705718994</ns3:Speed>
                <ns3:RunCadence>85</ns3:RunCadence>
              </ns3:TPX>
            </Extensions>
          </Trackpoint>
          <Trackpoint>
            <Time>2022-10-17T19:13:21.000Z</Time>
            <Position>
              <LatitudeDegrees>-33.390671499073505</LatitudeDegrees>
              <LongitudeDegrees>-70.53719334304333</LongitudeDegrees>
            </Position>
            <AltitudeMeters>762.0</AltitudeMeters>
            <DistanceMeters>11886.1103515625</DistanceMeters>
            <HeartRateBpm>
              <Value>131</Value>
            </HeartRateBpm>
            <Extensions>
              <ns3:TPX>
                <ns3:Speed>2.8269999027252197</ns3:Speed>
                <ns3:RunCadence>83</ns3:RunCadence>
              </ns3:TPX>
            </Extensions>
          </Trackpoint>
          <Trackpoint>
            <Time>2022-10-17T19:13:28.000Z</Time>
            <Position>
              <LatitudeDegrees>-33.390539987012744</LatitudeDegrees>
              <LongitudeDegrees>-70.53702059201896</LongitudeDegrees>
            </Position>
            <AltitudeMeters>762.2000122070312</AltitudeMeters>
            <DistanceMeters>11907.8798828125</DistanceMeters>
            <HeartRateBpm>
              <Value>133</Value>
            </HeartRateBpm>
            <Extensions>
              <ns3:TPX>
                <ns3:Speed>2.9760000705718994</ns3:Speed>
                <ns3:RunCadence>83</ns3:RunCadence>
              </ns3:TPX>
            </Extensions>
          </Trackpoint>
          <Trackpoint>
            <Time>2022-10-17T19:13:35.000Z</Time>
            <Position>
              <LatitudeDegrees>-33.39041727595031</LatitudeDegrees>
              <LongitudeDegrees>-70.53685722872615</LongitudeDegrees>
            </Position>
            <AltitudeMeters>762.4000244140625</AltitudeMeters>
            <DistanceMeters>11928.2802734375</DistanceMeters>
            <HeartRateBpm>
              <Value>134</Value>
            </HeartRateBpm>
            <Extensions>
              <ns3:TPX>
                <ns3:Speed>2.9760000705718994</ns3:Speed>
                <ns3:RunCadence>81</ns3:RunCadence>
              </ns3:TPX>
            </Extensions>
          </Trackpoint>
          <Trackpoint>
            <Time>2022-10-17T19:13:42.000Z</Time>
            <Position>
              <LatitudeDegrees>-33.39023748412728</LatitudeDegrees>
              <LongitudeDegrees>-70.53679562173784</LongitudeDegrees>
            </Position>
            <AltitudeMeters>762.4000244140625</AltitudeMeters>
            <DistanceMeters>11949.0595703125</DistanceMeters>
            <HeartRateBpm>
              <Value>134</Value>
            </HeartRateBpm>
            <Extensions>
              <ns3:TPX>
                <ns3:Speed>2.9760000705718994</ns3:Speed>
                <ns3:RunCadence>82</ns3:RunCadence>
              </ns3:TPX>
            </Extensions>
          </Trackpoint>
          <Trackpoint>
            <Time>2022-10-17T19:13:53.000Z</Time>
            <Position>
              <LatitudeDegrees>-33.39006423018873</LatitudeDegrees>
              <LongitudeDegrees>-70.53676125593483</LongitudeDegrees>
            </Position>
            <AltitudeMeters>762.5999755859375</AltitudeMeters>
            <DistanceMeters>11968.4697265625</DistanceMeters>
            <HeartRateBpm>
              <Value>131</Value>
            </HeartRateBpm>
            <Extensions>
              <ns3:TPX>
                <ns3:Speed>1.1660000085830688</ns3:Speed>
                <ns3:RunCadence>76</ns3:RunCadence>
              </ns3:TPX>
            </Extensions>
          </Trackpoint>
          <Trackpoint>
            <Time>2022-10-17T19:13:56.000Z</Time>
            <Position>
              <LatitudeDegrees>-33.39004042558372</LatitudeDegrees>
              <LongitudeDegrees>-70.53675119765103</LongitudeDegrees>
            </Position>
            <AltitudeMeters>762.7999877929688</AltitudeMeters>
            <DistanceMeters>11971.1103515625</DistanceMeters>
            <HeartRateBpm>
              <Value>129</Value>
            </HeartRateBpm>
            <Extensions>
              <ns3:TPX>
                <ns3:Speed>1.0820000171661377</ns3:Speed>
                <ns3:RunCadence>76</ns3:RunCadence>
              </ns3:TPX>
            </Extensions>
          </Trackpoint>
          <Trackpoint>
            <Time>2022-10-17T19:14:00.000Z</Time>
            <Position>
              <LatitudeDegrees>-33.39002374559641</LatitudeDegrees>
              <LongitudeDegrees>-70.53678279742599</LongitudeDegrees>
            </Position>
            <AltitudeMeters>762.7999877929688</AltitudeMeters>
            <DistanceMeters>11974.6796875</DistanceMeters>
            <HeartRateBpm>
              <Value>125</Value>
            </HeartRateBpm>
            <Extensions>
              <ns3:TPX>
                <ns3:Speed>0.9330000281333923</ns3:Speed>
                <ns3:RunCadence>53</ns3:RunCadence>
              </ns3:TPX>
            </Extensions>
          </Trackpoint>
          <Trackpoint>
            <Time>2022-10-17T19:14:01.000Z</Time>
            <Position>
              <LatitudeDegrees>-33.39001846499741</LatitudeDegrees>
              <LongitudeDegrees>-70.53679528646171</LongitudeDegrees>
            </Position>
            <AltitudeMeters>762.7999877929688</AltitudeMeters>
            <DistanceMeters>11976.41015625</DistanceMeters>
            <HeartRateBpm>
              <Value>124</Value>
            </HeartRateBpm>
            <Extensions>
              <ns3:TPX>
                <ns3:Speed>1.7359999418258667</ns3:Speed>
                <ns3:RunCadence>53</ns3:RunCadence>
              </ns3:TPX>
            </Extensions>
          </Trackpoint>
          <Trackpoint>
            <Time>2022-10-17T19:14:06.000Z</Time>
            <Position>
              <LatitudeDegrees>-33.390001533553004</LatitudeDegrees>
              <LongitudeDegrees>-70.53685136139393</LongitudeDegrees>
            </Position>
            <AltitudeMeters>762.7999877929688</AltitudeMeters>
            <DistanceMeters>11982.3603515625</DistanceMeters>
            <HeartRateBpm>
              <Value>119</Value>
            </HeartRateBpm>
            <Extensions>
              <ns3:TPX>
                <ns3:Speed>0.9330000281333923</ns3:Speed>
                <ns3:RunCadence>53</ns3:RunCadence>
              </ns3:TPX>
            </Extensions>
          </Trackpoint>
          <Trackpoint>
            <Time>2022-10-17T19:14:09.000Z</Time>
            <Position>
              <LatitudeDegrees>-33.38998753577471</LatitudeDegrees>
              <LongitudeDegrees>-70.53688413463533</LongitudeDegrees>
            </Position>
            <AltitudeMeters>762.7999877929688</AltitudeMeters>
            <DistanceMeters>11985.75</DistanceMeters>
            <HeartRateBpm>
              <Value>116</Value>
            </HeartRateBpm>
            <Extensions>
              <ns3:TPX>
                <ns3:Speed>0.9330000281333923</ns3:Speed>
                <ns3:RunCadence>53</ns3:RunCadence>
              </ns3:TPX>
            </Extensions>
          </Trackpoint>
          <Trackpoint>
            <Time>2022-10-17T19:14:14.000Z</Time>
            <Position>
              <LatitudeDegrees>-33.38996230624616</LatitudeDegrees>
              <LongitudeDegrees>-70.53694448433816</LongitudeDegrees>
            </Position>
            <AltitudeMeters>762.7999877929688</AltitudeMeters>
            <DistanceMeters>11992.01953125</DistanceMeters>
            <HeartRateBpm>
              <Value>112</Value>
            </HeartRateBpm>
            <Extensions>
              <ns3:TPX>
                <ns3:Speed>0.9610000252723694</ns3:Speed>
                <ns3:RunCadence>53</ns3:RunCadence>
              </ns3:TPX>
            </Extensions>
          </Trackpoint>
          <Trackpoint>
            <Time>2022-10-17T19:14:19.000Z</Time>
            <Position>
              <LatitudeDegrees>-33.38993296958506</LatitudeDegrees>
              <LongitudeDegrees>-70.53701757453382</LongitudeDegrees>
            </Position>
            <AltitudeMeters>762.5999755859375</AltitudeMeters>
            <DistanceMeters>11999.7001953125</DistanceMeters>
            <HeartRateBpm>
              <Value>112</Value>
            </HeartRateBpm>
            <Extensions>
              <ns3:TPX>
                <ns3:Speed>1.0169999599456787</ns3:Speed>
                <ns3:RunCadence>53</ns3:RunCadence>
              </ns3:TPX>
            </Extensions>
          </Trackpoint>
          <Trackpoint>
            <Time>2022-10-17T19:14:20.000Z</Time>
            <Position>
              <LatitudeDegrees>-33.3899224922061</LatitudeDegrees>
              <LongitudeDegrees>-70.53702964447439</LongitudeDegrees>
            </Position>
            <AltitudeMeters>762.5999755859375</AltitudeMeters>
            <DistanceMeters>12001.2998046875</DistanceMeters>
            <HeartRateBpm>
              <Value>106</Value>
            </HeartRateBpm>
            <Extensions>
              <ns3:TPX>
                <ns3:Speed>1.0260000228881836</ns3:Speed>
                <ns3:RunCadence>53</ns3:RunCadence>
              </ns3:TPX>
            </Extensions>
          </Trackpoint>
          <Trackpoint>
            <Time>2022-10-17T19:14:23.000Z</Time>
            <Position>
              <LatitudeDegrees>-33.38990220800042</LatitudeDegrees>
              <LongitudeDegrees>-70.53706342354417</LongitudeDegrees>
            </Position>
            <AltitudeMeters>762.5999755859375</AltitudeMeters>
            <DistanceMeters>12005.1201171875</DistanceMeters>
            <HeartRateBpm>
              <Value>103</Value>
            </HeartRateBpm>
            <Extensions>
              <ns3:TPX>
                <ns3:Speed>1.0729999542236328</ns3:Speed>
                <ns3:RunCadence>53</ns3:RunCadence>
              </ns3:TPX>
            </Extensions>
          </Trackpoint>
          <Trackpoint>
            <Time>2022-10-17T19:14:27.000Z</Time>
            <Position>
              <LatitudeDegrees>-33.38988058269024</LatitudeDegrees>
              <LongitudeDegrees>-70.53710902109742</LongitudeDegrees>
            </Position>
            <AltitudeMeters>762.4000244140625</AltitudeMeters>
            <DistanceMeters>12009.919921875</DistanceMeters>
            <HeartRateBpm>
              <Value>101</Value>
            </HeartRateBpm>
            <Extensions>
              <ns3:TPX>
                <ns3:Speed>1.1380000114440918</ns3:Speed>
                <ns3:RunCadence>53</ns3:RunCadence>
              </ns3:TPX>
            </Extensions>
          </Trackpoint>
          <Trackpoint>
            <Time>2022-10-17T19:14:31.000Z</Time>
            <Position>
              <LatitudeDegrees>-33.389868177473545</LatitudeDegrees>
              <LongitudeDegrees>-70.53715319372714</LongitudeDegrees>
            </Position>
            <AltitudeMeters>762.4000244140625</AltitudeMeters>
            <DistanceMeters>12014.1796875</DistanceMeters>
            <HeartRateBpm>
              <Value>98</Value>
            </HeartRateBpm>
            <Extensions>
              <ns3:TPX>
                <ns3:Speed>1.1759999990463257</ns3:Speed>
                <ns3:RunCadence>53</ns3:RunCadence>
              </ns3:TPX>
            </Extensions>
          </Trackpoint>
          <Trackpoint>
            <Time>2022-10-17T19:14:32.000Z</Time>
            <Position>
              <LatitudeDegrees>-33.38986071757972</LatitudeDegrees>
              <LongitudeDegrees>-70.53716543130577</LongitudeDegrees>
            </Position>
            <AltitudeMeters>762.4000244140625</AltitudeMeters>
            <DistanceMeters>12015.5703125</DistanceMeters>
            <HeartRateBpm>
              <Value>94</Value>
            </HeartRateBpm>
            <Extensions>
              <ns3:TPX>
                <ns3:Speed>1.1759999990463257</ns3:Speed>
                <ns3:RunCadence>0</ns3:RunCadence>
              </ns3:TPX>
            </Extensions>
          </Trackpoint>
          <Trackpoint>
            <Time>2022-10-17T19:14:46.000Z</Time>
            <Position>
              <LatitudeDegrees>-33.38975736871362</LatitudeDegrees>
              <LongitudeDegrees>-70.53734346292913</LongitudeDegrees>
            </Position>
            <AltitudeMeters>761.7999877929688</AltitudeMeters>
            <DistanceMeters>12035.66015625</DistanceMeters>
            <HeartRateBpm>
              <Value>95</Value>
            </HeartRateBpm>
            <Extensions>
              <ns3:TPX>
                <ns3:Speed>1.2319999933242798</ns3:Speed>
                <ns3:RunCadence>0</ns3:RunCadence>
              </ns3:TPX>
            </Extensions>
          </Trackpoint>
          <Trackpoint>
            <Time>2022-10-17T19:14:56.000Z</Time>
            <Position>
              <LatitudeDegrees>-33.3896804228425</LatitudeDegrees>
              <LongitudeDegrees>-70.53747480735183</LongitudeDegrees>
            </Position>
            <AltitudeMeters>761.4000244140625</AltitudeMeters>
            <DistanceMeters>12050.099609375</DistanceMeters>
            <HeartRateBpm>
              <Value>95</Value>
            </HeartRateBpm>
            <Extensions>
              <ns3:TPX>
                <ns3:Speed>1.2879999876022339</ns3:Speed>
                <ns3:RunCadence>62</ns3:RunCadence>
              </ns3:TPX>
            </Extensions>
          </Trackpoint>
          <Trackpoint>
            <Time>2022-10-17T19:15:05.000Z</Time>
            <Position>
              <LatitudeDegrees>-33.389642452821136</LatitudeDegrees>
              <LongitudeDegrees>-70.53759743459523</LongitudeDegrees>
            </Position>
            <AltitudeMeters>761.0</AltitudeMeters>
            <DistanceMeters>12062.259765625</DistanceMeters>
            <HeartRateBpm>
              <Value>94</Value>
            </HeartRateBpm>
            <Extensions>
              <ns3:TPX>
                <ns3:Speed>1.38100004196167</ns3:Speed>
                <ns3:RunCadence>62</ns3:RunCadence>
              </ns3:TPX>
            </Extensions>
          </Trackpoint>
          <Trackpoint>
            <Time>2022-10-17T19:15:09.000Z</Time>
            <Position>
              <LatitudeDegrees>-33.38962744921446</LatitudeDegrees>
              <LongitudeDegrees>-70.53765024058521</LongitudeDegrees>
            </Position>
            <AltitudeMeters>760.7999877929688</AltitudeMeters>
            <DistanceMeters>12067.4404296875</DistanceMeters>
            <HeartRateBpm>
              <Value>97</Value>
            </HeartRateBpm>
            <Extensions>
              <ns3:TPX>
                <ns3:Speed>1.3899999856948853</ns3:Speed>
                <ns3:RunCadence>62</ns3:RunCadence>
              </ns3:TPX>
            </Extensions>
          </Trackpoint>
          <Trackpoint>
            <Time>2022-10-17T19:15:10.000Z</Time>
            <Position>
              <LatitudeDegrees>-33.38962493464351</LatitudeDegrees>
              <LongitudeDegrees>-70.53766222670674</LongitudeDegrees>
            </Position>
            <AltitudeMeters>760.5999755859375</AltitudeMeters>
            <DistanceMeters>12068.580078125</DistanceMeters>
            <HeartRateBpm>
              <Value>97</Value>
            </HeartRateBpm>
            <Extensions>
              <ns3:TPX>
                <ns3:Speed>1.3899999856948853</ns3:Speed>
                <ns3:RunCadence>62</ns3:RunCadence>
              </ns3:TPX>
            </Extensions>
          </Trackpoint>
          <Trackpoint>
            <Time>2022-10-17T19:15:14.000Z</Time>
            <Position>
              <LatitudeDegrees>-33.38960540480912</LatitudeDegrees>
              <LongitudeDegrees>-70.5377247557044</LongitudeDegrees>
            </Position>
            <AltitudeMeters>760.4000244140625</AltitudeMeters>
            <DistanceMeters>12074.849609375</DistanceMeters>
            <HeartRateBpm>
              <Value>94</Value>
            </HeartRateBpm>
            <Extensions>
              <ns3:TPX>
                <ns3:Speed>1.38100004196167</ns3:Speed>
                <ns3:RunCadence>62</ns3:RunCadence>
              </ns3:TPX>
            </Extensions>
          </Trackpoint>
          <Trackpoint>
            <Time>2022-10-17T19:15:16.000Z</Time>
            <Position>
              <LatitudeDegrees>-33.389599956572056</LatitudeDegrees>
              <LongitudeDegrees>-70.53774470463395</LongitudeDegrees>
            </Position>
            <AltitudeMeters>760.2000122070312</AltitudeMeters>
            <DistanceMeters>12076.7998046875</DistanceMeters>
            <HeartRateBpm>
              <Value>90</Value>
            </HeartRateBpm>
            <Extensions>
              <ns3:TPX>
                <ns3:Speed>1.371999979019165</ns3:Speed>
                <ns3:RunCadence>54</ns3:RunCadence>
              </ns3:TPX>
            </Extensions>
          </Trackpoint>
          <Trackpoint>
            <Time>2022-10-17T19:15:28.000Z</Time>
            <Position>
              <LatitudeDegrees>-33.38955000042915</LatitudeDegrees>
              <LongitudeDegrees>-70.5378785636276</LongitudeDegrees>
            </Position>
            <AltitudeMeters>759.5999755859375</AltitudeMeters>
            <DistanceMeters>12090.5302734375</DistanceMeters>
            <HeartRateBpm>
              <Value>87</Value>
            </HeartRateBpm>
            <Extensions>
              <ns3:TPX>
                <ns3:Speed>0.0</ns3:Speed>
                <ns3:RunCadence>0</ns3:RunCadence>
              </ns3:TPX>
            </Extensions>
          </Trackpoint>
          <Trackpoint>
            <Time>2022-10-17T19:15:33.000Z</Time>
            <Position>
              <LatitudeDegrees>-33.389509012922645</LatitudeDegrees>
              <LongitudeDegrees>-70.53794704377651</LongitudeDegrees>
            </Position>
            <AltitudeMeters>759.2000122070312</AltitudeMeters>
            <DistanceMeters>12097.7998046875</DistanceMeters>
            <HeartRateBpm>
              <Value>83</Value>
            </HeartRateBpm>
            <Extensions>
              <ns3:TPX>
                <ns3:Speed>1.6050000190734863</ns3:Speed>
                <ns3:RunCadence>52</ns3:RunCadence>
              </ns3:TPX>
            </Extensions>
          </Trackpoint>
          <Trackpoint>
            <Time>2022-10-17T19:15:42.000Z</Time>
            <Position>
              <LatitudeDegrees>-33.389444053173065</LatitudeDegrees>
              <LongitudeDegrees>-70.53807511925697</LongitudeDegrees>
            </Position>
            <AltitudeMeters>759.0</AltitudeMeters>
            <DistanceMeters>12111.419921875</DistanceMeters>
            <HeartRateBpm>
              <Value>86</Value>
            </HeartRateBpm>
            <Extensions>
              <ns3:TPX>
                <ns3:Speed>1.409000039100647</ns3:Speed>
                <ns3:RunCadence>51</ns3:RunCadence>
              </ns3:TPX>
            </Extensions>
          </Trackpoint>
          <Trackpoint>
            <Time>2022-10-17T19:15:46.000Z</Time>
            <Position>
              <LatitudeDegrees>-33.38942267931998</LatitudeDegrees>
              <LongitudeDegrees>-70.53811728022993</LongitudeDegrees>
            </Position>
            <AltitudeMeters>758.7999877929688</AltitudeMeters>
            <DistanceMeters>12116.66015625</DistanceMeters>
            <HeartRateBpm>
              <Value>89</Value>
            </HeartRateBpm>
            <Extensions>
              <ns3:TPX>
                <ns3:Speed>1.2690000534057617</ns3:Speed>
                <ns3:RunCadence>51</ns3:RunCadence>
              </ns3:TPX>
            </Extensions>
          </Trackpoint>
          <Trackpoint>
            <Time>2022-10-17T19:15:50.000Z</Time>
            <Position>
              <LatitudeDegrees>-33.389401054009795</LatitudeDegrees>
              <LongitudeDegrees>-70.53815374150872</LongitudeDegrees>
            </Position>
            <AltitudeMeters>758.7999877929688</AltitudeMeters>
            <DistanceMeters>12120.740234375</DistanceMeters>
            <HeartRateBpm>
              <Value>86</Value>
            </HeartRateBpm>
            <Extensions>
              <ns3:TPX>
                <ns3:Speed>1.4179999828338623</ns3:Speed>
                <ns3:RunCadence>51</ns3:RunCadence>
              </ns3:TPX>
            </Extensions>
          </Trackpoint>
          <Trackpoint>
            <Time>2022-10-17T19:15:58.000Z</Time>
            <Position>
              <LatitudeDegrees>-33.389373142272234</LatitudeDegrees>
              <LongitudeDegrees>-70.53826597519219</LongitudeDegrees>
            </Position>
            <AltitudeMeters>759.0</AltitudeMeters>
            <DistanceMeters>12131.4296875</DistanceMeters>
            <HeartRateBpm>
              <Value>83</Value>
            </HeartRateBpm>
            <Extensions>
              <ns3:TPX>
                <ns3:Speed>1.3619999885559082</ns3:Speed>
                <ns3:RunCadence>0</ns3:RunCadence>
              </ns3:TPX>
            </Extensions>
          </Trackpoint>
          <Trackpoint>
            <Time>2022-10-17T19:16:05.000Z</Time>
            <Position>
              <LatitudeDegrees>-33.38933290913701</LatitudeDegrees>
              <LongitudeDegrees>-70.53833344951272</LongitudeDegrees>
            </Position>
            <AltitudeMeters>759.0</AltitudeMeters>
            <DistanceMeters>12139.2998046875</DistanceMeters>
            <HeartRateBpm>
              <Value>81</Value>
            </HeartRateBpm>
            <Extensions>
              <ns3:TPX>
                <ns3:Speed>1.315999984741211</ns3:Speed>
                <ns3:RunCadence>0</ns3:RunCadence>
              </ns3:TPX>
            </Extensions>
          </Trackpoint>
          <Trackpoint>
            <Time>2022-10-17T19:16:09.000Z</Time>
            <Position>
              <LatitudeDegrees>-33.38928706012666</LatitudeDegrees>
              <LongitudeDegrees>-70.53833571262658</LongitudeDegrees>
            </Position>
            <AltitudeMeters>759.0</AltitudeMeters>
            <DistanceMeters>12144.3701171875</DistanceMeters>
            <HeartRateBpm>
              <Value>80</Value>
            </HeartRateBpm>
            <Extensions>
              <ns3:TPX>
                <ns3:Speed>1.277999997138977</ns3:Speed>
                <ns3:RunCadence>0</ns3:RunCadence>
              </ns3:TPX>
            </Extensions>
          </Trackpoint>
        </Track>
        <Extensions>
          <ns3:LX>
            <ns3:AvgSpeed>2.1549999713897705</ns3:AvgSpeed>
            <ns3:AvgRunCadence>61</ns3:AvgRunCadence>
            <ns3:MaxRunCadence>122</ns3:MaxRunCadence>
          </ns3:LX>
        </Extensions>
      </Lap>
      <Creator xsi:type="Device_t">
        <Name>Forerunner 225</Name>
        <UnitId>3908882742</UnitId>
        <ProductID>2153</ProductID>
        <Version>
          <VersionMajor>2</VersionMajor>
          <VersionMinor>90</VersionMinor>
          <BuildMajor>0</BuildMajor>
          <BuildMinor>0</BuildMinor>
        </Version>
      </Creator>
    </Activity>
  </Activities>
  <Author xsi:type="Application_t">
    <Name>Connect Api</Name>
    <Build>
      <Version>
        <VersionMajor>0</VersionMajor>
        <VersionMinor>0</VersionMinor>
        <BuildMajor>0</BuildMajor>
        <BuildMinor>0</BuildMinor>
      </Version>
    </Build>
    <LangID>en</LangID>
    <PartNumber>006-D2449-00</PartNumber>
  </Author>
</TrainingCenterDatabase>
